
> siteforge-template@1.0.0 build
> astro build && node scripts/copy-sitemap.mjs

[2m22:29:54[22m [34m[content][39m Syncing content
[2m22:29:54[22m [34m[content][39m Synced content
[2m22:29:54[22m [34m[types][39m Generated [2m83ms[22m
[2m22:29:54[22m [34m[build][39m output: [34m"static"[39m
[2m22:29:54[22m [34m[build][39m mode: [34m"static"[39m
[2m22:29:54[22m [34m[build][39m directory: [34mC:\Users\梁会斌\Documents\Codex\conan-db\dist\[39m
[2m22:29:54[22m [34m[build][39m Collecting build info...
[2m22:29:54[22m [34m[build][39m [32m✓ Completed in 108ms.[39m
[2m22:29:58[22m [34m[build][39m Building static entrypoints...
[2m22:30:39[22m [34m[vite][39m [32m✓ built in 40.71s[39m
[2m22:30:39[22m [34m[build][39m [32m✓ Completed in 40.74s.[39m

[42m[30m building client (vite) [39m[49m
[2m22:30:39[22m [34m[vite][39m transforming...
[2m22:30:39[22m [34m[vite][39m [32m✓[39m 1 modules transformed.
[2m22:30:39[22m [34m[vite][39m rendering chunks...
[2m22:30:39[22m [34m[vite][39m [32m✓ built in 11ms[39m

[42m[30m generating static routes [39m[49m
[2m22:30:39[22m [32m▶[39m src/pages/404.astro
[2m22:30:39[22m   [34m└─[39m [2m/404.html[22m [2m(+9ms)[22m 
[2m22:30:39[22m [32m▶[39m src/pages/about.astro
[2m22:30:39[22m   [34m└─[39m [2m/about/index.html[22m [2m(+20ms)[22m 
[2m22:30:39[22m [32m▶[39m src/pages/armor-finder.astro
[2m22:30:39[22m   [34m└─[39m [2m/armor-finder/index.html[22m [2m(+12ms)[22m 
[2m22:30:39[22m [32m▶[39m src/pages/armor/[slug].astro
[2m22:30:39[22m   [34m├─[39m [2m/armor/abyssal-boots/index.html[22m [2m(+14ms)[22m 
[2m22:30:39[22m   [34m├─[39m [2m/armor/abyssal-gloves/index.html[22m [2m(+23ms)[22m 
[2m22:30:39[22m   [34m├─[39m [2m/armor/abyssal-helm/index.html[22m [2m(+22ms)[22m 
[2m22:30:39[22m   [34m├─[39m [2m/armor/abyssal-leggings/index.html[22m [2m(+23ms)[22m 
[2m22:30:39[22m   [34m├─[39m [2m/armor/abyssal-mail/index.html[22m [2m(+22ms)[22m 
[2m22:30:39[22m   [34m├─[39m [2m/armor/acheronian-legate-boots/index.html[22m [2m(+23ms)[22m 
[2m22:30:39[22m   [34m├─[39m [2m/armor/acheronian-legate-boots-epic/index.html[22m [2m(+22ms)[22m 
[2m22:30:39[22m   [34m├─[39m [2m/armor/acheronian-legate-bracers/index.html[22m [2m(+22ms)[22m 
[2m22:30:39[22m   [34m├─[39m [2m/armor/acheronian-legate-bracers-epic/index.html[22m [2m(+23ms)[22m 
[2m22:30:39[22m   [34m├─[39m [2m/armor/acheronian-legate-chest/index.html[22m [2m(+22ms)[22m 
[2m22:30:39[22m   [34m├─[39m [2m/armor/acheronian-legate-chest-epic/index.html[22m [2m(+22ms)[22m 
[2m22:30:39[22m   [34m├─[39m [2m/armor/acheronian-legate-helm/index.html[22m [2m(+22ms)[22m 
[2m22:30:39[22m   [34m├─[39m [2m/armor/acheronian-legate-helm-epic/index.html[22m [2m(+23ms)[22m 
[2m22:30:39[22m   [34m├─[39m [2m/armor/acheronian-legate-primus-boots/index.html[22m [2m(+22ms)[22m 
[2m22:30:39[22m   [34m├─[39m [2m/armor/acheronian-legate-primus-boots-epic/index.html[22m [2m(+23ms)[22m 
[2m22:30:39[22m   [34m├─[39m [2m/armor/acheronian-legate-primus-bracers/index.html[22m [2m(+23ms)[22m 
[2m22:30:39[22m   [34m├─[39m [2m/armor/acheronian-legate-primus-bracers-epic/index.html[22m [2m(+22ms)[22m 
[2m22:30:39[22m   [34m├─[39m [2m/armor/acheronian-legate-primus-chest/index.html[22m [2m(+22ms)[22m 
[2m22:30:39[22m   [34m├─[39m [2m/armor/acheronian-legate-primus-chest-epic/index.html[22m [2m(+22ms)[22m 
[2m22:30:39[22m   [34m├─[39m [2m/armor/acheronian-legate-primus-helm/index.html[22m [2m(+23ms)[22m 
[2m22:30:39[22m   [34m├─[39m [2m/armor/acheronian-legate-primus-helm-epic/index.html[22m [2m(+23ms)[22m 
[2m22:30:39[22m   [34m├─[39m [2m/armor/acheronian-legate-primus-tasset/index.html[22m [2m(+22ms)[22m 
[2m22:30:39[22m   [34m├─[39m [2m/armor/acheronian-legate-primus-tasset-epic/index.html[22m [2m(+22ms)[22m 
[2m22:30:40[22m   [34m├─[39m [2m/armor/acheronian-legate-tasset/index.html[22m [2m(+23ms)[22m 
[2m22:30:40[22m   [34m├─[39m [2m/armor/acheronian-legate-tasset-epic/index.html[22m [2m(+23ms)[22m 
[2m22:30:40[22m   [34m├─[39m [2m/armor/acheronian-seer-bracelets/index.html[22m [2m(+22ms)[22m 
[2m22:30:40[22m   [34m├─[39m [2m/armor/acheronian-seer-bracelets-epic/index.html[22m [2m(+23ms)[22m 
[2m22:30:40[22m   [34m├─[39m [2m/armor/acheronian-seer-chest-wrap/index.html[22m [2m(+23ms)[22m 
[2m22:30:40[22m   [34m├─[39m [2m/armor/acheronian-seer-chest-wrap-epic/index.html[22m [2m(+23ms)[22m 
[2m22:30:40[22m   [34m├─[39m [2m/armor/acheronian-seer-mask/index.html[22m [2m(+23ms)[22m 
[2m22:30:40[22m   [34m├─[39m [2m/armor/acheronian-seer-mask-epic/index.html[22m [2m(+23ms)[22m 
[2m22:30:40[22m   [34m├─[39m [2m/armor/acheronian-seer-sandals/index.html[22m [2m(+23ms)[22m 
[2m22:30:40[22m   [34m├─[39m [2m/armor/acheronian-seer-sandals-epic/index.html[22m [2m(+23ms)[22m 
[2m22:30:40[22m   [34m├─[39m [2m/armor/acheronian-seer-skirt/index.html[22m [2m(+23ms)[22m 
[2m22:30:40[22m   [34m├─[39m [2m/armor/acheronian-seer-skirt-epic/index.html[22m [2m(+23ms)[22m 
[2m22:30:40[22m   [34m├─[39m [2m/armor/acheronian-illusionist-chest/index.html[22m [2m(+23ms)[22m 
[2m22:30:40[22m   [34m├─[39m [2m/armor/acheronian-illusionist-chest-epic/index.html[22m [2m(+22ms)[22m 
[2m22:30:40[22m   [34m├─[39m [2m/armor/acheronian-illusionist-gloves/index.html[22m [2m(+23ms)[22m 
[2m22:30:40[22m   [34m├─[39m [2m/armor/acheronian-illusionist-gloves-epic/index.html[22m [2m(+24ms)[22m 
[2m22:30:40[22m   [34m├─[39m [2m/armor/acheronian-illusionist-headpiece/index.html[22m [2m(+25ms)[22m 
[2m22:30:40[22m   [34m├─[39m [2m/armor/acheronian-illusionist-headpiece-epic/index.html[22m [2m(+23ms)[22m 
[2m22:30:40[22m   [34m├─[39m [2m/armor/acheronian-illusionist-legs/index.html[22m [2m(+24ms)[22m 
[2m22:30:40[22m   [34m├─[39m [2m/armor/acheronian-illusionist-legs-epic/index.html[22m [2m(+24ms)[22m 
[2m22:30:40[22m   [34m├─[39m [2m/armor/acheronian-illusionist-slippers/index.html[22m [2m(+24ms)[22m 
[2m22:30:40[22m   [34m├─[39m [2m/armor/acheronian-illusionist-slippers-epic/index.html[22m [2m(+23ms)[22m 
[2m22:30:40[22m   [34m├─[39m [2m/armor/adept-of-zar-boots/index.html[22m [2m(+22ms)[22m 
[2m22:30:40[22m   [34m├─[39m [2m/armor/adept-of-zar-boots-epic/index.html[22m [2m(+23ms)[22m 
[2m22:30:40[22m   [34m├─[39m [2m/armor/adept-of-zar-gloves/index.html[22m [2m(+23ms)[22m 
[2m22:30:40[22m   [34m├─[39m [2m/armor/adept-of-zar-gloves-epic/index.html[22m [2m(+22ms)[22m 
[2m22:30:40[22m   [34m├─[39m [2m/armor/adept-of-zar-hood/index.html[22m [2m(+23ms)[22m 
[2m22:30:40[22m   [34m├─[39m [2m/armor/adept-of-zar-hood-epic/index.html[22m [2m(+23ms)[22m 
[2m22:30:40[22m   [34m├─[39m [2m/armor/adept-of-zar-leggings/index.html[22m [2m(+23ms)[22m 
[2m22:30:40[22m   [34m├─[39m [2m/armor/adept-of-zar-leggings-epic/index.html[22m [2m(+23ms)[22m 
[2m22:30:40[22m   [34m├─[39m [2m/armor/adept-of-zar-robe/index.html[22m [2m(+23ms)[22m 
[2m22:30:40[22m   [34m├─[39m [2m/armor/adept-of-zar-robe-epic/index.html[22m [2m(+23ms)[22m 
[2m22:30:40[22m   [34m├─[39m [2m/armor/aesir-chieftain-boots/index.html[22m [2m(+23ms)[22m 
[2m22:30:40[22m   [34m├─[39m [2m/armor/aesir-chieftain-boots-epic/index.html[22m [2m(+22ms)[22m 
[2m22:30:40[22m   [34m├─[39m [2m/armor/aesir-chieftain-bracers/index.html[22m [2m(+23ms)[22m 
[2m22:30:40[22m   [34m├─[39m [2m/armor/aesir-chieftain-bracers-epic/index.html[22m [2m(+22ms)[22m 
[2m22:30:40[22m   [34m├─[39m [2m/armor/aesir-chieftain-breastplate/index.html[22m [2m(+23ms)[22m 
[2m22:30:40[22m   [34m├─[39m [2m/armor/aesir-chieftain-breastplate-epic/index.html[22m [2m(+24ms)[22m 
[2m22:30:40[22m   [34m├─[39m [2m/armor/aesir-chieftain-helmet/index.html[22m [2m(+23ms)[22m 
[2m22:30:40[22m   [34m├─[39m [2m/armor/aesir-chieftain-helmet-epic/index.html[22m [2m(+23ms)[22m 
[2m22:30:40[22m   [34m├─[39m [2m/armor/aesir-chieftain-leggings/index.html[22m [2m(+22ms)[22m 
[2m22:30:40[22m   [34m├─[39m [2m/armor/aesir-chieftain-leggings-epic/index.html[22m [2m(+23ms)[22m 
[2m22:30:40[22m   [34m├─[39m [2m/armor/aesir-raider-boots/index.html[22m [2m(+23ms)[22m 
[2m22:30:40[22m   [34m├─[39m [2m/armor/aesir-raider-boots-epic/index.html[22m [2m(+22ms)[22m 
[2m22:30:41[22m   [34m├─[39m [2m/armor/aesir-raider-bracers/index.html[22m [2m(+22ms)[22m 
[2m22:30:41[22m   [34m├─[39m [2m/armor/aesir-raider-bracers-epic/index.html[22m [2m(+23ms)[22m 
[2m22:30:41[22m   [34m├─[39m [2m/armor/aesir-raider-helm/index.html[22m [2m(+24ms)[22m 
[2m22:30:41[22m   [34m├─[39m [2m/armor/aesir-raider-helm-epic/index.html[22m [2m(+23ms)[22m 
[2m22:30:41[22m   [34m├─[39m [2m/armor/aesir-raider-leggings/index.html[22m [2m(+22ms)[22m 
[2m22:30:41[22m   [34m├─[39m [2m/armor/aesir-raider-leggings-epic/index.html[22m [2m(+23ms)[22m 
[2m22:30:41[22m   [34m├─[39m [2m/armor/aesir-raider-shirt/index.html[22m [2m(+24ms)[22m 
[2m22:30:41[22m   [34m├─[39m [2m/armor/aesir-raider-shirt-epic/index.html[22m [2m(+23ms)[22m 
[2m22:30:41[22m   [34m├─[39m [2m/armor/aesir-smith-apron/index.html[22m [2m(+22ms)[22m 
[2m22:30:41[22m   [34m├─[39m [2m/armor/aesir-smith-gloves/index.html[22m [2m(+23ms)[22m 
[2m22:30:41[22m   [34m├─[39m [2m/armor/anvil-keeper-boots/index.html[22m [2m(+23ms)[22m 
[2m22:30:41[22m   [34m├─[39m [2m/armor/anvil-keeper-bracers/index.html[22m [2m(+23ms)[22m 
[2m22:30:41[22m   [34m├─[39m [2m/armor/anvil-keeper-chestguard/index.html[22m [2m(+23ms)[22m 
[2m22:30:41[22m   [34m├─[39m [2m/armor/anvil-keeper-headdress/index.html[22m [2m(+22ms)[22m 
[2m22:30:41[22m   [34m├─[39m [2m/armor/anvil-keeper-loincloth/index.html[22m [2m(+23ms)[22m 
[2m22:30:41[22m   [34m├─[39m [2m/armor/aquilonian-bracers/index.html[22m [2m(+22ms)[22m 
[2m22:30:41[22m   [34m├─[39m [2m/armor/aquilonian-bracers-epic/index.html[22m [2m(+24ms)[22m 
[2m22:30:41[22m   [34m├─[39m [2m/armor/aquilonian-chestplate/index.html[22m [2m(+23ms)[22m 
[2m22:30:41[22m   [34m├─[39m [2m/armor/aquilonian-chestplate-epic/index.html[22m [2m(+23ms)[22m 
[2m22:30:41[22m   [34m├─[39m [2m/armor/aquilonian-evening-cap/index.html[22m [2m(+23ms)[22m 
[2m22:30:41[22m   [34m├─[39m [2m/armor/aquilonian-evening-footwear/index.html[22m [2m(+23ms)[22m 
[2m22:30:41[22m   [34m├─[39m [2m/armor/aquilonian-evening-shirt/index.html[22m [2m(+23ms)[22m 
[2m22:30:41[22m   [34m├─[39m [2m/armor/aquilonian-helmet/index.html[22m [2m(+24ms)[22m 
[2m22:30:41[22m   [34m├─[39m [2m/armor/aquilonian-helmet-epic/index.html[22m [2m(+23ms)[22m 
[2m22:30:41[22m   [34m├─[39m [2m/armor/aquilonian-infantry-bracers/index.html[22m [2m(+23ms)[22m 
[2m22:30:41[22m   [34m├─[39m [2m/armor/aquilonian-infantry-bracers-epic/index.html[22m [2m(+23ms)[22m 
[2m22:30:41[22m   [34m├─[39m [2m/armor/aquilonian-infantry-cuirass/index.html[22m [2m(+23ms)[22m 
[2m22:30:41[22m   [34m├─[39m [2m/armor/aquilonian-infantry-cuirass-epic/index.html[22m [2m(+23ms)[22m 
[2m22:30:41[22m   [34m├─[39m [2m/armor/aquilonian-infantry-helm/index.html[22m [2m(+23ms)[22m 
[2m22:30:41[22m   [34m├─[39m [2m/armor/aquilonian-infantry-helm-epic/index.html[22m [2m(+23ms)[22m 
[2m22:30:41[22m   [34m├─[39m [2m/armor/aquilonian-infantry-pteruges/index.html[22m [2m(+22ms)[22m 
[2m22:30:41[22m   [34m├─[39m [2m/armor/aquilonian-infantry-pteruges-epic/index.html[22m [2m(+23ms)[22m 
[2m22:30:41[22m   [34m├─[39m [2m/armor/aquilonian-infantry-sandals/index.html[22m [2m(+23ms)[22m 
[2m22:30:41[22m   [34m├─[39m [2m/armor/aquilonian-infantry-sandals-epic/index.html[22m [2m(+24ms)[22m 
[2m22:30:41[22m   [34m├─[39m [2m/armor/aquilonian-sandals/index.html[22m [2m(+23ms)[22m 
[2m22:30:41[22m   [34m├─[39m [2m/armor/aquilonian-sandals-epic/index.html[22m [2m(+23ms)[22m 
[2m22:30:41[22m   [34m├─[39m [2m/armor/aquilonian-scout-headgear/index.html[22m [2m(+23ms)[22m 
[2m22:30:41[22m   [34m├─[39m [2m/armor/aquilonian-scout-headgear-epic/index.html[22m [2m(+23ms)[22m 
[2m22:30:41[22m   [34m├─[39m [2m/armor/aquilonian-scout-pteruges/index.html[22m [2m(+23ms)[22m 
[2m22:30:41[22m   [34m├─[39m [2m/armor/aquilonian-scout-pteruges-epic/index.html[22m [2m(+23ms)[22m 
[2m22:30:41[22m   [34m├─[39m [2m/armor/aquilonian-scout-sandals/index.html[22m [2m(+23ms)[22m 
[2m22:30:41[22m   [34m├─[39m [2m/armor/aquilonian-scout-sandals-epic/index.html[22m [2m(+23ms)[22m 
[2m22:30:41[22m   [34m├─[39m [2m/armor/aquilonian-scout-vest/index.html[22m [2m(+22ms)[22m 
[2m22:30:42[22m   [34m├─[39m [2m/armor/aquilonian-scout-vest-epic/index.html[22m [2m(+24ms)[22m 
[2m22:30:42[22m   [34m├─[39m [2m/armor/aquilonian-scout-wraps/index.html[22m [2m(+23ms)[22m 
[2m22:30:42[22m   [34m├─[39m [2m/armor/aquilonian-scout-wraps-epic/index.html[22m [2m(+23ms)[22m 
[2m22:30:42[22m   [34m├─[39m [2m/armor/aquilonian-tasset/index.html[22m [2m(+22ms)[22m 
[2m22:30:42[22m   [34m├─[39m [2m/armor/aquilonian-tasset-epic/index.html[22m [2m(+23ms)[22m 
[2m22:30:42[22m   [34m├─[39m [2m/armor/arcanist-of-zar-boots/index.html[22m [2m(+23ms)[22m 
[2m22:30:42[22m   [34m├─[39m [2m/armor/arcanist-of-zar-boots-epic/index.html[22m [2m(+23ms)[22m 
[2m22:30:42[22m   [34m├─[39m [2m/armor/arcanist-of-zar-gloves/index.html[22m [2m(+23ms)[22m 
[2m22:30:42[22m   [34m├─[39m [2m/armor/arcanist-of-zar-gloves-epic/index.html[22m [2m(+23ms)[22m 
[2m22:30:42[22m   [34m├─[39m [2m/armor/arcanist-of-zar-hood/index.html[22m [2m(+24ms)[22m 
[2m22:30:42[22m   [34m├─[39m [2m/armor/arcanist-of-zar-hood-epic/index.html[22m [2m(+23ms)[22m 
[2m22:30:42[22m   [34m├─[39m [2m/armor/arcanist-of-zar-leggings/index.html[22m [2m(+23ms)[22m 
[2m22:30:42[22m   [34m├─[39m [2m/armor/arcanist-of-zar-leggings-epic/index.html[22m [2m(+22ms)[22m 
[2m22:30:42[22m   [34m├─[39m [2m/armor/arcanist-of-zar-robe/index.html[22m [2m(+23ms)[22m 
[2m22:30:42[22m   [34m├─[39m [2m/armor/arcanist-of-zar-robe-epic/index.html[22m [2m(+24ms)[22m 
[2m22:30:42[22m   [34m├─[39m [2m/armor/argossean-gladiators-boots/index.html[22m [2m(+24ms)[22m 
[2m22:30:42[22m   [34m├─[39m [2m/armor/argossean-gladiators-boots-epic/index.html[22m [2m(+24ms)[22m 
[2m22:30:42[22m   [34m├─[39m [2m/armor/argossean-gladiators-bracers/index.html[22m [2m(+23ms)[22m 
[2m22:30:42[22m   [34m├─[39m [2m/armor/argossean-gladiators-bracers-epic/index.html[22m [2m(+23ms)[22m 
[2m22:30:42[22m   [34m├─[39m [2m/armor/argossean-gladiators-helm/index.html[22m [2m(+23ms)[22m 
[2m22:30:42[22m   [34m├─[39m [2m/armor/argossean-gladiators-helm-epic/index.html[22m [2m(+23ms)[22m 
[2m22:30:42[22m   [34m├─[39m [2m/armor/argossean-gladiators-mail/index.html[22m [2m(+23ms)[22m 
[2m22:30:42[22m   [34m├─[39m [2m/armor/argossean-gladiators-mail-epic/index.html[22m [2m(+22ms)[22m 
[2m22:30:42[22m   [34m├─[39m [2m/armor/argossean-gladiators-tasset/index.html[22m [2m(+23ms)[22m 
[2m22:30:42[22m   [34m├─[39m [2m/armor/argossean-gladiators-tasset-epic/index.html[22m [2m(+23ms)[22m 
[2m22:30:42[22m   [34m├─[39m [2m/armor/argossean-mariners-bracers/index.html[22m [2m(+22ms)[22m 
[2m22:30:42[22m   [34m├─[39m [2m/armor/argossean-mariners-bracers-epic/index.html[22m [2m(+24ms)[22m 
[2m22:30:42[22m   [34m├─[39m [2m/armor/argossean-mariners-cap/index.html[22m [2m(+24ms)[22m 
[2m22:30:42[22m   [34m├─[39m [2m/armor/argossean-mariners-cap-epic/index.html[22m [2m(+22ms)[22m 
[2m22:30:42[22m   [34m├─[39m [2m/armor/argossean-mariners-harness/index.html[22m [2m(+23ms)[22m 
[2m22:30:42[22m   [34m├─[39m [2m/armor/argossean-mariners-harness-epic/index.html[22m [2m(+23ms)[22m 
[2m22:30:42[22m   [34m├─[39m [2m/armor/argossean-mariners-sandals/index.html[22m [2m(+23ms)[22m 
[2m22:30:42[22m   [34m├─[39m [2m/armor/argossean-mariners-sandals-epic/index.html[22m [2m(+23ms)[22m 
[2m22:30:42[22m   [34m├─[39m [2m/armor/argossean-mariners-tasset/index.html[22m [2m(+22ms)[22m 
[2m22:30:42[22m   [34m├─[39m [2m/armor/argossean-mariners-tasset-epic/index.html[22m [2m(+22ms)[22m 
[2m22:30:42[22m   [34m├─[39m [2m/armor/argossean-phalanx-boots/index.html[22m [2m(+23ms)[22m 
[2m22:30:42[22m   [34m├─[39m [2m/armor/argossean-phalanx-boots-epic/index.html[22m [2m(+23ms)[22m 
[2m22:30:42[22m   [34m├─[39m [2m/armor/argossean-phalanx-chestplate/index.html[22m [2m(+23ms)[22m 
[2m22:30:42[22m   [34m├─[39m [2m/armor/argossean-phalanx-chestplate-epic/index.html[22m [2m(+23ms)[22m 
[2m22:30:42[22m   [34m├─[39m [2m/armor/argossean-phalanx-gauntlets/index.html[22m [2m(+23ms)[22m 
[2m22:30:42[22m   [34m├─[39m [2m/armor/argossean-phalanx-gauntlets-epic/index.html[22m [2m(+23ms)[22m 
[2m22:30:42[22m   [34m├─[39m [2m/armor/argossean-phalanx-helm/index.html[22m [2m(+23ms)[22m 
[2m22:30:42[22m   [34m├─[39m [2m/armor/argossean-phalanx-helm-epic/index.html[22m [2m(+22ms)[22m 
[2m22:30:42[22m   [34m├─[39m [2m/armor/argossean-phalanx-tasset/index.html[22m [2m(+22ms)[22m 
[2m22:30:43[22m   [34m├─[39m [2m/armor/argossean-phalanx-tasset-epic/index.html[22m [2m(+23ms)[22m 
[2m22:30:43[22m   [34m├─[39m [2m/armor/artisans-pants/index.html[22m [2m(+23ms)[22m 
[2m22:30:43[22m   [34m├─[39m [2m/armor/aspect-of-jhil/index.html[22m [2m(+22ms)[22m 
[2m22:30:43[22m   [34m├─[39m [2m/armor/aspect-of-the-bat/index.html[22m [2m(+23ms)[22m 
[2m22:30:43[22m   [34m├─[39m [2m/armor/aspect-of-the-demon/index.html[22m [2m(+23ms)[22m 
[2m22:30:43[22m   [34m├─[39m [2m/armor/aspect-of-the-drowned/index.html[22m [2m(+23ms)[22m 
[2m22:30:43[22m   [34m├─[39m [2m/armor/aspect-of-the-fiend/index.html[22m [2m(+23ms)[22m 
[2m22:30:43[22m   [34m├─[39m [2m/armor/aspect-of-the-goblinoid/index.html[22m [2m(+23ms)[22m 
[2m22:30:43[22m   [34m├─[39m [2m/armor/aspect-of-the-wolf/index.html[22m [2m(+23ms)[22m 
[2m22:30:43[22m   [34m├─[39m [2m/armor/assassin-boots/index.html[22m [2m(+23ms)[22m 
[2m22:30:43[22m   [34m├─[39m [2m/armor/assassin-boots-epic/index.html[22m [2m(+22ms)[22m 
[2m22:30:43[22m   [34m├─[39m [2m/armor/assassin-chestpiece/index.html[22m [2m(+23ms)[22m 
[2m22:30:43[22m   [34m├─[39m [2m/armor/assassin-chestpiece-epic/index.html[22m [2m(+23ms)[22m 
[2m22:30:43[22m   [34m├─[39m [2m/armor/assassin-gloves/index.html[22m [2m(+23ms)[22m 
[2m22:30:43[22m   [34m├─[39m [2m/armor/assassin-gloves-epic/index.html[22m [2m(+23ms)[22m 
[2m22:30:43[22m   [34m├─[39m [2m/armor/assassin-leggings/index.html[22m [2m(+23ms)[22m 
[2m22:30:43[22m   [34m├─[39m [2m/armor/assassin-leggings-epic/index.html[22m [2m(+23ms)[22m 
[2m22:30:43[22m   [34m├─[39m [2m/armor/assassin-mask/index.html[22m [2m(+22ms)[22m 
[2m22:30:43[22m   [34m├─[39m [2m/armor/assassin-mask-epic/index.html[22m [2m(+23ms)[22m 
[2m22:30:43[22m   [34m├─[39m [2m/armor/barachan-brawler-breeches/index.html[22m [2m(+23ms)[22m 
[2m22:30:43[22m   [34m├─[39m [2m/armor/barachan-brawler-breeches-epic/index.html[22m [2m(+24ms)[22m 
[2m22:30:43[22m   [34m├─[39m [2m/armor/barachan-brawler-footwraps/index.html[22m [2m(+23ms)[22m 
[2m22:30:43[22m   [34m├─[39m [2m/armor/barachan-brawler-footwraps-epic/index.html[22m [2m(+23ms)[22m 
[2m22:30:43[22m   [34m├─[39m [2m/armor/barachan-brawler-handwraps/index.html[22m [2m(+23ms)[22m 
[2m22:30:43[22m   [34m├─[39m [2m/armor/barachan-brawler-handwraps-epic/index.html[22m [2m(+23ms)[22m 
[2m22:30:43[22m   [34m├─[39m [2m/armor/barachan-brawler-harness/index.html[22m [2m(+23ms)[22m 
[2m22:30:43[22m   [34m├─[39m [2m/armor/barachan-brawler-harness-epic/index.html[22m [2m(+23ms)[22m 
[2m22:30:43[22m   [34m├─[39m [2m/armor/barachan-brawler-headwrap/index.html[22m [2m(+23ms)[22m 
[2m22:30:43[22m   [34m├─[39m [2m/armor/barachan-brawler-headwrap-epic/index.html[22m [2m(+23ms)[22m 
[2m22:30:43[22m   [34m├─[39m [2m/armor/barachan-brigand-bandana/index.html[22m [2m(+23ms)[22m 
[2m22:30:43[22m   [34m├─[39m [2m/armor/barachan-brigand-bandana-epic/index.html[22m [2m(+22ms)[22m 
[2m22:30:43[22m   [34m├─[39m [2m/armor/barachan-brigand-leggings/index.html[22m [2m(+22ms)[22m 
[2m22:30:43[22m   [34m├─[39m [2m/armor/barachan-brigand-leggings-epic/index.html[22m [2m(+22ms)[22m 
[2m22:30:43[22m   [34m├─[39m [2m/armor/barachan-brigand-sandals/index.html[22m [2m(+22ms)[22m 
[2m22:30:43[22m   [34m├─[39m [2m/armor/barachan-brigand-sandals-epic/index.html[22m [2m(+22ms)[22m 
[2m22:30:43[22m   [34m├─[39m [2m/armor/barachan-brigand-shirt/index.html[22m [2m(+23ms)[22m 
[2m22:30:43[22m   [34m├─[39m [2m/armor/barachan-brigand-shirt-epic/index.html[22m [2m(+22ms)[22m 
[2m22:30:43[22m   [34m├─[39m [2m/armor/barachan-brigand-sleeves/index.html[22m [2m(+23ms)[22m 
[2m22:30:43[22m   [34m├─[39m [2m/armor/barachan-brigand-sleeves-epic/index.html[22m [2m(+22ms)[22m 
[2m22:30:43[22m   [34m├─[39m [2m/armor/barachan-castaway-bandana/index.html[22m [2m(+23ms)[22m 
[2m22:30:43[22m   [34m├─[39m [2m/armor/barachan-castaway-loincloth/index.html[22m [2m(+23ms)[22m 
[2m22:30:43[22m   [34m├─[39m [2m/armor/barachan-castaway-sash/index.html[22m [2m(+23ms)[22m 
[2m22:30:43[22m   [34m├─[39m [2m/armor/barachan-castaway-wrist-bands/index.html[22m [2m(+23ms)[22m 
[2m22:30:44[22m   [34m├─[39m [2m/armor/barachan-reiver-boots/index.html[22m [2m(+23ms)[22m 
[2m22:30:44[22m   [34m├─[39m [2m/armor/barachan-reiver-boots-epic/index.html[22m [2m(+22ms)[22m 
[2m22:30:44[22m   [34m├─[39m [2m/armor/barachan-reiver-breeches/index.html[22m [2m(+23ms)[22m 
[2m22:30:44[22m   [34m├─[39m [2m/armor/barachan-reiver-breeches-epic/index.html[22m [2m(+22ms)[22m 
[2m22:30:44[22m   [34m├─[39m [2m/armor/barachan-reiver-buff-coat/index.html[22m [2m(+22ms)[22m 
[2m22:30:44[22m   [34m├─[39m [2m/armor/barachan-reiver-buff-coat-epic/index.html[22m [2m(+22ms)[22m 
[2m22:30:44[22m   [34m├─[39m [2m/armor/barachan-reiver-gloves/index.html[22m [2m(+23ms)[22m 
[2m22:30:44[22m   [34m├─[39m [2m/armor/barachan-reiver-gloves-epic/index.html[22m [2m(+23ms)[22m 
[2m22:30:44[22m   [34m├─[39m [2m/armor/barachan-reiver-slouch-hat/index.html[22m [2m(+23ms)[22m 
[2m22:30:44[22m   [34m├─[39m [2m/armor/barachan-reiver-slouch-hat-epic/index.html[22m [2m(+23ms)[22m 
[2m22:30:44[22m   [34m├─[39m [2m/armor/barbarian-boots/index.html[22m [2m(+23ms)[22m 
[2m22:30:44[22m   [34m├─[39m [2m/armor/barbarian-boots-epic/index.html[22m [2m(+22ms)[22m 
[2m22:30:44[22m   [34m├─[39m [2m/armor/barbarian-chestplate/index.html[22m [2m(+22ms)[22m 
[2m22:30:44[22m   [34m├─[39m [2m/armor/barbarian-chestplate-epic/index.html[22m [2m(+23ms)[22m 
[2m22:30:44[22m   [34m├─[39m [2m/armor/barbarian-gauntlets/index.html[22m [2m(+23ms)[22m 
[2m22:30:44[22m   [34m├─[39m [2m/armor/barbarian-gauntlets-epic/index.html[22m [2m(+22ms)[22m 
[2m22:30:44[22m   [34m├─[39m [2m/armor/barbarian-helmet/index.html[22m [2m(+23ms)[22m 
[2m22:30:44[22m   [34m├─[39m [2m/armor/barbarian-helmet-epic/index.html[22m [2m(+23ms)[22m 
[2m22:30:44[22m   [34m├─[39m [2m/armor/barbarian-leggings/index.html[22m [2m(+24ms)[22m 
[2m22:30:44[22m   [34m├─[39m [2m/armor/barbarian-leggings-epic/index.html[22m [2m(+23ms)[22m 
[2m22:30:44[22m   [34m├─[39m [2m/armor/bear-shaman-boots/index.html[22m [2m(+22ms)[22m 
[2m22:30:44[22m   [34m├─[39m [2m/armor/bear-shaman-boots-epic/index.html[22m [2m(+23ms)[22m 
[2m22:30:44[22m   [34m├─[39m [2m/armor/bear-shaman-chestpiece/index.html[22m [2m(+24ms)[22m 
[2m22:30:44[22m   [34m├─[39m [2m/armor/bear-shaman-chestpiece-epic/index.html[22m [2m(+23ms)[22m 
[2m22:30:44[22m   [34m├─[39m [2m/armor/bear-shaman-gloves/index.html[22m [2m(+23ms)[22m 
[2m22:30:44[22m   [34m├─[39m [2m/armor/bear-shaman-gloves-epic/index.html[22m [2m(+23ms)[22m 
[2m22:30:44[22m   [34m├─[39m [2m/armor/bear-shaman-headpiece/index.html[22m [2m(+24ms)[22m 
[2m22:30:44[22m   [34m├─[39m [2m/armor/bear-shaman-headpiece-epic/index.html[22m [2m(+24ms)[22m 
[2m22:30:44[22m   [34m├─[39m [2m/armor/bear-shaman-tasset/index.html[22m [2m(+23ms)[22m 
[2m22:30:44[22m   [34m├─[39m [2m/armor/bear-shaman-tasset-epic/index.html[22m [2m(+23ms)[22m 
[2m22:30:44[22m   [34m├─[39m [2m/armor/bearer-pack/index.html[22m [2m(+23ms)[22m 
[2m22:30:44[22m   [34m├─[39m [2m/armor/bejewelled-anklets/index.html[22m [2m(+23ms)[22m 
[2m22:30:44[22m   [34m├─[39m [2m/armor/bejewelled-bracelets/index.html[22m [2m(+23ms)[22m 
[2m22:30:44[22m   [34m├─[39m [2m/armor/bejewelled-chains/index.html[22m [2m(+23ms)[22m 
[2m22:30:44[22m   [34m├─[39m [2m/armor/bejewelled-circlet/index.html[22m [2m(+23ms)[22m 
[2m22:30:44[22m   [34m├─[39m [2m/armor/bejewelled-loin-cloth/index.html[22m [2m(+23ms)[22m 
[2m22:30:44[22m   [34m├─[39m [2m/armor/bestial-regalia/index.html[22m [2m(+23ms)[22m 
[2m22:30:44[22m   [34m├─[39m [2m/armor/bestial-regalia-epic/index.html[22m [2m(+23ms)[22m 
[2m22:30:44[22m   [34m├─[39m [2m/armor/black-corsair-bandana-epic-variant-a/index.html[22m [2m(+23ms)[22m 
[2m22:30:44[22m   [34m├─[39m [2m/armor/black-corsair-bandana-epic-variant-b/index.html[22m [2m(+23ms)[22m 
[2m22:30:44[22m   [34m├─[39m [2m/armor/black-corsair-boots-epic-variant-a/index.html[22m [2m(+24ms)[22m 
[2m22:30:44[22m   [34m├─[39m [2m/armor/black-corsair-boots-epic-variant-b/index.html[22m [2m(+23ms)[22m 
[2m22:30:44[22m   [34m├─[39m [2m/armor/black-corsair-chestguard/index.html[22m [2m(+23ms)[22m 
[2m22:30:44[22m   [34m├─[39m [2m/armor/black-corsair-gauntlets/index.html[22m [2m(+22ms)[22m 
[2m22:30:45[22m   [34m├─[39m [2m/armor/black-corsair-leggings/index.html[22m [2m(+23ms)[22m 
[2m22:30:45[22m   [34m├─[39m [2m/armor/black-corsair-pauldron/index.html[22m [2m(+23ms)[22m 
[2m22:30:45[22m   [34m├─[39m [2m/armor/black-corsair-tasset/index.html[22m [2m(+23ms)[22m 
[2m22:30:45[22m   [34m├─[39m [2m/armor/black-corsair-wristguards/index.html[22m [2m(+22ms)[22m 
[2m22:30:45[22m   [34m├─[39m [2m/armor/black-dragon-cuirass/index.html[22m [2m(+23ms)[22m 
[2m22:30:45[22m   [34m├─[39m [2m/armor/black-dragon-cuirass-epic/index.html[22m [2m(+23ms)[22m 
[2m22:30:45[22m   [34m├─[39m [2m/armor/black-dragon-gauntlets/index.html[22m [2m(+23ms)[22m 
[2m22:30:45[22m   [34m├─[39m [2m/armor/black-dragon-gauntlets-epic/index.html[22m [2m(+23ms)[22m 
[2m22:30:45[22m   [34m├─[39m [2m/armor/black-dragon-helm/index.html[22m [2m(+23ms)[22m 
[2m22:30:45[22m   [34m├─[39m [2m/armor/black-dragon-helm-epic/index.html[22m [2m(+23ms)[22m 
[2m22:30:45[22m   [34m├─[39m [2m/armor/black-dragon-pteruges/index.html[22m [2m(+23ms)[22m 
[2m22:30:45[22m   [34m├─[39m [2m/armor/black-dragon-pteruges-epic/index.html[22m [2m(+22ms)[22m 
[2m22:30:45[22m   [34m├─[39m [2m/armor/black-dragon-sandals/index.html[22m [2m(+23ms)[22m 
[2m22:30:45[22m   [34m├─[39m [2m/armor/black-dragon-sandals-epic/index.html[22m [2m(+24ms)[22m 
[2m22:30:45[22m   [34m├─[39m [2m/armor/black-feather-helm/index.html[22m [2m(+23ms)[22m 
[2m22:30:45[22m   [34m├─[39m [2m/armor/black-hand-boots/index.html[22m [2m(+23ms)[22m 
[2m22:30:45[22m   [34m├─[39m [2m/armor/black-hand-earrings/index.html[22m [2m(+23ms)[22m 
[2m22:30:45[22m   [34m├─[39m [2m/armor/black-hand-trousers/index.html[22m [2m(+23ms)[22m 
[2m22:30:45[22m   [34m├─[39m [2m/armor/black-hand-vest/index.html[22m [2m(+24ms)[22m 
[2m22:30:45[22m   [34m├─[39m [2m/armor/black-knight-boots/index.html[22m [2m(+24ms)[22m 
[2m22:30:45[22m   [34m├─[39m [2m/armor/black-knight-boots-epic/index.html[22m [2m(+23ms)[22m 
[2m22:30:45[22m   [34m├─[39m [2m/armor/black-knight-gauntlets/index.html[22m [2m(+23ms)[22m 
[2m22:30:45[22m   [34m├─[39m [2m/armor/black-knight-gauntlets-epic/index.html[22m [2m(+23ms)[22m 
[2m22:30:45[22m   [34m├─[39m [2m/armor/black-knight-hood/index.html[22m [2m(+23ms)[22m 
[2m22:30:45[22m   [34m├─[39m [2m/armor/black-knight-hood-epic/index.html[22m [2m(+24ms)[22m 
[2m22:30:45[22m   [34m├─[39m [2m/armor/black-knight-pauldron/index.html[22m [2m(+23ms)[22m 
[2m22:30:45[22m   [34m├─[39m [2m/armor/black-knight-pauldron-epic/index.html[22m [2m(+23ms)[22m 
[2m22:30:45[22m   [34m├─[39m [2m/armor/black-knight-tasset/index.html[22m [2m(+22ms)[22m 
[2m22:30:45[22m   [34m├─[39m [2m/armor/black-knight-tasset-epic/index.html[22m [2m(+22ms)[22m 
[2m22:30:45[22m   [34m├─[39m [2m/armor/black-privateer-boots/index.html[22m [2m(+23ms)[22m 
[2m22:30:45[22m   [34m├─[39m [2m/armor/black-privateer-boots-epic/index.html[22m [2m(+22ms)[22m 
[2m22:30:45[22m   [34m├─[39m [2m/armor/black-privateer-gloves/index.html[22m [2m(+22ms)[22m 
[2m22:30:45[22m   [34m├─[39m [2m/armor/black-privateer-gloves-epic/index.html[22m [2m(+22ms)[22m 
[2m22:30:45[22m   [34m├─[39m [2m/armor/black-privateer-mask/index.html[22m [2m(+22ms)[22m 
[2m22:30:45[22m   [34m├─[39m [2m/armor/black-privateer-mask-epic/index.html[22m [2m(+22ms)[22m 
[2m22:30:45[22m   [34m├─[39m [2m/armor/black-privateer-trousers/index.html[22m [2m(+22ms)[22m 
[2m22:30:45[22m   [34m├─[39m [2m/armor/black-privateer-trousers-epic/index.html[22m [2m(+23ms)[22m 
[2m22:30:45[22m   [34m├─[39m [2m/armor/black-privateer-vest/index.html[22m [2m(+23ms)[22m 
[2m22:30:45[22m   [34m├─[39m [2m/armor/black-privateer-vest-epic/index.html[22m [2m(+22ms)[22m 
[2m22:30:45[22m   [34m├─[39m [2m/armor/blackwater-bandana/index.html[22m [2m(+23ms)[22m 
[2m22:30:45[22m   [34m├─[39m [2m/armor/blackwater-boots/index.html[22m [2m(+23ms)[22m 
[2m22:30:45[22m   [34m├─[39m [2m/armor/blackwater-chestpiece/index.html[22m [2m(+23ms)[22m 
[2m22:30:45[22m   [34m├─[39m [2m/armor/blackwater-gauntlets/index.html[22m [2m(+22ms)[22m 
[2m22:30:45[22m   [34m├─[39m [2m/armor/blackwater-leggings/index.html[22m [2m(+23ms)[22m 
[2m22:30:46[22m   [34m├─[39m [2m/armor/blades-boots/index.html[22m [2m(+23ms)[22m 
[2m22:30:46[22m   [34m├─[39m [2m/armor/blades-boots-epic/index.html[22m [2m(+22ms)[22m 
[2m22:30:46[22m   [34m├─[39m [2m/armor/blades-gloves/index.html[22m [2m(+22ms)[22m 
[2m22:30:46[22m   [34m├─[39m [2m/armor/blades-gloves-epic/index.html[22m [2m(+23ms)[22m 
[2m22:30:46[22m   [34m├─[39m [2m/armor/blades-leggings/index.html[22m [2m(+23ms)[22m 
[2m22:30:46[22m   [34m├─[39m [2m/armor/blades-leggings-epic/index.html[22m [2m(+23ms)[22m 
[2m22:30:46[22m   [34m├─[39m [2m/armor/blades-mask/index.html[22m [2m(+23ms)[22m 
[2m22:30:46[22m   [34m├─[39m [2m/armor/blades-mask-epic/index.html[22m [2m(+22ms)[22m 
[2m22:30:46[22m   [34m├─[39m [2m/armor/blades-tunic/index.html[22m [2m(+22ms)[22m 
[2m22:30:46[22m   [34m├─[39m [2m/armor/blades-tunic-epic/index.html[22m [2m(+23ms)[22m 
[2m22:30:46[22m   [34m├─[39m [2m/armor/blindsight/index.html[22m [2m(+22ms)[22m 
[2m22:30:46[22m   [34m├─[39m [2m/armor/bone-conjurer-bracers/index.html[22m [2m(+22ms)[22m 
[2m22:30:46[22m   [34m├─[39m [2m/armor/bone-conjurer-bracers-epic/index.html[22m [2m(+23ms)[22m 
[2m22:30:46[22m   [34m├─[39m [2m/armor/bone-conjurer-helm/index.html[22m [2m(+23ms)[22m 
[2m22:30:46[22m   [34m├─[39m [2m/armor/bone-conjurer-helm-epic/index.html[22m [2m(+22ms)[22m 
[2m22:30:46[22m   [34m├─[39m [2m/armor/bone-conjurer-mantle/index.html[22m [2m(+23ms)[22m 
[2m22:30:46[22m   [34m├─[39m [2m/armor/bone-conjurer-mantle-epic/index.html[22m [2m(+23ms)[22m 
[2m22:30:46[22m   [34m├─[39m [2m/armor/bone-conjurer-sandals/index.html[22m [2m(+22ms)[22m 
[2m22:30:46[22m   [34m├─[39m [2m/armor/bone-conjurer-sandals-epic/index.html[22m [2m(+22ms)[22m 
[2m22:30:46[22m   [34m├─[39m [2m/armor/bone-conjurer-tasset/index.html[22m [2m(+23ms)[22m 
[2m22:30:46[22m   [34m├─[39m [2m/armor/bone-conjurer-tasset-epic/index.html[22m [2m(+23ms)[22m 
[2m22:30:46[22m   [34m├─[39m [2m/armor/boots-of-asura/index.html[22m [2m(+22ms)[22m 
[2m22:30:46[22m   [34m├─[39m [2m/armor/boots-of-kurak/index.html[22m [2m(+23ms)[22m 
[2m22:30:46[22m   [34m├─[39m [2m/armor/boots-of-sobek/index.html[22m [2m(+23ms)[22m 
[2m22:30:46[22m   [34m├─[39m [2m/armor/boots-of-the-fiend-battle-pass-epic/index.html[22m [2m(+23ms)[22m 
[2m22:30:46[22m   [34m├─[39m [2m/armor/boots-of-the-fiend-battle-pass/index.html[22m [2m(+23ms)[22m 
[2m22:30:46[22m   [34m├─[39m [2m/armor/boots-of-the-fiend-black-lotus-bazaar-epic/index.html[22m [2m(+23ms)[22m 
[2m22:30:46[22m   [34m├─[39m [2m/armor/boots-of-the-fiend-black-lotus-bazaar/index.html[22m [2m(+23ms)[22m 
[2m22:30:46[22m   [34m├─[39m [2m/armor/boots-of-the-serpent/index.html[22m [2m(+23ms)[22m 
[2m22:30:46[22m   [34m├─[39m [2m/armor/bracer-of-the-mad-prophet/index.html[22m [2m(+23ms)[22m 
[2m22:30:46[22m   [34m├─[39m [2m/armor/bracer-of-the-mad-prophet-epic/index.html[22m [2m(+23ms)[22m 
[2m22:30:46[22m   [34m├─[39m [2m/armor/bracers-of-kurak/index.html[22m [2m(+23ms)[22m 
[2m22:30:46[22m   [34m├─[39m [2m/armor/bracers-of-the-fiend-battle-pass-epic/index.html[22m [2m(+23ms)[22m 
[2m22:30:46[22m   [34m├─[39m [2m/armor/bracers-of-the-fiend-battle-pass/index.html[22m [2m(+23ms)[22m 
[2m22:30:46[22m   [34m├─[39m [2m/armor/bracers-of-the-fiend-black-lotus-bazaar-epic/index.html[22m [2m(+23ms)[22m 
[2m22:30:46[22m   [34m├─[39m [2m/armor/bracers-of-the-fiend-black-lotus-bazaar/index.html[22m [2m(+22ms)[22m 
[2m22:30:46[22m   [34m├─[39m [2m/armor/bracers-of-the-serpent/index.html[22m [2m(+22ms)[22m 
[2m22:30:46[22m   [34m├─[39m [2m/armor/brawler-handwraps/index.html[22m [2m(+24ms)[22m 
[2m22:30:46[22m   [34m├─[39m [2m/armor/buccaneer-peg-leg-left-fitting/index.html[22m [2m(+23ms)[22m 
[2m22:30:46[22m   [34m├─[39m [2m/armor/buccaneer-peg-leg-right-fitting/index.html[22m [2m(+23ms)[22m 
[2m22:30:46[22m   [34m├─[39m [2m/armor/cannibal-bracers/index.html[22m [2m(+22ms)[22m 
[2m22:30:46[22m   [34m├─[39m [2m/armor/cannibal-bracers-epic/index.html[22m [2m(+23ms)[22m 
[2m22:30:46[22m   [34m├─[39m [2m/armor/cannibal-chestpiece/index.html[22m [2m(+23ms)[22m 
[2m22:30:46[22m   [34m├─[39m [2m/armor/cannibal-chestpiece-epic/index.html[22m [2m(+22ms)[22m 
[2m22:30:47[22m   [34m├─[39m [2m/armor/cannibal-footwear/index.html[22m [2m(+22ms)[22m 
[2m22:30:47[22m   [34m├─[39m [2m/armor/cannibal-footwear-epic/index.html[22m [2m(+23ms)[22m 
[2m22:30:47[22m   [34m├─[39m [2m/armor/cannibal-mask/index.html[22m [2m(+22ms)[22m 
[2m22:30:47[22m   [34m├─[39m [2m/armor/cannibal-mask-epic/index.html[22m [2m(+22ms)[22m 
[2m22:30:47[22m   [34m├─[39m [2m/armor/cannibal-skin-skirt/index.html[22m [2m(+23ms)[22m 
[2m22:30:47[22m   [34m├─[39m [2m/armor/cannibal-skin-skirt-epic/index.html[22m [2m(+23ms)[22m 
[2m22:30:47[22m   [34m├─[39m [2m/armor/champions-boots/index.html[22m [2m(+23ms)[22m 
[2m22:30:47[22m   [34m├─[39m [2m/armor/champions-chestguard/index.html[22m [2m(+23ms)[22m 
[2m22:30:47[22m   [34m├─[39m [2m/armor/champions-gauntlets/index.html[22m [2m(+23ms)[22m 
[2m22:30:47[22m   [34m├─[39m [2m/armor/champions-helmet/index.html[22m [2m(+23ms)[22m 
[2m22:30:47[22m   [34m├─[39m [2m/armor/champions-leggings/index.html[22m [2m(+23ms)[22m 
[2m22:30:47[22m   [34m├─[39m [2m/armor/chest-wrap/index.html[22m [2m(+22ms)[22m 
[2m22:30:47[22m   [34m├─[39m [2m/armor/chestguard-of-asura/index.html[22m [2m(+23ms)[22m 
[2m22:30:47[22m   [34m├─[39m [2m/armor/chestguard-of-sobek/index.html[22m [2m(+23ms)[22m 
[2m22:30:47[22m   [34m├─[39m [2m/armor/chestguard-of-the-wolf/index.html[22m [2m(+22ms)[22m 
[2m22:30:47[22m   [34m├─[39m [2m/armor/chieftain-boots/index.html[22m [2m(+22ms)[22m 
[2m22:30:47[22m   [34m├─[39m [2m/armor/chieftain-boots-epic/index.html[22m [2m(+23ms)[22m 
[2m22:30:47[22m   [34m├─[39m [2m/armor/chieftain-chestguard/index.html[22m [2m(+22ms)[22m 
[2m22:30:47[22m   [34m├─[39m [2m/armor/chieftain-chestguard-epic/index.html[22m [2m(+22ms)[22m 
[2m22:30:47[22m   [34m├─[39m [2m/armor/chieftain-gauntlets/index.html[22m [2m(+23ms)[22m 
[2m22:30:47[22m   [34m├─[39m [2m/armor/chieftain-gauntlets-epic/index.html[22m [2m(+23ms)[22m 
[2m22:30:47[22m   [34m├─[39m [2m/armor/chieftain-helmet/index.html[22m [2m(+23ms)[22m 
[2m22:30:47[22m   [34m├─[39m [2m/armor/chieftain-helmet-epic/index.html[22m [2m(+23ms)[22m 
[2m22:30:47[22m   [34m├─[39m [2m/armor/chieftain-leggings/index.html[22m [2m(+23ms)[22m 
[2m22:30:47[22m   [34m├─[39m [2m/armor/chieftain-leggings-epic/index.html[22m [2m(+23ms)[22m 
[2m22:30:47[22m   [34m├─[39m [2m/armor/chilled-godbreaker-boots/index.html[22m [2m(+23ms)[22m 
[2m22:30:47[22m   [34m├─[39m [2m/armor/chilled-godbreaker-grips/index.html[22m [2m(+23ms)[22m 
[2m22:30:47[22m   [34m├─[39m [2m/armor/chilled-godbreaker-helmet/index.html[22m [2m(+23ms)[22m 
[2m22:30:47[22m   [34m├─[39m [2m/armor/chilled-godbreaker-leggings/index.html[22m [2m(+23ms)[22m 
[2m22:30:47[22m   [34m├─[39m [2m/armor/chilled-godbreaker-plate/index.html[22m [2m(+23ms)[22m 
[2m22:30:47[22m   [34m├─[39m [2m/armor/cimmerian-blacksmith-apron/index.html[22m [2m(+24ms)[22m 
[2m22:30:47[22m   [34m├─[39m [2m/armor/cimmerian-blacksmith-boots/index.html[22m [2m(+22ms)[22m 
[2m22:30:47[22m   [34m├─[39m [2m/armor/cimmerian-blacksmith-breeches/index.html[22m [2m(+23ms)[22m 
[2m22:30:47[22m   [34m├─[39m [2m/armor/cimmerian-blacksmith-cap/index.html[22m [2m(+24ms)[22m 
[2m22:30:47[22m   [34m├─[39m [2m/armor/cimmerian-blacksmith-gloves/index.html[22m [2m(+23ms)[22m 
[2m22:30:47[22m   [34m├─[39m [2m/armor/cimmerian-fur-boots/index.html[22m [2m(+23ms)[22m 
[2m22:30:47[22m   [34m├─[39m [2m/armor/cimmerian-fur-gauntlets/index.html[22m [2m(+22ms)[22m 
[2m22:30:47[22m   [34m├─[39m [2m/armor/cimmerian-fur-harness/index.html[22m [2m(+23ms)[22m 
[2m22:30:47[22m   [34m├─[39m [2m/armor/cimmerian-fur-helmet/index.html[22m [2m(+23ms)[22m 
[2m22:30:47[22m   [34m├─[39m [2m/armor/cimmerian-fur-tasset/index.html[22m [2m(+23ms)[22m 
[2m22:30:47[22m   [34m├─[39m [2m/armor/cimmerian-steel-boots/index.html[22m [2m(+23ms)[22m 
[2m22:30:47[22m   [34m├─[39m [2m/armor/cimmerian-steel-gauntlets/index.html[22m [2m(+22ms)[22m 
[2m22:30:47[22m   [34m├─[39m [2m/armor/cimmerian-steel-helmet/index.html[22m [2m(+24ms)[22m 
[2m22:30:48[22m   [34m├─[39m [2m/armor/cimmerian-steel-pauldron/index.html[22m [2m(+23ms)[22m 
[2m22:30:48[22m   [34m├─[39m [2m/armor/cimmerian-steel-tasset/index.html[22m [2m(+23ms)[22m 
[2m22:30:48[22m   [34m├─[39m [2m/armor/claws-of-the-harpy/index.html[22m [2m(+22ms)[22m 
[2m22:30:48[22m   [34m├─[39m [2m/armor/climbing-boots/index.html[22m [2m(+23ms)[22m 
[2m22:30:48[22m   [34m├─[39m [2m/armor/climbing-gloves/index.html[22m [2m(+23ms)[22m 
[2m22:30:48[22m   [34m├─[39m [2m/armor/coarse-footwraps/index.html[22m [2m(+23ms)[22m 
[2m22:30:48[22m   [34m├─[39m [2m/armor/coarse-gloves/index.html[22m [2m(+23ms)[22m 
[2m22:30:48[22m   [34m├─[39m [2m/armor/coarse-leggings/index.html[22m [2m(+23ms)[22m 
[2m22:30:48[22m   [34m├─[39m [2m/armor/coarse-tunic/index.html[22m [2m(+23ms)[22m 
[2m22:30:48[22m   [34m├─[39m [2m/armor/commanders-chestplate/index.html[22m [2m(+23ms)[22m 
[2m22:30:48[22m   [34m├─[39m [2m/armor/commanders-helmet/index.html[22m [2m(+23ms)[22m 
[2m22:30:48[22m   [34m├─[39m [2m/armor/conans-royal-armor/index.html[22m [2m(+23ms)[22m 
[2m22:30:48[22m   [34m├─[39m [2m/armor/conans-royal-armor-epic/index.html[22m [2m(+22ms)[22m 
[2m22:30:48[22m   [34m├─[39m [2m/armor/corinthian-academic-bracers/index.html[22m [2m(+23ms)[22m 
[2m22:30:48[22m   [34m├─[39m [2m/armor/corinthian-academic-hat/index.html[22m [2m(+23ms)[22m 
[2m22:30:48[22m   [34m├─[39m [2m/armor/corinthian-academic-sandals/index.html[22m [2m(+23ms)[22m 
[2m22:30:48[22m   [34m├─[39m [2m/armor/corinthian-academic-skirt/index.html[22m [2m(+23ms)[22m 
[2m22:30:48[22m   [34m├─[39m [2m/armor/corinthian-academic-tunic/index.html[22m [2m(+23ms)[22m 
[2m22:30:48[22m   [34m├─[39m [2m/armor/corinthian-stargazer-cuffs/index.html[22m [2m(+22ms)[22m 
[2m22:30:48[22m   [34m├─[39m [2m/armor/corinthian-stargazer-robes/index.html[22m [2m(+23ms)[22m 
[2m22:30:48[22m   [34m├─[39m [2m/armor/corinthian-stargazer-sandals/index.html[22m [2m(+22ms)[22m 
[2m22:30:48[22m   [34m├─[39m [2m/armor/corinthian-stargazer-skirt/index.html[22m [2m(+23ms)[22m 
[2m22:30:48[22m   [34m├─[39m [2m/armor/corinthian-stargazer-veil/index.html[22m [2m(+24ms)[22m 
[2m22:30:48[22m   [34m├─[39m [2m/armor/crystalline-visage-boots/index.html[22m [2m(+24ms)[22m 
[2m22:30:48[22m   [34m├─[39m [2m/armor/crystalline-visage-boots-epic/index.html[22m [2m(+23ms)[22m 
[2m22:30:48[22m   [34m├─[39m [2m/armor/crystalline-visage-breastplate/index.html[22m [2m(+23ms)[22m 
[2m22:30:48[22m   [34m├─[39m [2m/armor/crystalline-visage-breastplate-epic/index.html[22m [2m(+23ms)[22m 
[2m22:30:48[22m   [34m├─[39m [2m/armor/crystalline-visage-gauntlets/index.html[22m [2m(+23ms)[22m 
[2m22:30:48[22m   [34m├─[39m [2m/armor/crystalline-visage-gauntlets-epic/index.html[22m [2m(+23ms)[22m 
[2m22:30:48[22m   [34m├─[39m [2m/armor/crystalline-visage-helmet/index.html[22m [2m(+22ms)[22m 
[2m22:30:48[22m   [34m├─[39m [2m/armor/crystalline-visage-helmet-epic/index.html[22m [2m(+23ms)[22m 
[2m22:30:48[22m   [34m├─[39m [2m/armor/crystalline-visage-tasset/index.html[22m [2m(+23ms)[22m 
[2m22:30:48[22m   [34m├─[39m [2m/armor/crystalline-visage-tasset-epic/index.html[22m [2m(+23ms)[22m 
[2m22:30:48[22m   [34m├─[39m [2m/armor/darfari-skin-bracers/index.html[22m [2m(+23ms)[22m 
[2m22:30:48[22m   [34m├─[39m [2m/armor/darfari-skin-bracers-epic/index.html[22m [2m(+22ms)[22m 
[2m22:30:48[22m   [34m├─[39m [2m/armor/darfari-skin-chestpiece/index.html[22m [2m(+23ms)[22m 
[2m22:30:48[22m   [34m├─[39m [2m/armor/darfari-skin-chestpiece-epic/index.html[22m [2m(+23ms)[22m 
[2m22:30:48[22m   [34m├─[39m [2m/armor/darfari-skin-greaves/index.html[22m [2m(+23ms)[22m 
[2m22:30:48[22m   [34m├─[39m [2m/armor/darfari-skin-greaves-epic/index.html[22m [2m(+22ms)[22m 
[2m22:30:48[22m   [34m├─[39m [2m/armor/darfari-skin-skirt/index.html[22m [2m(+23ms)[22m 
[2m22:30:48[22m   [34m├─[39m [2m/armor/darfari-skin-skirt-epic/index.html[22m [2m(+22ms)[22m 
[2m22:30:48[22m   [34m├─[39m [2m/armor/darfari-speaker-mask/index.html[22m [2m(+23ms)[22m 
[2m22:30:48[22m   [34m├─[39m [2m/armor/darfari-watcher-mask/index.html[22m [2m(+23ms)[22m 
[2m22:30:48[22m   [34m├─[39m [2m/armor/darfari-watcher-mask-epic/index.html[22m [2m(+22ms)[22m 
[2m22:30:49[22m   [34m├─[39m [2m/armor/dark-templar-chestguard/index.html[22m [2m(+23ms)[22m 
[2m22:30:49[22m   [34m├─[39m [2m/armor/dark-templar-chestguard-epic/index.html[22m [2m(+23ms)[22m 
[2m22:30:49[22m   [34m├─[39m [2m/armor/dark-templar-gauntlets/index.html[22m [2m(+22ms)[22m 
[2m22:30:49[22m   [34m├─[39m [2m/armor/dark-templar-gauntlets-epic/index.html[22m [2m(+22ms)[22m 
[2m22:30:49[22m   [34m├─[39m [2m/armor/dark-templar-helmet/index.html[22m [2m(+22ms)[22m 
[2m22:30:49[22m   [34m├─[39m [2m/armor/dark-templar-helmet-epic/index.html[22m [2m(+23ms)[22m 
[2m22:30:49[22m   [34m├─[39m [2m/armor/dark-templar-legplates/index.html[22m [2m(+22ms)[22m 
[2m22:30:49[22m   [34m├─[39m [2m/armor/dark-templar-legplates-epic/index.html[22m [2m(+22ms)[22m 
[2m22:30:49[22m   [34m├─[39m [2m/armor/dark-templar-sabatons/index.html[22m [2m(+23ms)[22m 
[2m22:30:49[22m   [34m├─[39m [2m/armor/dark-templar-sabatons-epic/index.html[22m [2m(+23ms)[22m 
[2m22:30:49[22m   [34m├─[39m [2m/armor/derketo-acolyte-handwraps/index.html[22m [2m(+23ms)[22m 
[2m22:30:49[22m   [34m├─[39m [2m/armor/derketo-acolyte-headpiece/index.html[22m [2m(+23ms)[22m 
[2m22:30:49[22m   [34m├─[39m [2m/armor/derketo-acolyte-robe/index.html[22m [2m(+23ms)[22m 
[2m22:30:49[22m   [34m├─[39m [2m/armor/derketo-acolyte-sandals/index.html[22m [2m(+23ms)[22m 
[2m22:30:49[22m   [34m├─[39m [2m/armor/derketo-acolyte-skirt/index.html[22m [2m(+23ms)[22m 
[2m22:30:49[22m   [34m├─[39m [2m/armor/derketo-dancer-anklets/index.html[22m [2m(+22ms)[22m 
[2m22:30:49[22m   [34m├─[39m [2m/armor/derketo-dancer-blouse/index.html[22m [2m(+23ms)[22m 
[2m22:30:49[22m   [34m├─[39m [2m/armor/derketo-dancer-bracelets/index.html[22m [2m(+23ms)[22m 
[2m22:30:49[22m   [34m├─[39m [2m/armor/derketo-dancer-headdress/index.html[22m [2m(+23ms)[22m 
[2m22:30:49[22m   [34m├─[39m [2m/armor/derketo-dancer-skirt/index.html[22m [2m(+22ms)[22m 
[2m22:30:49[22m   [34m├─[39m [2m/armor/dragonscale-helm/index.html[22m [2m(+23ms)[22m 
[2m22:30:49[22m   [34m├─[39m [2m/armor/dune-hunter-gloves/index.html[22m [2m(+23ms)[22m 
[2m22:30:49[22m   [34m├─[39m [2m/armor/dune-hunter-gloves-epic/index.html[22m [2m(+23ms)[22m 
[2m22:30:49[22m   [34m├─[39m [2m/armor/dune-hunter-leggings/index.html[22m [2m(+23ms)[22m 
[2m22:30:49[22m   [34m├─[39m [2m/armor/dune-hunter-leggings-epic/index.html[22m [2m(+23ms)[22m 
[2m22:30:49[22m   [34m├─[39m [2m/armor/dune-hunter-shoes/index.html[22m [2m(+22ms)[22m 
[2m22:30:49[22m   [34m├─[39m [2m/armor/dune-hunter-shoes-epic/index.html[22m [2m(+23ms)[22m 
[2m22:30:49[22m   [34m├─[39m [2m/armor/dune-hunter-tunic/index.html[22m [2m(+22ms)[22m 
[2m22:30:49[22m   [34m├─[39m [2m/armor/dune-hunter-tunic-epic/index.html[22m [2m(+22ms)[22m 
[2m22:30:49[22m   [34m├─[39m [2m/armor/dune-hunter-turban/index.html[22m [2m(+23ms)[22m 
[2m22:30:49[22m   [34m├─[39m [2m/armor/dune-hunter-turban-epic/index.html[22m [2m(+22ms)[22m 
[2m22:30:49[22m   [34m├─[39m [2m/armor/durable-heavy-gauntlets/index.html[22m [2m(+23ms)[22m 
[2m22:30:49[22m   [34m├─[39m [2m/armor/durable-heavy-gauntlets-epic/index.html[22m [2m(+23ms)[22m 
[2m22:30:49[22m   [34m├─[39m [2m/armor/durable-heavy-helmet/index.html[22m [2m(+24ms)[22m 
[2m22:30:49[22m   [34m├─[39m [2m/armor/durable-heavy-helmet-epic/index.html[22m [2m(+23ms)[22m 
[2m22:30:49[22m   [34m├─[39m [2m/armor/durable-heavy-pauldron/index.html[22m [2m(+23ms)[22m 
[2m22:30:49[22m   [34m├─[39m [2m/armor/durable-heavy-pauldron-epic/index.html[22m [2m(+24ms)[22m 
[2m22:30:49[22m   [34m├─[39m [2m/armor/durable-heavy-sabatons/index.html[22m [2m(+23ms)[22m 
[2m22:30:49[22m   [34m├─[39m [2m/armor/durable-heavy-sabatons-epic/index.html[22m [2m(+23ms)[22m 
[2m22:30:49[22m   [34m├─[39m [2m/armor/durable-heavy-tasset/index.html[22m [2m(+24ms)[22m 
[2m22:30:49[22m   [34m├─[39m [2m/armor/durable-heavy-tasset-epic/index.html[22m [2m(+23ms)[22m 
[2m22:30:49[22m   [34m├─[39m [2m/armor/durable-light-boots/index.html[22m [2m(+23ms)[22m 
[2m22:30:49[22m   [34m├─[39m [2m/armor/durable-light-boots-epic/index.html[22m [2m(+24ms)[22m 
[2m22:30:49[22m   [34m├─[39m [2m/armor/durable-light-chestpiece/index.html[22m [2m(+23ms)[22m 
[2m22:30:50[22m   [34m├─[39m [2m/armor/durable-light-chestpiece-epic/index.html[22m [2m(+23ms)[22m 
[2m22:30:50[22m   [34m├─[39m [2m/armor/durable-light-gauntlets/index.html[22m [2m(+24ms)[22m 
[2m22:30:50[22m   [34m├─[39m [2m/armor/durable-light-gauntlets-epic/index.html[22m [2m(+23ms)[22m 
[2m22:30:50[22m   [34m├─[39m [2m/armor/durable-light-turban/index.html[22m [2m(+22ms)[22m 
[2m22:30:50[22m   [34m├─[39m [2m/armor/durable-light-turban-epic/index.html[22m [2m(+22ms)[22m 
[2m22:30:50[22m   [34m├─[39m [2m/armor/durable-light-wrap/index.html[22m [2m(+23ms)[22m 
[2m22:30:50[22m   [34m├─[39m [2m/armor/durable-light-wrap-epic/index.html[22m [2m(+22ms)[22m 
[2m22:30:50[22m   [34m├─[39m [2m/armor/durable-medium-boots/index.html[22m [2m(+23ms)[22m 
[2m22:30:50[22m   [34m├─[39m [2m/armor/durable-medium-boots-epic/index.html[22m [2m(+22ms)[22m 
[2m22:30:50[22m   [34m├─[39m [2m/armor/durable-medium-cap/index.html[22m [2m(+23ms)[22m 
[2m22:30:50[22m   [34m├─[39m [2m/armor/durable-medium-cap-epic/index.html[22m [2m(+22ms)[22m 
[2m22:30:50[22m   [34m├─[39m [2m/armor/durable-medium-gauntlets/index.html[22m [2m(+23ms)[22m 
[2m22:30:50[22m   [34m├─[39m [2m/armor/durable-medium-gauntlets-epic/index.html[22m [2m(+22ms)[22m 
[2m22:30:50[22m   [34m├─[39m [2m/armor/durable-medium-harness/index.html[22m [2m(+24ms)[22m 
[2m22:30:50[22m   [34m├─[39m [2m/armor/durable-medium-harness-epic/index.html[22m [2m(+23ms)[22m 
[2m22:30:50[22m   [34m├─[39m [2m/armor/durable-medium-tasset/index.html[22m [2m(+22ms)[22m 
[2m22:30:50[22m   [34m├─[39m [2m/armor/durable-medium-tasset-epic/index.html[22m [2m(+22ms)[22m 
[2m22:30:50[22m   [34m├─[39m [2m/armor/embalming-arm-wraps/index.html[22m [2m(+22ms)[22m 
[2m22:30:50[22m   [34m├─[39m [2m/armor/embalming-arm-wraps-epic/index.html[22m [2m(+23ms)[22m 
[2m22:30:50[22m   [34m├─[39m [2m/armor/embalming-chest-wrap/index.html[22m [2m(+22ms)[22m 
[2m22:30:50[22m   [34m├─[39m [2m/armor/embalming-chest-wrap-epic/index.html[22m [2m(+22ms)[22m 
[2m22:30:50[22m   [34m├─[39m [2m/armor/embalming-foot-wraps/index.html[22m [2m(+22ms)[22m 
[2m22:30:50[22m   [34m├─[39m [2m/armor/embalming-foot-wraps-epic/index.html[22m [2m(+23ms)[22m 
[2m22:30:50[22m   [34m├─[39m [2m/armor/embalming-head-wrap/index.html[22m [2m(+22ms)[22m 
[2m22:30:50[22m   [34m├─[39m [2m/armor/embalming-head-wrap-epic/index.html[22m [2m(+23ms)[22m 
[2m22:30:50[22m   [34m├─[39m [2m/armor/embalming-tasset/index.html[22m [2m(+22ms)[22m 
[2m22:30:50[22m   [34m├─[39m [2m/armor/embalming-tasset-epic/index.html[22m [2m(+22ms)[22m 
[2m22:30:50[22m   [34m├─[39m [2m/armor/executioners-hood/index.html[22m [2m(+23ms)[22m 
[2m22:30:50[22m   [34m├─[39m [2m/armor/exquisite-silk-leggings/index.html[22m [2m(+23ms)[22m 
[2m22:30:50[22m   [34m├─[39m [2m/armor/exquisite-silk-shirt/index.html[22m [2m(+22ms)[22m 
[2m22:30:50[22m   [34m├─[39m [2m/armor/eye-patch/index.html[22m [2m(+22ms)[22m 
[2m22:30:50[22m   [34m├─[39m [2m/armor/ferine-stalker-boots/index.html[22m [2m(+23ms)[22m 
[2m22:30:50[22m   [34m├─[39m [2m/armor/ferine-stalker-boots-epic/index.html[22m [2m(+23ms)[22m 
[2m22:30:50[22m   [34m├─[39m [2m/armor/ferine-stalker-bracers/index.html[22m [2m(+22ms)[22m 
[2m22:30:50[22m   [34m├─[39m [2m/armor/ferine-stalker-bracers-epic/index.html[22m [2m(+23ms)[22m 
[2m22:30:50[22m   [34m├─[39m [2m/armor/ferine-stalker-chestpiece/index.html[22m [2m(+23ms)[22m 
[2m22:30:50[22m   [34m├─[39m [2m/armor/ferine-stalker-chestpiece-epic/index.html[22m [2m(+24ms)[22m 
[2m22:30:50[22m   [34m├─[39m [2m/armor/ferine-stalker-headdress/index.html[22m [2m(+23ms)[22m 
[2m22:30:50[22m   [34m├─[39m [2m/armor/ferine-stalker-headdress-epic/index.html[22m [2m(+24ms)[22m 
[2m22:30:50[22m   [34m├─[39m [2m/armor/ferine-stalker-wrap/index.html[22m [2m(+23ms)[22m 
[2m22:30:50[22m   [34m├─[39m [2m/armor/ferine-stalker-wrap-epic/index.html[22m [2m(+23ms)[22m 
[2m22:30:50[22m   [34m├─[39m [2m/armor/fins-of-the-drowned/index.html[22m [2m(+24ms)[22m 
[2m22:30:50[22m   [34m├─[39m [2m/armor/fists-of-the-drowned/index.html[22m [2m(+24ms)[22m 
[2m22:30:50[22m   [34m├─[39m [2m/armor/frost-giants-boots/index.html[22m [2m(+23ms)[22m 
[2m22:30:51[22m   [34m├─[39m [2m/armor/frost-giants-boots-epic/index.html[22m [2m(+23ms)[22m 
[2m22:30:51[22m   [34m├─[39m [2m/armor/frost-giants-chestpiece/index.html[22m [2m(+23ms)[22m 
[2m22:30:51[22m   [34m├─[39m [2m/armor/frost-giants-chestpiece-epic/index.html[22m [2m(+23ms)[22m 
[2m22:30:51[22m   [34m├─[39m [2m/armor/frost-giants-gauntlets/index.html[22m [2m(+23ms)[22m 
[2m22:30:51[22m   [34m├─[39m [2m/armor/frost-giants-gauntlets-epic/index.html[22m [2m(+24ms)[22m 
[2m22:30:51[22m   [34m├─[39m [2m/armor/frost-giants-helmet/index.html[22m [2m(+23ms)[22m 
[2m22:30:51[22m   [34m├─[39m [2m/armor/frost-giants-helmet-epic/index.html[22m [2m(+23ms)[22m 
[2m22:30:51[22m   [34m├─[39m [2m/armor/frost-giants-leggings/index.html[22m [2m(+23ms)[22m 
[2m22:30:51[22m   [34m├─[39m [2m/armor/frost-giants-leggings-epic/index.html[22m [2m(+23ms)[22m 
[2m22:30:51[22m   [34m├─[39m [2m/armor/gauntlets-of-sobek/index.html[22m [2m(+23ms)[22m 
[2m22:30:51[22m   [34m├─[39m [2m/armor/gauntlets-of-the-brute/index.html[22m [2m(+23ms)[22m 
[2m22:30:51[22m   [34m├─[39m [2m/armor/gjermundbu/index.html[22m [2m(+23ms)[22m 
[2m22:30:51[22m   [34m├─[39m [2m/armor/gjermundbu-epic/index.html[22m [2m(+23ms)[22m 
[2m22:30:51[22m   [34m├─[39m [2m/armor/gladiators-bracers/index.html[22m [2m(+23ms)[22m 
[2m22:30:51[22m   [34m├─[39m [2m/armor/gladiators-bracers-epic/index.html[22m [2m(+23ms)[22m 
[2m22:30:51[22m   [34m├─[39m [2m/armor/gladiators-helmet/index.html[22m [2m(+23ms)[22m 
[2m22:30:51[22m   [34m├─[39m [2m/armor/gladiators-helmet-epic/index.html[22m [2m(+23ms)[22m 
[2m22:30:51[22m   [34m├─[39m [2m/armor/gladiators-loincloth/index.html[22m [2m(+23ms)[22m 
[2m22:30:51[22m   [34m├─[39m [2m/armor/gladiators-loincloth-epic/index.html[22m [2m(+24ms)[22m 
[2m22:30:51[22m   [34m├─[39m [2m/armor/gladiators-sandals/index.html[22m [2m(+23ms)[22m 
[2m22:30:51[22m   [34m├─[39m [2m/armor/gladiators-sandals-epic/index.html[22m [2m(+23ms)[22m 
[2m22:30:51[22m   [34m├─[39m [2m/armor/gladiators-waistguard/index.html[22m [2m(+23ms)[22m 
[2m22:30:51[22m   [34m├─[39m [2m/armor/gladiators-waistguard-epic/index.html[22m [2m(+22ms)[22m 
[2m22:30:51[22m   [34m├─[39m [2m/armor/gloves-of-asura/index.html[22m [2m(+23ms)[22m 
[2m22:30:51[22m   [34m├─[39m [2m/armor/gloves-of-jhil/index.html[22m [2m(+24ms)[22m 
[2m22:30:51[22m   [34m├─[39m [2m/armor/gloves-of-the-watchers/index.html[22m [2m(+22ms)[22m 
[2m22:30:51[22m   [34m├─[39m [2m/armor/gloves-of-the-watchers-epic/index.html[22m [2m(+22ms)[22m 
[2m22:30:51[22m   [34m├─[39m [2m/armor/god-eye/index.html[22m [2m(+23ms)[22m 
[2m22:30:51[22m   [34m├─[39m [2m/armor/godbreaker-boots/index.html[22m [2m(+23ms)[22m 
[2m22:30:51[22m   [34m├─[39m [2m/armor/godbreaker-grips/index.html[22m [2m(+22ms)[22m 
[2m22:30:51[22m   [34m├─[39m [2m/armor/godbreaker-helmet/index.html[22m [2m(+22ms)[22m 
[2m22:30:51[22m   [34m├─[39m [2m/armor/godbreaker-leggings/index.html[22m [2m(+23ms)[22m 
[2m22:30:51[22m   [34m├─[39m [2m/armor/godbreaker-plate/index.html[22m [2m(+22ms)[22m 
[2m22:30:51[22m   [34m├─[39m [2m/armor/gold-anklet/index.html[22m [2m(+22ms)[22m 
[2m22:30:51[22m   [34m├─[39m [2m/armor/gold-bracelet/index.html[22m [2m(+22ms)[22m 
[2m22:30:51[22m   [34m├─[39m [2m/armor/gold-circlet/index.html[22m [2m(+24ms)[22m 
[2m22:30:51[22m   [34m├─[39m [2m/armor/gold-circlet-and-earrings/index.html[22m [2m(+22ms)[22m 
[2m22:30:51[22m   [34m├─[39m [2m/armor/gold-earrings/index.html[22m [2m(+22ms)[22m 
[2m22:30:51[22m   [34m├─[39m [2m/armor/golden-reaver-helm/index.html[22m [2m(+23ms)[22m 
[2m22:30:51[22m   [34m├─[39m [2m/armor/golden-reaver-helm-epic/index.html[22m [2m(+23ms)[22m 
[2m22:30:51[22m   [34m├─[39m [2m/armor/golden-stygian-raider-bracers/index.html[22m [2m(+23ms)[22m 
[2m22:30:51[22m   [34m├─[39m [2m/armor/golden-stygian-raider-bracers-epic/index.html[22m [2m(+23ms)[22m 
[2m22:30:51[22m   [34m├─[39m [2m/armor/golden-stygian-raider-chestpiece/index.html[22m [2m(+22ms)[22m 
[2m22:30:52[22m   [34m├─[39m [2m/armor/golden-stygian-raider-chestpiece-epic/index.html[22m [2m(+23ms)[22m 
[2m22:30:52[22m   [34m├─[39m [2m/armor/golden-stygian-raider-greaves/index.html[22m [2m(+23ms)[22m 
[2m22:30:52[22m   [34m├─[39m [2m/armor/golden-stygian-raider-greaves-epic/index.html[22m [2m(+22ms)[22m 
[2m22:30:52[22m   [34m├─[39m [2m/armor/golden-stygian-raider-mask/index.html[22m [2m(+23ms)[22m 
[2m22:30:52[22m   [34m├─[39m [2m/armor/golden-stygian-raider-mask-epic/index.html[22m [2m(+23ms)[22m 
[2m22:30:52[22m   [34m├─[39m [2m/armor/golden-stygian-raider-sandals/index.html[22m [2m(+24ms)[22m 
[2m22:30:52[22m   [34m├─[39m [2m/armor/golden-stygian-raider-sandals-epic/index.html[22m [2m(+23ms)[22m 
[2m22:30:52[22m   [34m├─[39m [2m/armor/golem-visage-boots/index.html[22m [2m(+23ms)[22m 
[2m22:30:52[22m   [34m├─[39m [2m/armor/golem-visage-boots-epic/index.html[22m [2m(+23ms)[22m 
[2m22:30:52[22m   [34m├─[39m [2m/armor/golem-visage-breastplate/index.html[22m [2m(+22ms)[22m 
[2m22:30:52[22m   [34m├─[39m [2m/armor/golem-visage-breastplate-epic/index.html[22m [2m(+24ms)[22m 
[2m22:30:52[22m   [34m├─[39m [2m/armor/golem-visage-gauntlets/index.html[22m [2m(+23ms)[22m 
[2m22:30:52[22m   [34m├─[39m [2m/armor/golem-visage-gauntlets-epic/index.html[22m [2m(+23ms)[22m 
[2m22:30:52[22m   [34m├─[39m [2m/armor/golem-visage-helmet/index.html[22m [2m(+23ms)[22m 
[2m22:30:52[22m   [34m├─[39m [2m/armor/golem-visage-helmet-epic/index.html[22m [2m(+23ms)[22m 
[2m22:30:52[22m   [34m├─[39m [2m/armor/golem-visage-tasset/index.html[22m [2m(+22ms)[22m 
[2m22:30:52[22m   [34m├─[39m [2m/armor/golem-visage-tasset-epic/index.html[22m [2m(+22ms)[22m 
[2m22:30:52[22m   [34m├─[39m [2m/armor/grey-one-armbands/index.html[22m [2m(+23ms)[22m 
[2m22:30:52[22m   [34m├─[39m [2m/armor/grey-one-footwraps/index.html[22m [2m(+23ms)[22m 
[2m22:30:52[22m   [34m├─[39m [2m/armor/grey-one-kilt/index.html[22m [2m(+23ms)[22m 
[2m22:30:52[22m   [34m├─[39m [2m/armor/grey-one-mask/index.html[22m [2m(+23ms)[22m 
[2m22:30:52[22m   [34m├─[39m [2m/armor/grey-one-shoulders/index.html[22m [2m(+22ms)[22m 
[2m22:30:52[22m   [34m├─[39m [2m/armor/guardian-chestguard/index.html[22m [2m(+22ms)[22m 
[2m22:30:52[22m   [34m├─[39m [2m/armor/guardian-chestguard-epic/index.html[22m [2m(+23ms)[22m 
[2m22:30:52[22m   [34m├─[39m [2m/armor/guardian-gauntlets/index.html[22m [2m(+22ms)[22m 
[2m22:30:52[22m   [34m├─[39m [2m/armor/guardian-gauntlets-epic/index.html[22m [2m(+22ms)[22m 
[2m22:30:52[22m   [34m├─[39m [2m/armor/guardian-helmet/index.html[22m [2m(+23ms)[22m 
[2m22:30:52[22m   [34m├─[39m [2m/armor/guardian-helmet-epic/index.html[22m [2m(+22ms)[22m 
[2m22:30:52[22m   [34m├─[39m [2m/armor/guardian-legplates/index.html[22m [2m(+23ms)[22m 
[2m22:30:52[22m   [34m├─[39m [2m/armor/guardian-legplates-epic/index.html[22m [2m(+22ms)[22m 
[2m22:30:52[22m   [34m├─[39m [2m/armor/guardian-sabatons/index.html[22m [2m(+23ms)[22m 
[2m22:30:52[22m   [34m├─[39m [2m/armor/guardian-sabatons-epic/index.html[22m [2m(+23ms)[22m 
[2m22:30:52[22m   [34m├─[39m [2m/armor/gurnakhi-boots-battle-pass-epic/index.html[22m [2m(+23ms)[22m 
[2m22:30:52[22m   [34m├─[39m [2m/armor/gurnakhi-boots-battle-pass/index.html[22m [2m(+22ms)[22m 
[2m22:30:52[22m   [34m├─[39m [2m/armor/gurnakhi-boots-black-lotus-bazaar-epic/index.html[22m [2m(+23ms)[22m 
[2m22:30:52[22m   [34m├─[39m [2m/armor/gurnakhi-boots-black-lotus-bazaar/index.html[22m [2m(+24ms)[22m 
[2m22:30:52[22m   [34m├─[39m [2m/armor/gurnakhi-bracers-battle-pass-epic/index.html[22m [2m(+24ms)[22m 
[2m22:30:52[22m   [34m├─[39m [2m/armor/gurnakhi-bracers-battle-pass/index.html[22m [2m(+22ms)[22m 
[2m22:30:52[22m   [34m├─[39m [2m/armor/gurnakhi-bracers-black-lotus-bazaar-epic/index.html[22m [2m(+22ms)[22m 
[2m22:30:52[22m   [34m├─[39m [2m/armor/gurnakhi-bracers-black-lotus-bazaar/index.html[22m [2m(+22ms)[22m 
[2m22:30:52[22m   [34m├─[39m [2m/armor/gurnakhi-helm-battle-pass-epic/index.html[22m [2m(+23ms)[22m 
[2m22:30:52[22m   [34m├─[39m [2m/armor/gurnakhi-helm-battle-pass/index.html[22m [2m(+22ms)[22m 
[2m22:30:52[22m   [34m├─[39m [2m/armor/gurnakhi-helm-black-lotus-bazaar-epic/index.html[22m [2m(+23ms)[22m 
[2m22:30:52[22m   [34m├─[39m [2m/armor/gurnakhi-helm-black-lotus-bazaar/index.html[22m [2m(+23ms)[22m 
[2m22:30:53[22m   [34m├─[39m [2m/armor/gurnakhi-mantle-battle-pass-epic/index.html[22m [2m(+22ms)[22m 
[2m22:30:53[22m   [34m├─[39m [2m/armor/gurnakhi-mantle-battle-pass/index.html[22m [2m(+22ms)[22m 
[2m22:30:53[22m   [34m├─[39m [2m/armor/gurnakhi-mantle-black-lotus-bazaar-epic/index.html[22m [2m(+22ms)[22m 
[2m22:30:53[22m   [34m├─[39m [2m/armor/gurnakhi-mantle-black-lotus-bazaar/index.html[22m [2m(+23ms)[22m 
[2m22:30:53[22m   [34m├─[39m [2m/armor/gurnakhi-vandal-boots/index.html[22m [2m(+22ms)[22m 
[2m22:30:53[22m   [34m├─[39m [2m/armor/gurnakhi-vandal-boots-epic/index.html[22m [2m(+23ms)[22m 
[2m22:30:53[22m   [34m├─[39m [2m/armor/gurnakhi-vandal-bracers/index.html[22m [2m(+23ms)[22m 
[2m22:30:53[22m   [34m├─[39m [2m/armor/gurnakhi-vandal-bracers-epic/index.html[22m [2m(+23ms)[22m 
[2m22:30:53[22m   [34m├─[39m [2m/armor/gurnakhi-vandal-helm/index.html[22m [2m(+23ms)[22m 
[2m22:30:53[22m   [34m├─[39m [2m/armor/gurnakhi-vandal-helm-epic/index.html[22m [2m(+23ms)[22m 
[2m22:30:53[22m   [34m├─[39m [2m/armor/gurnakhi-vandal-mantle/index.html[22m [2m(+23ms)[22m 
[2m22:30:53[22m   [34m├─[39m [2m/armor/gurnakhi-vandal-mantle-epic/index.html[22m [2m(+23ms)[22m 
[2m22:30:53[22m   [34m├─[39m [2m/armor/gurnakhi-vandal-waistguard/index.html[22m [2m(+23ms)[22m 
[2m22:30:53[22m   [34m├─[39m [2m/armor/gurnakhi-vandal-waistguard-epic/index.html[22m [2m(+23ms)[22m 
[2m22:30:53[22m   [34m├─[39m [2m/armor/gurnakhi-waistguard-battle-pass-epic/index.html[22m [2m(+23ms)[22m 
[2m22:30:53[22m   [34m├─[39m [2m/armor/gurnakhi-waistguard-battle-pass/index.html[22m [2m(+23ms)[22m 
[2m22:30:53[22m   [34m├─[39m [2m/armor/gurnakhi-waistguard-black-lotus-bazaar-epic/index.html[22m [2m(+23ms)[22m 
[2m22:30:53[22m   [34m├─[39m [2m/armor/gurnakhi-waistguard-black-lotus-bazaar/index.html[22m [2m(+23ms)[22m 
[2m22:30:53[22m   [34m├─[39m [2m/armor/hands-of-the-goblinoid/index.html[22m [2m(+23ms)[22m 
[2m22:30:53[22m   [34m├─[39m [2m/armor/harness-of-the-mad-prophet/index.html[22m [2m(+23ms)[22m 
[2m22:30:53[22m   [34m├─[39m [2m/armor/harness-of-the-mad-prophet-epic/index.html[22m [2m(+23ms)[22m 
[2m22:30:53[22m   [34m├─[39m [2m/armor/headband-of-zath/index.html[22m [2m(+24ms)[22m 
[2m22:30:53[22m   [34m├─[39m [2m/armor/headdress-of-jhebbal-sag/index.html[22m [2m(+23ms)[22m 
[2m22:30:53[22m   [34m├─[39m [2m/armor/heavy-gauntlets/index.html[22m [2m(+23ms)[22m 
[2m22:30:53[22m   [34m├─[39m [2m/armor/heavy-gauntlets-epic/index.html[22m [2m(+23ms)[22m 
[2m22:30:53[22m   [34m├─[39m [2m/armor/heavy-helmet/index.html[22m [2m(+22ms)[22m 
[2m22:30:53[22m   [34m├─[39m [2m/armor/heavy-helmet-epic/index.html[22m [2m(+23ms)[22m 
[2m22:30:53[22m   [34m├─[39m [2m/armor/heavy-leather-helmet/index.html[22m [2m(+23ms)[22m 
[2m22:30:53[22m   [34m├─[39m [2m/armor/heavy-pauldron/index.html[22m [2m(+23ms)[22m 
[2m22:30:53[22m   [34m├─[39m [2m/armor/heavy-pauldron-epic/index.html[22m [2m(+22ms)[22m 
[2m22:30:53[22m   [34m├─[39m [2m/armor/heavy-plated-helmet/index.html[22m [2m(+22ms)[22m 
[2m22:30:53[22m   [34m├─[39m [2m/armor/heavy-sabatons/index.html[22m [2m(+23ms)[22m 
[2m22:30:53[22m   [34m├─[39m [2m/armor/heavy-sabatons-epic/index.html[22m [2m(+22ms)[22m 
[2m22:30:53[22m   [34m├─[39m [2m/armor/heavy-tasset/index.html[22m [2m(+32ms)[22m 
[2m22:30:53[22m   [34m├─[39m [2m/armor/heavy-tasset-epic/index.html[22m [2m(+22ms)[22m 
[2m22:30:53[22m   [34m├─[39m [2m/armor/helm-of-kraxus/index.html[22m [2m(+22ms)[22m 
[2m22:30:53[22m   [34m├─[39m [2m/armor/helm-of-sobek/index.html[22m [2m(+23ms)[22m 
[2m22:30:53[22m   [34m├─[39m [2m/armor/helm-of-the-brute/index.html[22m [2m(+22ms)[22m 
[2m22:30:53[22m   [34m├─[39m [2m/armor/helm-of-the-fiend-battle-pass-epic/index.html[22m [2m(+22ms)[22m 
[2m22:30:53[22m   [34m├─[39m [2m/armor/helm-of-the-fiend-battle-pass/index.html[22m [2m(+22ms)[22m 
[2m22:30:53[22m   [34m├─[39m [2m/armor/helm-of-the-fiend-black-lotus-bazaar-epic/index.html[22m [2m(+22ms)[22m 
[2m22:30:53[22m   [34m├─[39m [2m/armor/helm-of-the-fiend-black-lotus-bazaar/index.html[22m [2m(+22ms)[22m 
[2m22:30:53[22m   [34m├─[39m [2m/armor/helm-of-the-mad-prophet/index.html[22m [2m(+22ms)[22m 
[2m22:30:53[22m   [34m├─[39m [2m/armor/helm-of-the-mad-prophet-epic/index.html[22m [2m(+22ms)[22m 
[2m22:30:54[22m   [34m├─[39m [2m/armor/hood-of-asura/index.html[22m [2m(+22ms)[22m 
[2m22:30:54[22m   [34m├─[39m [2m/armor/hood-of-kurak/index.html[22m [2m(+22ms)[22m 
[2m22:30:54[22m   [34m├─[39m [2m/armor/hook-left-fitting/index.html[22m [2m(+22ms)[22m 
[2m22:30:54[22m   [34m├─[39m [2m/armor/hook-right-fitting/index.html[22m [2m(+22ms)[22m 
[2m22:30:54[22m   [34m├─[39m [2m/armor/horned-heavy-plated-helmet/index.html[22m [2m(+22ms)[22m 
[2m22:30:54[22m   [34m├─[39m [2m/armor/hyena-skull-helmet/index.html[22m [2m(+23ms)[22m 
[2m22:30:54[22m   [34m├─[39m [2m/armor/hyena-skull-helmet-epic/index.html[22m [2m(+22ms)[22m 
[2m22:30:54[22m   [34m├─[39m [2m/armor/hyena-fur-boots/index.html[22m [2m(+22ms)[22m 
[2m22:30:54[22m   [34m├─[39m [2m/armor/hyena-fur-boots-epic/index.html[22m [2m(+23ms)[22m 
[2m22:30:54[22m   [34m├─[39m [2m/armor/hyena-fur-chestpiece/index.html[22m [2m(+23ms)[22m 
[2m22:30:54[22m   [34m├─[39m [2m/armor/hyena-fur-chestpiece-epic/index.html[22m [2m(+22ms)[22m 
[2m22:30:54[22m   [34m├─[39m [2m/armor/hyena-fur-gloves/index.html[22m [2m(+22ms)[22m 
[2m22:30:54[22m   [34m├─[39m [2m/armor/hyena-fur-gloves-epic/index.html[22m [2m(+23ms)[22m 
[2m22:30:54[22m   [34m├─[39m [2m/armor/hyena-fur-wrap/index.html[22m [2m(+23ms)[22m 
[2m22:30:54[22m   [34m├─[39m [2m/armor/hyena-fur-wrap-epic/index.html[22m [2m(+23ms)[22m 
[2m22:30:54[22m   [34m├─[39m [2m/armor/hyperborean-slaver-boots/index.html[22m [2m(+22ms)[22m 
[2m22:30:54[22m   [34m├─[39m [2m/armor/hyperborean-slaver-boots-epic/index.html[22m [2m(+24ms)[22m 
[2m22:30:54[22m   [34m├─[39m [2m/armor/hyperborean-slaver-bracers/index.html[22m [2m(+23ms)[22m 
[2m22:30:54[22m   [34m├─[39m [2m/armor/hyperborean-slaver-bracers-epic/index.html[22m [2m(+23ms)[22m 
[2m22:30:54[22m   [34m├─[39m [2m/armor/hyperborean-slaver-helmet/index.html[22m [2m(+22ms)[22m 
[2m22:30:54[22m   [34m├─[39m [2m/armor/hyperborean-slaver-helmet-epic/index.html[22m [2m(+23ms)[22m 
[2m22:30:54[22m   [34m├─[39m [2m/armor/hyperborean-slaver-loincloth/index.html[22m [2m(+23ms)[22m 
[2m22:30:54[22m   [34m├─[39m [2m/armor/hyperborean-slaver-loincloth-epic/index.html[22m [2m(+22ms)[22m 
[2m22:30:54[22m   [34m├─[39m [2m/armor/hyperborean-slaver-waistguard/index.html[22m [2m(+23ms)[22m 
[2m22:30:54[22m   [34m├─[39m [2m/armor/hyperborean-slaver-waistguard-epic/index.html[22m [2m(+23ms)[22m 
[2m22:30:54[22m   [34m├─[39m [2m/armor/hyrkanian-raider-boots/index.html[22m [2m(+24ms)[22m 
[2m22:30:54[22m   [34m├─[39m [2m/armor/hyrkanian-raider-boots-epic/index.html[22m [2m(+23ms)[22m 
[2m22:30:54[22m   [34m├─[39m [2m/armor/hyrkanian-raider-brigandine/index.html[22m [2m(+22ms)[22m 
[2m22:30:54[22m   [34m├─[39m [2m/armor/hyrkanian-raider-brigandine-epic/index.html[22m [2m(+22ms)[22m 
[2m22:30:54[22m   [34m├─[39m [2m/armor/hyrkanian-raider-gauntlets/index.html[22m [2m(+23ms)[22m 
[2m22:30:54[22m   [34m├─[39m [2m/armor/hyrkanian-raider-gauntlets-epic/index.html[22m [2m(+23ms)[22m 
[2m22:30:54[22m   [34m├─[39m [2m/armor/hyrkanian-raider-helm/index.html[22m [2m(+22ms)[22m 
[2m22:30:54[22m   [34m├─[39m [2m/armor/hyrkanian-raider-helm-epic/index.html[22m [2m(+22ms)[22m 
[2m22:30:54[22m   [34m├─[39m [2m/armor/hyrkanian-raider-tasset/index.html[22m [2m(+22ms)[22m 
[2m22:30:54[22m   [34m├─[39m [2m/armor/hyrkanian-raider-tasset-epic/index.html[22m [2m(+23ms)[22m 
[2m22:30:54[22m   [34m├─[39m [2m/armor/hyrkanian-warlord-boots/index.html[22m [2m(+22ms)[22m 
[2m22:30:54[22m   [34m├─[39m [2m/armor/hyrkanian-warlord-boots-epic/index.html[22m [2m(+23ms)[22m 
[2m22:30:54[22m   [34m├─[39m [2m/armor/hyrkanian-warlord-chainmail/index.html[22m [2m(+23ms)[22m 
[2m22:30:54[22m   [34m├─[39m [2m/armor/hyrkanian-warlord-chainmail-epic/index.html[22m [2m(+23ms)[22m 
[2m22:30:54[22m   [34m├─[39m [2m/armor/hyrkanian-warlord-gauntlets/index.html[22m [2m(+23ms)[22m 
[2m22:30:54[22m   [34m├─[39m [2m/armor/hyrkanian-warlord-gauntlets-epic/index.html[22m [2m(+22ms)[22m 
[2m22:30:54[22m   [34m├─[39m [2m/armor/hyrkanian-warlord-helmet/index.html[22m [2m(+23ms)[22m 
[2m22:30:54[22m   [34m├─[39m [2m/armor/hyrkanian-warlord-helmet-epic/index.html[22m [2m(+23ms)[22m 
[2m22:30:54[22m   [34m├─[39m [2m/armor/hyrkanian-warlord-tasset/index.html[22m [2m(+22ms)[22m 
[2m22:30:55[22m   [34m├─[39m [2m/armor/hyrkanian-warlord-tasset-epic/index.html[22m [2m(+23ms)[22m 
[2m22:30:55[22m   [34m├─[39m [2m/armor/inn-keepers-pants/index.html[22m [2m(+23ms)[22m 
[2m22:30:55[22m   [34m├─[39m [2m/armor/inn-keepers-vestments/index.html[22m [2m(+22ms)[22m 
[2m22:30:55[22m   [34m├─[39m [2m/armor/iron-anklet/index.html[22m [2m(+23ms)[22m 
[2m22:30:55[22m   [34m├─[39m [2m/armor/iron-bracelet/index.html[22m [2m(+23ms)[22m 
[2m22:30:55[22m   [34m├─[39m [2m/armor/iron-circlet/index.html[22m [2m(+23ms)[22m 
[2m22:30:55[22m   [34m├─[39m [2m/armor/iron-circlet-and-earrings/index.html[22m [2m(+23ms)[22m 
[2m22:30:55[22m   [34m├─[39m [2m/armor/iron-earrings/index.html[22m [2m(+23ms)[22m 
[2m22:30:55[22m   [34m├─[39m [2m/armor/island-ranger-boots/index.html[22m [2m(+23ms)[22m 
[2m22:30:55[22m   [34m├─[39m [2m/armor/island-ranger-boots-epic/index.html[22m [2m(+23ms)[22m 
[2m22:30:55[22m   [34m├─[39m [2m/armor/island-ranger-chestpiece/index.html[22m [2m(+23ms)[22m 
[2m22:30:55[22m   [34m├─[39m [2m/armor/island-ranger-chestpiece-epic/index.html[22m [2m(+22ms)[22m 
[2m22:30:55[22m   [34m├─[39m [2m/armor/island-ranger-gloves/index.html[22m [2m(+23ms)[22m 
[2m22:30:55[22m   [34m├─[39m [2m/armor/island-ranger-gloves-epic/index.html[22m [2m(+23ms)[22m 
[2m22:30:55[22m   [34m├─[39m [2m/armor/island-ranger-mask/index.html[22m [2m(+23ms)[22m 
[2m22:30:55[22m   [34m├─[39m [2m/armor/island-ranger-mask-epic/index.html[22m [2m(+23ms)[22m 
[2m22:30:55[22m   [34m├─[39m [2m/armor/island-ranger-wrap/index.html[22m [2m(+22ms)[22m 
[2m22:30:55[22m   [34m├─[39m [2m/armor/island-ranger-wrap-epic/index.html[22m [2m(+23ms)[22m 
[2m22:30:55[22m   [34m├─[39m [2m/armor/kambujan-champion-footwraps/index.html[22m [2m(+23ms)[22m 
[2m22:30:55[22m   [34m├─[39m [2m/armor/kambujan-champion-footwraps-epic/index.html[22m [2m(+24ms)[22m 
[2m22:30:55[22m   [34m├─[39m [2m/armor/kambujan-champion-handwraps/index.html[22m [2m(+23ms)[22m 
[2m22:30:55[22m   [34m├─[39m [2m/armor/kambujan-champion-handwraps-epic/index.html[22m [2m(+22ms)[22m 
[2m22:30:55[22m   [34m├─[39m [2m/armor/kambujan-champion-headwrap/index.html[22m [2m(+22ms)[22m 
[2m22:30:55[22m   [34m├─[39m [2m/armor/kambujan-champion-headwrap-epic/index.html[22m [2m(+24ms)[22m 
[2m22:30:55[22m   [34m├─[39m [2m/armor/kambujan-champion-loincloth/index.html[22m [2m(+24ms)[22m 
[2m22:30:55[22m   [34m├─[39m [2m/armor/kambujan-champion-loincloth-epic/index.html[22m [2m(+23ms)[22m 
[2m22:30:55[22m   [34m├─[39m [2m/armor/kambujan-champion-regalia/index.html[22m [2m(+23ms)[22m 
[2m22:30:55[22m   [34m├─[39m [2m/armor/kambujan-champion-regalia-epic/index.html[22m [2m(+23ms)[22m 
[2m22:30:55[22m   [34m├─[39m [2m/armor/kambujan-shaman-boots/index.html[22m [2m(+23ms)[22m 
[2m22:30:55[22m   [34m├─[39m [2m/armor/kambujan-shaman-boots-epic/index.html[22m [2m(+23ms)[22m 
[2m22:30:55[22m   [34m├─[39m [2m/armor/kambujan-shaman-chestpiece/index.html[22m [2m(+23ms)[22m 
[2m22:30:55[22m   [34m├─[39m [2m/armor/kambujan-shaman-chestpiece-epic/index.html[22m [2m(+23ms)[22m 
[2m22:30:55[22m   [34m├─[39m [2m/armor/kambujan-shaman-gloves/index.html[22m [2m(+22ms)[22m 
[2m22:30:55[22m   [34m├─[39m [2m/armor/kambujan-shaman-gloves-epic/index.html[22m [2m(+23ms)[22m 
[2m22:30:55[22m   [34m├─[39m [2m/armor/kambujan-shaman-helm/index.html[22m [2m(+23ms)[22m 
[2m22:30:55[22m   [34m├─[39m [2m/armor/kambujan-shaman-helm-epic/index.html[22m [2m(+22ms)[22m 
[2m22:30:55[22m   [34m├─[39m [2m/armor/kambujan-shaman-wrap/index.html[22m [2m(+23ms)[22m 
[2m22:30:55[22m   [34m├─[39m [2m/armor/kambujan-shaman-wrap-epic/index.html[22m [2m(+22ms)[22m 
[2m22:30:55[22m   [34m├─[39m [2m/armor/khari-overseer-bracers/index.html[22m [2m(+22ms)[22m 
[2m22:30:55[22m   [34m├─[39m [2m/armor/khari-overseer-helm/index.html[22m [2m(+23ms)[22m 
[2m22:30:55[22m   [34m├─[39m [2m/armor/khari-overseer-mantle/index.html[22m [2m(+22ms)[22m 
[2m22:30:55[22m   [34m├─[39m [2m/armor/khari-overseer-sandals/index.html[22m [2m(+23ms)[22m 
[2m22:30:55[22m   [34m├─[39m [2m/armor/khari-overseer-tasset/index.html[22m [2m(+22ms)[22m 
[2m22:30:56[22m   [34m├─[39m [2m/armor/khari-raider-bracers/index.html[22m [2m(+22ms)[22m 
[2m22:30:56[22m   [34m├─[39m [2m/armor/khari-raider-chest/index.html[22m [2m(+23ms)[22m 
[2m22:30:56[22m   [34m├─[39m [2m/armor/khari-raider-helm/index.html[22m [2m(+23ms)[22m 
[2m22:30:56[22m   [34m├─[39m [2m/armor/khari-raider-sandals/index.html[22m [2m(+23ms)[22m 
[2m22:30:56[22m   [34m├─[39m [2m/armor/khari-raider-tasset/index.html[22m [2m(+23ms)[22m 
[2m22:30:56[22m   [34m├─[39m [2m/armor/khari-soldier-boots/index.html[22m [2m(+23ms)[22m 
[2m22:30:56[22m   [34m├─[39m [2m/armor/khari-soldier-bracers/index.html[22m [2m(+23ms)[22m 
[2m22:30:56[22m   [34m├─[39m [2m/armor/khari-soldier-helm/index.html[22m [2m(+23ms)[22m 
[2m22:30:56[22m   [34m├─[39m [2m/armor/khari-soldier-mail/index.html[22m [2m(+22ms)[22m 
[2m22:30:56[22m   [34m├─[39m [2m/armor/khari-soldier-tasset/index.html[22m [2m(+23ms)[22m 
[2m22:30:56[22m   [34m├─[39m [2m/armor/khaynes-boots/index.html[22m [2m(+23ms)[22m 
[2m22:30:56[22m   [34m├─[39m [2m/armor/khaynes-bracers/index.html[22m [2m(+23ms)[22m 
[2m22:30:56[22m   [34m├─[39m [2m/armor/khaynes-chestguard/index.html[22m [2m(+22ms)[22m 
[2m22:30:56[22m   [34m├─[39m [2m/armor/khaynes-helmet/index.html[22m [2m(+22ms)[22m 
[2m22:30:56[22m   [34m├─[39m [2m/armor/khaynes-leggings/index.html[22m [2m(+24ms)[22m 
[2m22:30:56[22m   [34m├─[39m [2m/armor/khitan-captain-boots/index.html[22m [2m(+23ms)[22m 
[2m22:30:56[22m   [34m├─[39m [2m/armor/khitan-captain-boots-epic/index.html[22m [2m(+22ms)[22m 
[2m22:30:56[22m   [34m├─[39m [2m/armor/khitan-captain-bracers/index.html[22m [2m(+22ms)[22m 
[2m22:30:56[22m   [34m├─[39m [2m/armor/khitan-captain-bracers-epic/index.html[22m [2m(+23ms)[22m 
[2m22:30:56[22m   [34m├─[39m [2m/armor/khitan-captain-dingjia/index.html[22m [2m(+23ms)[22m 
[2m22:30:56[22m   [34m├─[39m [2m/armor/khitan-captain-dingjia-epic/index.html[22m [2m(+24ms)[22m 
[2m22:30:56[22m   [34m├─[39m [2m/armor/khitan-captain-helm/index.html[22m [2m(+24ms)[22m 
[2m22:30:56[22m   [34m├─[39m [2m/armor/khitan-captain-helm-epic/index.html[22m [2m(+24ms)[22m 
[2m22:30:56[22m   [34m├─[39m [2m/armor/khitan-captain-tasset/index.html[22m [2m(+22ms)[22m 
[2m22:30:56[22m   [34m├─[39m [2m/armor/khitan-captain-tasset-epic/index.html[22m [2m(+23ms)[22m 
[2m22:30:56[22m   [34m├─[39m [2m/armor/khitan-demoncaller-arm-wraps/index.html[22m [2m(+23ms)[22m 
[2m22:30:56[22m   [34m├─[39m [2m/armor/khitan-demoncaller-arm-wraps-epic/index.html[22m [2m(+24ms)[22m 
[2m22:30:56[22m   [34m├─[39m [2m/armor/khitan-demoncaller-boots/index.html[22m [2m(+24ms)[22m 
[2m22:30:56[22m   [34m├─[39m [2m/armor/khitan-demoncaller-boots-epic/index.html[22m [2m(+24ms)[22m 
[2m22:30:56[22m   [34m├─[39m [2m/armor/khitan-demoncaller-robe/index.html[22m [2m(+23ms)[22m 
[2m22:30:56[22m   [34m├─[39m [2m/armor/khitan-demoncaller-robe-epic/index.html[22m [2m(+24ms)[22m 
[2m22:30:56[22m   [34m├─[39m [2m/armor/khitan-demoncaller-skirt/index.html[22m [2m(+23ms)[22m 
[2m22:30:56[22m   [34m├─[39m [2m/armor/khitan-demoncaller-skirt-epic/index.html[22m [2m(+23ms)[22m 
[2m22:30:56[22m   [34m├─[39m [2m/armor/khitan-demoncaller-visage/index.html[22m [2m(+23ms)[22m 
[2m22:30:56[22m   [34m├─[39m [2m/armor/khitan-demoncaller-visage-epic/index.html[22m [2m(+24ms)[22m 
[2m22:30:56[22m   [34m├─[39m [2m/armor/khitan-exiled-chest/index.html[22m [2m(+23ms)[22m 
[2m22:30:56[22m   [34m├─[39m [2m/armor/khitan-exiled-chest-epic/index.html[22m [2m(+23ms)[22m 
[2m22:30:56[22m   [34m├─[39m [2m/armor/khitan-exiled-gloves/index.html[22m [2m(+23ms)[22m 
[2m22:30:56[22m   [34m├─[39m [2m/armor/khitan-exiled-gloves-epic/index.html[22m [2m(+23ms)[22m 
[2m22:30:56[22m   [34m├─[39m [2m/armor/khitan-exiled-headgear/index.html[22m [2m(+23ms)[22m 
[2m22:30:56[22m   [34m├─[39m [2m/armor/khitan-exiled-headgear-epic/index.html[22m [2m(+22ms)[22m 
[2m22:30:56[22m   [34m├─[39m [2m/armor/khitan-exiled-legs/index.html[22m [2m(+23ms)[22m 
[2m22:30:56[22m   [34m├─[39m [2m/armor/khitan-exiled-legs-epic/index.html[22m [2m(+23ms)[22m 
[2m22:30:56[22m   [34m├─[39m [2m/armor/khitan-exiled-sandals/index.html[22m [2m(+24ms)[22m 
[2m22:30:57[22m   [34m├─[39m [2m/armor/khitan-exiled-sandals-epic/index.html[22m [2m(+23ms)[22m 
[2m22:30:57[22m   [34m├─[39m [2m/armor/khitan-imperial-boots/index.html[22m [2m(+22ms)[22m 
[2m22:30:57[22m   [34m├─[39m [2m/armor/khitan-imperial-boots-epic/index.html[22m [2m(+22ms)[22m 
[2m22:30:57[22m   [34m├─[39m [2m/armor/khitan-imperial-bracers/index.html[22m [2m(+23ms)[22m 
[2m22:30:57[22m   [34m├─[39m [2m/armor/khitan-imperial-bracers-epic/index.html[22m [2m(+23ms)[22m 
[2m22:30:57[22m   [34m├─[39m [2m/armor/khitan-imperial-breastplate/index.html[22m [2m(+22ms)[22m 
[2m22:30:57[22m   [34m├─[39m [2m/armor/khitan-imperial-breastplate-epic/index.html[22m [2m(+22ms)[22m 
[2m22:30:57[22m   [34m├─[39m [2m/armor/khitan-imperial-helm/index.html[22m [2m(+23ms)[22m 
[2m22:30:57[22m   [34m├─[39m [2m/armor/khitan-imperial-helm-epic/index.html[22m [2m(+23ms)[22m 
[2m22:30:57[22m   [34m├─[39m [2m/armor/khitan-imperial-tasset/index.html[22m [2m(+23ms)[22m 
[2m22:30:57[22m   [34m├─[39m [2m/armor/khitan-imperial-tasset-epic/index.html[22m [2m(+23ms)[22m 
[2m22:30:57[22m   [34m├─[39m [2m/armor/khitan-imperial-wizards-robe/index.html[22m [2m(+22ms)[22m 
[2m22:30:57[22m   [34m├─[39m [2m/armor/khitan-imperial-wizards-robe-epic/index.html[22m [2m(+22ms)[22m 
[2m22:30:57[22m   [34m├─[39m [2m/armor/khitan-imperial-wizards-skirt/index.html[22m [2m(+24ms)[22m 
[2m22:30:57[22m   [34m├─[39m [2m/armor/khitan-imperial-wizards-skirt-epic/index.html[22m [2m(+23ms)[22m 
[2m22:30:57[22m   [34m├─[39m [2m/armor/khitan-mercenary-bracers/index.html[22m [2m(+23ms)[22m 
[2m22:30:57[22m   [34m├─[39m [2m/armor/khitan-mercenary-bracers-epic/index.html[22m [2m(+22ms)[22m 
[2m22:30:57[22m   [34m├─[39m [2m/armor/khitan-mercenary-cuirass/index.html[22m [2m(+24ms)[22m 
[2m22:30:57[22m   [34m├─[39m [2m/armor/khitan-mercenary-cuirass-epic/index.html[22m [2m(+22ms)[22m 
[2m22:30:57[22m   [34m├─[39m [2m/armor/khitan-mercenary-footgear/index.html[22m [2m(+22ms)[22m 
[2m22:30:57[22m   [34m├─[39m [2m/armor/khitan-mercenary-footgear-epic/index.html[22m [2m(+22ms)[22m 
[2m22:30:57[22m   [34m├─[39m [2m/armor/khitan-mercenary-headband/index.html[22m [2m(+23ms)[22m 
[2m22:30:57[22m   [34m├─[39m [2m/armor/khitan-mercenary-headband-epic/index.html[22m [2m(+23ms)[22m 
[2m22:30:57[22m   [34m├─[39m [2m/armor/khitan-mercenary-tasset/index.html[22m [2m(+23ms)[22m 
[2m22:30:57[22m   [34m├─[39m [2m/armor/khitan-mercenary-tasset-epic/index.html[22m [2m(+22ms)[22m 
[2m22:30:57[22m   [34m├─[39m [2m/armor/khitan-new-year-boots/index.html[22m [2m(+23ms)[22m 
[2m22:30:57[22m   [34m├─[39m [2m/armor/khitan-new-year-cap/index.html[22m [2m(+22ms)[22m 
[2m22:30:57[22m   [34m├─[39m [2m/armor/khitan-new-year-robes/index.html[22m [2m(+23ms)[22m 
[2m22:30:57[22m   [34m├─[39m [2m/armor/khitan-new-year-wrap/index.html[22m [2m(+23ms)[22m 
[2m22:30:57[22m   [34m├─[39m [2m/armor/khitan-slaver-bamboo-hat/index.html[22m [2m(+23ms)[22m 
[2m22:30:57[22m   [34m├─[39m [2m/armor/khitan-slaver-bamboo-hat-epic/index.html[22m [2m(+22ms)[22m 
[2m22:30:57[22m   [34m├─[39m [2m/armor/khitan-slaver-footgear/index.html[22m [2m(+22ms)[22m 
[2m22:30:57[22m   [34m├─[39m [2m/armor/khitan-slaver-footgear-epic/index.html[22m [2m(+23ms)[22m 
[2m22:30:57[22m   [34m├─[39m [2m/armor/khitan-slaver-legwraps/index.html[22m [2m(+23ms)[22m 
[2m22:30:57[22m   [34m├─[39m [2m/armor/khitan-slaver-legwraps-epic/index.html[22m [2m(+23ms)[22m 
[2m22:30:57[22m   [34m├─[39m [2m/armor/khitan-slaver-tunic/index.html[22m [2m(+23ms)[22m 
[2m22:30:57[22m   [34m├─[39m [2m/armor/khitan-slaver-tunic-epic/index.html[22m [2m(+23ms)[22m 
[2m22:30:57[22m   [34m├─[39m [2m/armor/khitan-slaver-wristraps/index.html[22m [2m(+22ms)[22m 
[2m22:30:57[22m   [34m├─[39m [2m/armor/khitan-slaver-wristraps-epic/index.html[22m [2m(+23ms)[22m 
[2m22:30:57[22m   [34m├─[39m [2m/armor/kings-guard-helmet/index.html[22m [2m(+22ms)[22m 
[2m22:30:57[22m   [34m├─[39m [2m/armor/kings-guard-helmet-epic/index.html[22m [2m(+23ms)[22m 
[2m22:30:57[22m   [34m├─[39m [2m/armor/leather-apron/index.html[22m [2m(+23ms)[22m 
[2m22:30:57[22m   [34m├─[39m [2m/armor/leather-workgloves/index.html[22m [2m(+23ms)[22m 
[2m22:30:57[22m   [34m├─[39m [2m/armor/legacy-of-the-nordheimers/index.html[22m [2m(+22ms)[22m 
[2m22:30:58[22m   [34m├─[39m [2m/armor/leggings-of-asura/index.html[22m [2m(+22ms)[22m 
[2m22:30:58[22m   [34m├─[39m [2m/armor/leggings-of-kurak/index.html[22m [2m(+22ms)[22m 
[2m22:30:58[22m   [34m├─[39m [2m/armor/leggings-of-the-fiend-battle-pass-epic/index.html[22m [2m(+24ms)[22m 
[2m22:30:58[22m   [34m├─[39m [2m/armor/leggings-of-the-fiend-battle-pass/index.html[22m [2m(+23ms)[22m 
[2m22:30:58[22m   [34m├─[39m [2m/armor/leggings-of-the-fiend-black-lotus-bazaar-epic/index.html[22m [2m(+23ms)[22m 
[2m22:30:58[22m   [34m├─[39m [2m/armor/leggings-of-the-fiend-black-lotus-bazaar/index.html[22m [2m(+23ms)[22m 
[2m22:30:58[22m   [34m├─[39m [2m/armor/leggings-of-the-watchers/index.html[22m [2m(+23ms)[22m 
[2m22:30:58[22m   [34m├─[39m [2m/armor/leggings-of-the-watchers-epic/index.html[22m [2m(+24ms)[22m 
[2m22:30:58[22m   [34m├─[39m [2m/armor/lemurian-royal-bracers/index.html[22m [2m(+22ms)[22m 
[2m22:30:58[22m   [34m├─[39m [2m/armor/lemurian-royal-gown/index.html[22m [2m(+22ms)[22m 
[2m22:30:58[22m   [34m├─[39m [2m/armor/lemurian-royal-jewelry/index.html[22m [2m(+23ms)[22m 
[2m22:30:58[22m   [34m├─[39m [2m/armor/lemurian-royal-sarong/index.html[22m [2m(+23ms)[22m 
[2m22:30:58[22m   [34m├─[39m [2m/armor/lemurian-royal-slippers/index.html[22m [2m(+24ms)[22m 
[2m22:30:58[22m   [34m├─[39m [2m/armor/lemurian-warrior-boots/index.html[22m [2m(+23ms)[22m 
[2m22:30:58[22m   [34m├─[39m [2m/armor/lemurian-warrior-chestpiece/index.html[22m [2m(+23ms)[22m 
[2m22:30:58[22m   [34m├─[39m [2m/armor/lemurian-warrior-gauntlets/index.html[22m [2m(+23ms)[22m 
[2m22:30:58[22m   [34m├─[39m [2m/armor/lemurian-warrior-mask/index.html[22m [2m(+22ms)[22m 
[2m22:30:58[22m   [34m├─[39m [2m/armor/lemurian-warrior-tasset/index.html[22m [2m(+24ms)[22m 
[2m22:30:58[22m   [34m├─[39m [2m/armor/light-boots/index.html[22m [2m(+23ms)[22m 
[2m22:30:58[22m   [34m├─[39m [2m/armor/light-boots-epic/index.html[22m [2m(+23ms)[22m 
[2m22:30:58[22m   [34m├─[39m [2m/armor/light-chestpiece/index.html[22m [2m(+23ms)[22m 
[2m22:30:58[22m   [34m├─[39m [2m/armor/light-chestpiece-epic/index.html[22m [2m(+23ms)[22m 
[2m22:30:58[22m   [34m├─[39m [2m/armor/light-gauntlets/index.html[22m [2m(+23ms)[22m 
[2m22:30:58[22m   [34m├─[39m [2m/armor/light-gauntlets-epic/index.html[22m [2m(+22ms)[22m 
[2m22:30:58[22m   [34m├─[39m [2m/armor/light-turban/index.html[22m [2m(+23ms)[22m 
[2m22:30:58[22m   [34m├─[39m [2m/armor/light-turban-epic/index.html[22m [2m(+23ms)[22m 
[2m22:30:58[22m   [34m├─[39m [2m/armor/light-wrap/index.html[22m [2m(+23ms)[22m 
[2m22:30:58[22m   [34m├─[39m [2m/armor/light-wrap-epic/index.html[22m [2m(+22ms)[22m 
[2m22:30:58[22m   [34m├─[39m [2m/armor/loincloth/index.html[22m [2m(+24ms)[22m 
[2m22:30:58[22m   [34m├─[39m [2m/armor/mail-of-the-fiend-battle-pass-epic/index.html[22m [2m(+23ms)[22m 
[2m22:30:58[22m   [34m├─[39m [2m/armor/mail-of-the-fiend-battle-pass/index.html[22m [2m(+24ms)[22m 
[2m22:30:58[22m   [34m├─[39m [2m/armor/mail-of-the-fiend-black-lotus-bazaar-epic/index.html[22m [2m(+24ms)[22m 
[2m22:30:58[22m   [34m├─[39m [2m/armor/mail-of-the-fiend-black-lotus-bazaar/index.html[22m [2m(+23ms)[22m 
[2m22:30:58[22m   [34m├─[39m [2m/armor/marksmans-boots/index.html[22m [2m(+25ms)[22m 
[2m22:30:58[22m   [34m├─[39m [2m/armor/marksmans-boots-epic/index.html[22m [2m(+22ms)[22m 
[2m22:30:58[22m   [34m├─[39m [2m/armor/marksmans-gloves/index.html[22m [2m(+24ms)[22m 
[2m22:30:58[22m   [34m├─[39m [2m/armor/marksmans-gloves-epic/index.html[22m [2m(+23ms)[22m 
[2m22:30:58[22m   [34m├─[39m [2m/armor/marksmans-mask/index.html[22m [2m(+24ms)[22m 
[2m22:30:58[22m   [34m├─[39m [2m/armor/marksmans-mask-epic/index.html[22m [2m(+23ms)[22m 
[2m22:30:58[22m   [34m├─[39m [2m/armor/marksmans-pants/index.html[22m [2m(+23ms)[22m 
[2m22:30:58[22m   [34m├─[39m [2m/armor/marksmans-pants-epic/index.html[22m [2m(+23ms)[22m 
[2m22:30:58[22m   [34m├─[39m [2m/armor/marksmans-vest/index.html[22m [2m(+23ms)[22m 
[2m22:30:58[22m   [34m├─[39m [2m/armor/marksmans-vest-epic/index.html[22m [2m(+23ms)[22m 
[2m22:30:59[22m   [34m├─[39m [2m/armor/mask-of-the-watchers/index.html[22m [2m(+23ms)[22m 
[2m22:30:59[22m   [34m├─[39m [2m/armor/mask-of-the-watchers-epic/index.html[22m [2m(+23ms)[22m 
[2m22:30:59[22m   [34m├─[39m [2m/armor/mask-of-the-witch-doctor/index.html[22m [2m(+22ms)[22m 
[2m22:30:59[22m   [34m├─[39m [2m/armor/mask-of-the-witch-queen-variant-b/index.html[22m [2m(+22ms)[22m 
[2m22:30:59[22m   [34m├─[39m [2m/armor/medium-boots/index.html[22m [2m(+22ms)[22m 
[2m22:30:59[22m   [34m├─[39m [2m/armor/medium-boots-epic/index.html[22m [2m(+22ms)[22m 
[2m22:30:59[22m   [34m├─[39m [2m/armor/medium-cap/index.html[22m [2m(+22ms)[22m 
[2m22:30:59[22m   [34m├─[39m [2m/armor/medium-cap-epic/index.html[22m [2m(+22ms)[22m 
[2m22:30:59[22m   [34m├─[39m [2m/armor/medium-gauntlets/index.html[22m [2m(+23ms)[22m 
[2m22:30:59[22m   [34m├─[39m [2m/armor/medium-gauntlets-epic/index.html[22m [2m(+23ms)[22m 
[2m22:30:59[22m   [34m├─[39m [2m/armor/medium-harness/index.html[22m [2m(+22ms)[22m 
[2m22:30:59[22m   [34m├─[39m [2m/armor/medium-harness-epic/index.html[22m [2m(+22ms)[22m 
[2m22:30:59[22m   [34m├─[39m [2m/armor/medium-tasset/index.html[22m [2m(+23ms)[22m 
[2m22:30:59[22m   [34m├─[39m [2m/armor/medium-tasset-epic/index.html[22m [2m(+22ms)[22m 
[2m22:30:59[22m   [34m├─[39m [2m/armor/mitraen-breeches/index.html[22m [2m(+22ms)[22m 
[2m22:30:59[22m   [34m├─[39m [2m/armor/mitraen-gloves/index.html[22m [2m(+23ms)[22m 
[2m22:30:59[22m   [34m├─[39m [2m/armor/mitraen-shoes/index.html[22m [2m(+23ms)[22m 
[2m22:30:59[22m   [34m├─[39m [2m/armor/mitraen-tunic/index.html[22m [2m(+22ms)[22m 
[2m22:30:59[22m   [34m├─[39m [2m/armor/ngoras-eyepatch/index.html[22m [2m(+22ms)[22m 
[2m22:30:59[22m   [34m├─[39m [2m/armor/nemedian-archer-boots/index.html[22m [2m(+22ms)[22m 
[2m22:30:59[22m   [34m├─[39m [2m/armor/nemedian-archer-boots-epic/index.html[22m [2m(+22ms)[22m 
[2m22:30:59[22m   [34m├─[39m [2m/armor/nemedian-archer-chestpiece/index.html[22m [2m(+22ms)[22m 
[2m22:30:59[22m   [34m├─[39m [2m/armor/nemedian-archer-chestpiece-epic/index.html[22m [2m(+23ms)[22m 
[2m22:30:59[22m   [34m├─[39m [2m/armor/nemedian-archer-gauntlets/index.html[22m [2m(+22ms)[22m 
[2m22:30:59[22m   [34m├─[39m [2m/armor/nemedian-archer-gauntlets-epic/index.html[22m [2m(+22ms)[22m 
[2m22:30:59[22m   [34m├─[39m [2m/armor/nemedian-archer-helmet/index.html[22m [2m(+23ms)[22m 
[2m22:30:59[22m   [34m├─[39m [2m/armor/nemedian-archer-helmet-epic/index.html[22m [2m(+22ms)[22m 
[2m22:30:59[22m   [34m├─[39m [2m/armor/nemedian-archer-leggings/index.html[22m [2m(+23ms)[22m 
[2m22:30:59[22m   [34m├─[39m [2m/armor/nemedian-archer-leggings-epic/index.html[22m [2m(+23ms)[22m 
[2m22:30:59[22m   [34m├─[39m [2m/armor/nemedian-decadent-boots/index.html[22m [2m(+22ms)[22m 
[2m22:30:59[22m   [34m├─[39m [2m/armor/nemedian-decadent-cap/index.html[22m [2m(+23ms)[22m 
[2m22:30:59[22m   [34m├─[39m [2m/armor/nemedian-decadent-gloves/index.html[22m [2m(+23ms)[22m 
[2m22:30:59[22m   [34m├─[39m [2m/armor/nemedian-decadent-leggings/index.html[22m [2m(+22ms)[22m 
[2m22:30:59[22m   [34m├─[39m [2m/armor/nemedian-decadent-shirt/index.html[22m [2m(+22ms)[22m 
[2m22:30:59[22m   [34m├─[39m [2m/armor/nemedian-infantry-bracers/index.html[22m [2m(+22ms)[22m 
[2m22:30:59[22m   [34m├─[39m [2m/armor/nemedian-infantry-bracers-epic/index.html[22m [2m(+22ms)[22m 
[2m22:30:59[22m   [34m├─[39m [2m/armor/nemedian-infantry-cuirass/index.html[22m [2m(+23ms)[22m 
[2m22:30:59[22m   [34m├─[39m [2m/armor/nemedian-infantry-cuirass-epic/index.html[22m [2m(+23ms)[22m 
[2m22:30:59[22m   [34m├─[39m [2m/armor/nemedian-infantry-helm/index.html[22m [2m(+23ms)[22m 
[2m22:30:59[22m   [34m├─[39m [2m/armor/nemedian-infantry-helm-epic/index.html[22m [2m(+22ms)[22m 
[2m22:30:59[22m   [34m├─[39m [2m/armor/nemedian-infantry-sandals/index.html[22m [2m(+23ms)[22m 
[2m22:30:59[22m   [34m├─[39m [2m/armor/nemedian-infantry-sandals-epic/index.html[22m [2m(+23ms)[22m 
[2m22:30:59[22m   [34m├─[39m [2m/armor/nemedian-infantry-skirt/index.html[22m [2m(+23ms)[22m 
[2m22:30:59[22m   [34m├─[39m [2m/armor/nemedian-infantry-skirt-epic/index.html[22m [2m(+23ms)[22m 
[2m22:31:00[22m   [34m├─[39m [2m/armor/nemedian-officer-chestpiece/index.html[22m [2m(+22ms)[22m 
[2m22:31:00[22m   [34m├─[39m [2m/armor/nemedian-officer-chestpiece-epic/index.html[22m [2m(+23ms)[22m 
[2m22:31:00[22m   [34m├─[39m [2m/armor/nemedian-officer-faulds/index.html[22m [2m(+23ms)[22m 
[2m22:31:00[22m   [34m├─[39m [2m/armor/nemedian-officer-faulds-epic/index.html[22m [2m(+24ms)[22m 
[2m22:31:00[22m   [34m├─[39m [2m/armor/nemedian-officer-gauntlets/index.html[22m [2m(+22ms)[22m 
[2m22:31:00[22m   [34m├─[39m [2m/armor/nemedian-officer-gauntlets-epic/index.html[22m [2m(+23ms)[22m 
[2m22:31:00[22m   [34m├─[39m [2m/armor/nemedian-officer-helm/index.html[22m [2m(+23ms)[22m 
[2m22:31:00[22m   [34m├─[39m [2m/armor/nemedian-officer-helm-epic/index.html[22m [2m(+23ms)[22m 
[2m22:31:00[22m   [34m├─[39m [2m/armor/nemedian-officer-sandals/index.html[22m [2m(+23ms)[22m 
[2m22:31:00[22m   [34m├─[39m [2m/armor/nemedian-officer-sandals-epic/index.html[22m [2m(+22ms)[22m 
[2m22:31:00[22m   [34m├─[39m [2m/armor/nemedian-peasant-boots/index.html[22m [2m(+23ms)[22m 
[2m22:31:00[22m   [34m├─[39m [2m/armor/nemedian-peasant-cap/index.html[22m [2m(+23ms)[22m 
[2m22:31:00[22m   [34m├─[39m [2m/armor/nemedian-peasant-leggings/index.html[22m [2m(+23ms)[22m 
[2m22:31:00[22m   [34m├─[39m [2m/armor/nemedian-peasant-shirt/index.html[22m [2m(+22ms)[22m 
[2m22:31:00[22m   [34m├─[39m [2m/armor/nemedian-scout-headgear/index.html[22m [2m(+23ms)[22m 
[2m22:31:00[22m   [34m├─[39m [2m/armor/nemedian-scout-headgear-epic/index.html[22m [2m(+22ms)[22m 
[2m22:31:00[22m   [34m├─[39m [2m/armor/nemedian-scout-sandals/index.html[22m [2m(+23ms)[22m 
[2m22:31:00[22m   [34m├─[39m [2m/armor/nemedian-scout-sandals-epic/index.html[22m [2m(+23ms)[22m 
[2m22:31:00[22m   [34m├─[39m [2m/armor/nemedian-scout-skirt/index.html[22m [2m(+22ms)[22m 
[2m22:31:00[22m   [34m├─[39m [2m/armor/nemedian-scout-skirt-epic/index.html[22m [2m(+23ms)[22m 
[2m22:31:00[22m   [34m├─[39m [2m/armor/nemedian-scout-vest/index.html[22m [2m(+23ms)[22m 
[2m22:31:00[22m   [34m├─[39m [2m/armor/nemedian-scout-vest-epic/index.html[22m [2m(+22ms)[22m 
[2m22:31:00[22m   [34m├─[39m [2m/armor/nemedian-scout-wraps/index.html[22m [2m(+23ms)[22m 
[2m22:31:00[22m   [34m├─[39m [2m/armor/nemedian-scout-wraps-epic/index.html[22m [2m(+23ms)[22m 
[2m22:31:00[22m   [34m├─[39m [2m/armor/nemedian-shame-mask/index.html[22m [2m(+22ms)[22m 
[2m22:31:00[22m   [34m├─[39m [2m/armor/night-stalker-boots/index.html[22m [2m(+22ms)[22m 
[2m22:31:00[22m   [34m├─[39m [2m/armor/night-stalker-boots-epic/index.html[22m [2m(+23ms)[22m 
[2m22:31:00[22m   [34m├─[39m [2m/armor/night-stalker-chest/index.html[22m [2m(+23ms)[22m 
[2m22:31:00[22m   [34m├─[39m [2m/armor/night-stalker-chest-epic/index.html[22m [2m(+22ms)[22m 
[2m22:31:00[22m   [34m├─[39m [2m/armor/night-stalker-gauntlets/index.html[22m [2m(+22ms)[22m 
[2m22:31:00[22m   [34m├─[39m [2m/armor/night-stalker-gauntlets-epic/index.html[22m [2m(+22ms)[22m 
[2m22:31:00[22m   [34m├─[39m [2m/armor/night-stalker-hood/index.html[22m [2m(+22ms)[22m 
[2m22:31:00[22m   [34m├─[39m [2m/armor/night-stalker-hood-epic/index.html[22m [2m(+22ms)[22m 
[2m22:31:00[22m   [34m├─[39m [2m/armor/night-stalker-pants/index.html[22m [2m(+23ms)[22m 
[2m22:31:00[22m   [34m├─[39m [2m/armor/night-stalker-pants-epic/index.html[22m [2m(+23ms)[22m 
[2m22:31:00[22m   [34m├─[39m [2m/armor/night-stalkers-mask/index.html[22m [2m(+22ms)[22m 
[2m22:31:00[22m   [34m├─[39m [2m/armor/nobles-chestpiece/index.html[22m [2m(+23ms)[22m 
[2m22:31:00[22m   [34m├─[39m [2m/armor/nobles-skirt/index.html[22m [2m(+23ms)[22m 
[2m22:31:00[22m   [34m├─[39m [2m/armor/ophidian-cultist-bracelets/index.html[22m [2m(+22ms)[22m 
[2m22:31:00[22m   [34m├─[39m [2m/armor/ophidian-cultist-bracelets-epic/index.html[22m [2m(+22ms)[22m 
[2m22:31:00[22m   [34m├─[39m [2m/armor/ophidian-cultist-harness/index.html[22m [2m(+23ms)[22m 
[2m22:31:00[22m   [34m├─[39m [2m/armor/ophidian-cultist-harness-epic/index.html[22m [2m(+24ms)[22m 
[2m22:31:00[22m   [34m├─[39m [2m/armor/ophidian-cultist-headwrap/index.html[22m [2m(+24ms)[22m 
[2m22:31:00[22m   [34m├─[39m [2m/armor/ophidian-cultist-headwrap-epic/index.html[22m [2m(+22ms)[22m 
[2m22:31:01[22m   [34m├─[39m [2m/armor/ophidian-cultist-sandals/index.html[22m [2m(+23ms)[22m 
[2m22:31:01[22m   [34m├─[39m [2m/armor/ophidian-cultist-sandals-epic/index.html[22m [2m(+23ms)[22m 
[2m22:31:01[22m   [34m├─[39m [2m/armor/ophidian-cultist-skirt/index.html[22m [2m(+23ms)[22m 
[2m22:31:01[22m   [34m├─[39m [2m/armor/ophidian-cultist-skirt-epic/index.html[22m [2m(+24ms)[22m 
[2m22:31:01[22m   [34m├─[39m [2m/armor/ophidian-magi-bracers/index.html[22m [2m(+23ms)[22m 
[2m22:31:01[22m   [34m├─[39m [2m/armor/ophidian-magi-bracers-epic/index.html[22m [2m(+23ms)[22m 
[2m22:31:01[22m   [34m├─[39m [2m/armor/ophidian-magi-hood/index.html[22m [2m(+23ms)[22m 
[2m22:31:01[22m   [34m├─[39m [2m/armor/ophidian-magi-hood-epic/index.html[22m [2m(+23ms)[22m 
[2m22:31:01[22m   [34m├─[39m [2m/armor/ophidian-magi-mantle/index.html[22m [2m(+22ms)[22m 
[2m22:31:01[22m   [34m├─[39m [2m/armor/ophidian-magi-mantle-epic/index.html[22m [2m(+23ms)[22m 
[2m22:31:01[22m   [34m├─[39m [2m/armor/ophidian-magi-sandals/index.html[22m [2m(+22ms)[22m 
[2m22:31:01[22m   [34m├─[39m [2m/armor/ophidian-magi-sandals-epic/index.html[22m [2m(+23ms)[22m 
[2m22:31:01[22m   [34m├─[39m [2m/armor/ophidian-magi-tasset/index.html[22m [2m(+23ms)[22m 
[2m22:31:01[22m   [34m├─[39m [2m/armor/ophidian-magi-tasset-epic/index.html[22m [2m(+23ms)[22m 
[2m22:31:01[22m   [34m├─[39m [2m/armor/panoply-of-terror-boots/index.html[22m [2m(+23ms)[22m 
[2m22:31:01[22m   [34m├─[39m [2m/armor/panoply-of-terror-boots-epic/index.html[22m [2m(+23ms)[22m 
[2m22:31:01[22m   [34m├─[39m [2m/armor/panoply-of-terror-bracers/index.html[22m [2m(+23ms)[22m 
[2m22:31:01[22m   [34m├─[39m [2m/armor/panoply-of-terror-bracers-epic/index.html[22m [2m(+23ms)[22m 
[2m22:31:01[22m   [34m├─[39m [2m/armor/panoply-of-terror-helmet/index.html[22m [2m(+22ms)[22m 
[2m22:31:01[22m   [34m├─[39m [2m/armor/panoply-of-terror-helmet-epic/index.html[22m [2m(+22ms)[22m 
[2m22:31:01[22m   [34m├─[39m [2m/armor/panoply-of-terror-leg-guards/index.html[22m [2m(+23ms)[22m 
[2m22:31:01[22m   [34m├─[39m [2m/armor/panoply-of-terror-leg-guards-epic/index.html[22m [2m(+22ms)[22m 
[2m22:31:01[22m   [34m├─[39m [2m/armor/panoply-of-terror-mantle/index.html[22m [2m(+23ms)[22m 
[2m22:31:01[22m   [34m├─[39m [2m/armor/panoply-of-terror-mantle-epic/index.html[22m [2m(+22ms)[22m 
[2m22:31:01[22m   [34m├─[39m [2m/armor/paranoid-relic-hunters-boots/index.html[22m [2m(+23ms)[22m 
[2m22:31:01[22m   [34m├─[39m [2m/armor/paranoid-relic-hunters-boots-epic/index.html[22m [2m(+22ms)[22m 
[2m22:31:01[22m   [34m├─[39m [2m/armor/paranoid-relic-hunters-gloves/index.html[22m [2m(+23ms)[22m 
[2m22:31:01[22m   [34m├─[39m [2m/armor/paranoid-relic-hunters-gloves-epic/index.html[22m [2m(+22ms)[22m 
[2m22:31:01[22m   [34m├─[39m [2m/armor/paranoid-relic-hunters-hood/index.html[22m [2m(+23ms)[22m 
[2m22:31:01[22m   [34m├─[39m [2m/armor/paranoid-relic-hunters-hood-epic/index.html[22m [2m(+23ms)[22m 
[2m22:31:01[22m   [34m├─[39m [2m/armor/paranoid-relic-hunters-leggings/index.html[22m [2m(+23ms)[22m 
[2m22:31:01[22m   [34m├─[39m [2m/armor/paranoid-relic-hunters-leggings-epic/index.html[22m [2m(+23ms)[22m 
[2m22:31:01[22m   [34m├─[39m [2m/armor/paranoid-relic-hunters-mantle/index.html[22m [2m(+23ms)[22m 
[2m22:31:01[22m   [34m├─[39m [2m/armor/paranoid-relic-hunters-mantle-epic/index.html[22m [2m(+23ms)[22m 
[2m22:31:01[22m   [34m├─[39m [2m/armor/perfected-heavy-gauntlets/index.html[22m [2m(+23ms)[22m 
[2m22:31:01[22m   [34m├─[39m [2m/armor/perfected-heavy-helmet/index.html[22m [2m(+22ms)[22m 
[2m22:31:01[22m   [34m├─[39m [2m/armor/perfected-heavy-pauldron/index.html[22m [2m(+23ms)[22m 
[2m22:31:01[22m   [34m├─[39m [2m/armor/perfected-heavy-sabatons/index.html[22m [2m(+23ms)[22m 
[2m22:31:01[22m   [34m├─[39m [2m/armor/perfected-heavy-tasset/index.html[22m [2m(+23ms)[22m 
[2m22:31:01[22m   [34m├─[39m [2m/armor/perfected-light-boots/index.html[22m [2m(+31ms)[22m 
[2m22:31:01[22m   [34m├─[39m [2m/armor/perfected-light-chestpiece/index.html[22m [2m(+23ms)[22m 
[2m22:31:01[22m   [34m├─[39m [2m/armor/perfected-light-gauntlets/index.html[22m [2m(+23ms)[22m 
[2m22:31:01[22m   [34m├─[39m [2m/armor/perfected-light-turban/index.html[22m [2m(+23ms)[22m 
[2m22:31:01[22m   [34m├─[39m [2m/armor/perfected-light-wrap/index.html[22m [2m(+23ms)[22m 
[2m22:31:02[22m   [34m├─[39m [2m/armor/perfected-medium-boots/index.html[22m [2m(+24ms)[22m 
[2m22:31:02[22m   [34m├─[39m [2m/armor/perfected-medium-cap/index.html[22m [2m(+23ms)[22m 
[2m22:31:02[22m   [34m├─[39m [2m/armor/perfected-medium-gauntlets/index.html[22m [2m(+23ms)[22m 
[2m22:31:02[22m   [34m├─[39m [2m/armor/perfected-medium-harness/index.html[22m [2m(+23ms)[22m 
[2m22:31:02[22m   [34m├─[39m [2m/armor/perfected-medium-tasset/index.html[22m [2m(+23ms)[22m 
[2m22:31:02[22m   [34m├─[39m [2m/armor/pictish-brave-breechclout/index.html[22m [2m(+23ms)[22m 
[2m22:31:02[22m   [34m├─[39m [2m/armor/pictish-brave-breechclout-epic/index.html[22m [2m(+24ms)[22m 
[2m22:31:02[22m   [34m├─[39m [2m/armor/pictish-brave-headgear/index.html[22m [2m(+23ms)[22m 
[2m22:31:02[22m   [34m├─[39m [2m/armor/pictish-brave-headgear-epic/index.html[22m [2m(+24ms)[22m 
[2m22:31:02[22m   [34m├─[39m [2m/armor/pictish-brave-moccasins/index.html[22m [2m(+23ms)[22m 
[2m22:31:02[22m   [34m├─[39m [2m/armor/pictish-brave-moccasins-epic/index.html[22m [2m(+23ms)[22m 
[2m22:31:02[22m   [34m├─[39m [2m/armor/pictish-brave-tunic/index.html[22m [2m(+23ms)[22m 
[2m22:31:02[22m   [34m├─[39m [2m/armor/pictish-brave-tunic-epic/index.html[22m [2m(+22ms)[22m 
[2m22:31:02[22m   [34m├─[39m [2m/armor/pictish-brave-wristwraps/index.html[22m [2m(+23ms)[22m 
[2m22:31:02[22m   [34m├─[39m [2m/armor/pictish-brave-wristwraps-epic/index.html[22m [2m(+22ms)[22m 
[2m22:31:02[22m   [34m├─[39m [2m/armor/pictish-rite-dancer-arm-bands/index.html[22m [2m(+22ms)[22m 
[2m22:31:02[22m   [34m├─[39m [2m/armor/pictish-rite-dancer-arm-bands-epic/index.html[22m [2m(+23ms)[22m 
[2m22:31:02[22m   [34m├─[39m [2m/armor/pictish-rite-dancer-footwraps/index.html[22m [2m(+23ms)[22m 
[2m22:31:02[22m   [34m├─[39m [2m/armor/pictish-rite-dancer-footwraps-epic/index.html[22m [2m(+22ms)[22m 
[2m22:31:02[22m   [34m├─[39m [2m/armor/pictish-rite-dancer-headdress/index.html[22m [2m(+22ms)[22m 
[2m22:31:02[22m   [34m├─[39m [2m/armor/pictish-rite-dancer-headdress-epic/index.html[22m [2m(+23ms)[22m 
[2m22:31:02[22m   [34m├─[39m [2m/armor/pictish-rite-dancer-loincloth/index.html[22m [2m(+23ms)[22m 
[2m22:31:02[22m   [34m├─[39m [2m/armor/pictish-rite-dancer-loincloth-epic/index.html[22m [2m(+23ms)[22m 
[2m22:31:02[22m   [34m├─[39m [2m/armor/pictish-rite-dancer-mantle/index.html[22m [2m(+22ms)[22m 
[2m22:31:02[22m   [34m├─[39m [2m/armor/pictish-rite-dancer-mantle-epic/index.html[22m [2m(+22ms)[22m 
[2m22:31:02[22m   [34m├─[39m [2m/armor/pictish-stalker-bracers/index.html[22m [2m(+23ms)[22m 
[2m22:31:02[22m   [34m├─[39m [2m/armor/pictish-stalker-bracers-epic/index.html[22m [2m(+23ms)[22m 
[2m22:31:02[22m   [34m├─[39m [2m/armor/pictish-stalker-headdress/index.html[22m [2m(+23ms)[22m 
[2m22:31:02[22m   [34m├─[39m [2m/armor/pictish-stalker-headdress-epic/index.html[22m [2m(+23ms)[22m 
[2m22:31:02[22m   [34m├─[39m [2m/armor/pictish-stalker-leggings/index.html[22m [2m(+23ms)[22m 
[2m22:31:02[22m   [34m├─[39m [2m/armor/pictish-stalker-leggings-epic/index.html[22m [2m(+23ms)[22m 
[2m22:31:02[22m   [34m├─[39m [2m/armor/pictish-stalker-moccasins/index.html[22m [2m(+22ms)[22m 
[2m22:31:02[22m   [34m├─[39m [2m/armor/pictish-stalker-moccasins-epic/index.html[22m [2m(+23ms)[22m 
[2m22:31:02[22m   [34m├─[39m [2m/armor/pictish-stalker-tunic/index.html[22m [2m(+23ms)[22m 
[2m22:31:02[22m   [34m├─[39m [2m/armor/pictish-stalker-tunic-epic/index.html[22m [2m(+22ms)[22m 
[2m22:31:02[22m   [34m├─[39m [2m/armor/pictish-warchief-boots/index.html[22m [2m(+22ms)[22m 
[2m22:31:02[22m   [34m├─[39m [2m/armor/pictish-warchief-boots-epic/index.html[22m [2m(+23ms)[22m 
[2m22:31:02[22m   [34m├─[39m [2m/armor/pictish-warchief-chestpiece/index.html[22m [2m(+23ms)[22m 
[2m22:31:02[22m   [34m├─[39m [2m/armor/pictish-warchief-chestpiece-epic/index.html[22m [2m(+22ms)[22m 
[2m22:31:02[22m   [34m├─[39m [2m/armor/pictish-warchief-gauntlets/index.html[22m [2m(+23ms)[22m 
[2m22:31:02[22m   [34m├─[39m [2m/armor/pictish-warchief-gauntlets-epic/index.html[22m [2m(+23ms)[22m 
[2m22:31:02[22m   [34m├─[39m [2m/armor/pictish-warchief-headdress/index.html[22m [2m(+24ms)[22m 
[2m22:31:02[22m   [34m├─[39m [2m/armor/pictish-warchief-headdress-epic/index.html[22m [2m(+23ms)[22m 
[2m22:31:03[22m   [34m├─[39m [2m/armor/pictish-warchief-leggings/index.html[22m [2m(+23ms)[22m 
[2m22:31:03[22m   [34m├─[39m [2m/armor/pictish-warchief-leggings-epic/index.html[22m [2m(+23ms)[22m 
[2m22:31:03[22m   [34m├─[39m [2m/armor/pictish-wizard-mask/index.html[22m [2m(+23ms)[22m 
[2m22:31:03[22m   [34m├─[39m [2m/armor/pictish-wizard-mask-epic/index.html[22m [2m(+24ms)[22m 
[2m22:31:03[22m   [34m├─[39m [2m/armor/pictish-wizard-moccasins/index.html[22m [2m(+24ms)[22m 
[2m22:31:03[22m   [34m├─[39m [2m/armor/pictish-wizard-moccasins-epic/index.html[22m [2m(+23ms)[22m 
[2m22:31:03[22m   [34m├─[39m [2m/armor/pictish-wizard-robe/index.html[22m [2m(+23ms)[22m 
[2m22:31:03[22m   [34m├─[39m [2m/armor/pictish-wizard-robe-epic/index.html[22m [2m(+23ms)[22m 
[2m22:31:03[22m   [34m├─[39m [2m/armor/pictish-wizard-skirt/index.html[22m [2m(+23ms)[22m 
[2m22:31:03[22m   [34m├─[39m [2m/armor/pictish-wizard-skirt-epic/index.html[22m [2m(+23ms)[22m 
[2m22:31:03[22m   [34m├─[39m [2m/armor/pictish-wizard-wraps/index.html[22m [2m(+24ms)[22m 
[2m22:31:03[22m   [34m├─[39m [2m/armor/pictish-wizard-wraps-epic/index.html[22m [2m(+23ms)[22m 
[2m22:31:03[22m   [34m├─[39m [2m/armor/poitain-campaign-boots/index.html[22m [2m(+23ms)[22m 
[2m22:31:03[22m   [34m├─[39m [2m/armor/poitain-campaign-boots-epic/index.html[22m [2m(+22ms)[22m 
[2m22:31:03[22m   [34m├─[39m [2m/armor/poitain-campaign-chestplate/index.html[22m [2m(+23ms)[22m 
[2m22:31:03[22m   [34m├─[39m [2m/armor/poitain-campaign-chestplate-epic/index.html[22m [2m(+24ms)[22m 
[2m22:31:03[22m   [34m├─[39m [2m/armor/poitain-campaign-gauntlets/index.html[22m [2m(+23ms)[22m 
[2m22:31:03[22m   [34m├─[39m [2m/armor/poitain-campaign-gauntlets-epic/index.html[22m [2m(+23ms)[22m 
[2m22:31:03[22m   [34m├─[39m [2m/armor/poitain-campaign-greaves/index.html[22m [2m(+22ms)[22m 
[2m22:31:03[22m   [34m├─[39m [2m/armor/poitain-campaign-greaves-epic/index.html[22m [2m(+23ms)[22m 
[2m22:31:03[22m   [34m├─[39m [2m/armor/poitain-campaign-helm/index.html[22m [2m(+23ms)[22m 
[2m22:31:03[22m   [34m├─[39m [2m/armor/poitain-campaign-helm-epic/index.html[22m [2m(+23ms)[22m 
[2m22:31:03[22m   [34m├─[39m [2m/armor/poitain-cavalier-boots/index.html[22m [2m(+23ms)[22m 
[2m22:31:03[22m   [34m├─[39m [2m/armor/poitain-cavalier-boots-epic/index.html[22m [2m(+23ms)[22m 
[2m22:31:03[22m   [34m├─[39m [2m/armor/poitain-cavalier-chestplate/index.html[22m [2m(+23ms)[22m 
[2m22:31:03[22m   [34m├─[39m [2m/armor/poitain-cavalier-chestplate-epic/index.html[22m [2m(+23ms)[22m 
[2m22:31:03[22m   [34m├─[39m [2m/armor/poitain-cavalier-gauntlets/index.html[22m [2m(+23ms)[22m 
[2m22:31:03[22m   [34m├─[39m [2m/armor/poitain-cavalier-gauntlets-epic/index.html[22m [2m(+23ms)[22m 
[2m22:31:03[22m   [34m├─[39m [2m/armor/poitain-cavalier-greaves/index.html[22m [2m(+23ms)[22m 
[2m22:31:03[22m   [34m├─[39m [2m/armor/poitain-cavalier-greaves-epic/index.html[22m [2m(+23ms)[22m 
[2m22:31:03[22m   [34m├─[39m [2m/armor/poitain-cavalier-helm/index.html[22m [2m(+23ms)[22m 
[2m22:31:03[22m   [34m├─[39m [2m/armor/poitain-cavalier-helm-epic/index.html[22m [2m(+23ms)[22m 
[2m22:31:03[22m   [34m├─[39m [2m/armor/poitain-footman-boots/index.html[22m [2m(+23ms)[22m 
[2m22:31:03[22m   [34m├─[39m [2m/armor/poitain-footman-boots-epic/index.html[22m [2m(+22ms)[22m 
[2m22:31:03[22m   [34m├─[39m [2m/armor/poitain-footman-bracers/index.html[22m [2m(+23ms)[22m 
[2m22:31:03[22m   [34m├─[39m [2m/armor/poitain-footman-bracers-epic/index.html[22m [2m(+23ms)[22m 
[2m22:31:03[22m   [34m├─[39m [2m/armor/poitain-footman-chestplate/index.html[22m [2m(+23ms)[22m 
[2m22:31:03[22m   [34m├─[39m [2m/armor/poitain-footman-chestplate-epic/index.html[22m [2m(+22ms)[22m 
[2m22:31:03[22m   [34m├─[39m [2m/armor/poitain-footman-helm/index.html[22m [2m(+23ms)[22m 
[2m22:31:03[22m   [34m├─[39m [2m/armor/poitain-footman-helm-epic/index.html[22m [2m(+23ms)[22m 
[2m22:31:03[22m   [34m├─[39m [2m/armor/poitain-footman-tasset/index.html[22m [2m(+23ms)[22m 
[2m22:31:03[22m   [34m├─[39m [2m/armor/poitain-footman-tasset-epic/index.html[22m [2m(+22ms)[22m 
[2m22:31:03[22m   [34m├─[39m [2m/armor/poitain-knight-boots/index.html[22m [2m(+22ms)[22m 
[2m22:31:03[22m   [34m├─[39m [2m/armor/poitain-knight-boots-epic/index.html[22m [2m(+23ms)[22m 
[2m22:31:04[22m   [34m├─[39m [2m/armor/poitain-knight-chestplate/index.html[22m [2m(+23ms)[22m 
[2m22:31:04[22m   [34m├─[39m [2m/armor/poitain-knight-chestplate-epic/index.html[22m [2m(+23ms)[22m 
[2m22:31:04[22m   [34m├─[39m [2m/armor/poitain-knight-gauntlets/index.html[22m [2m(+23ms)[22m 
[2m22:31:04[22m   [34m├─[39m [2m/armor/poitain-knight-gauntlets-epic/index.html[22m [2m(+23ms)[22m 
[2m22:31:04[22m   [34m├─[39m [2m/armor/poitain-knight-greaves/index.html[22m [2m(+24ms)[22m 
[2m22:31:04[22m   [34m├─[39m [2m/armor/poitain-knight-greaves-epic/index.html[22m [2m(+24ms)[22m 
[2m22:31:04[22m   [34m├─[39m [2m/armor/poitain-knight-helm/index.html[22m [2m(+23ms)[22m 
[2m22:31:04[22m   [34m├─[39m [2m/armor/poitain-knight-helm-epic/index.html[22m [2m(+23ms)[22m 
[2m22:31:04[22m   [34m├─[39m [2m/armor/pride-of-aesir-boots/index.html[22m [2m(+23ms)[22m 
[2m22:31:04[22m   [34m├─[39m [2m/armor/pride-of-aesir-chestpiece/index.html[22m [2m(+23ms)[22m 
[2m22:31:04[22m   [34m├─[39m [2m/armor/pride-of-aesir-gauntlets/index.html[22m [2m(+24ms)[22m 
[2m22:31:04[22m   [34m├─[39m [2m/armor/pride-of-aesir-helmet/index.html[22m [2m(+24ms)[22m 
[2m22:31:04[22m   [34m├─[39m [2m/armor/pride-of-aesir-leggings/index.html[22m [2m(+24ms)[22m 
[2m22:31:04[22m   [34m├─[39m [2m/armor/primeval-chestpiece/index.html[22m [2m(+24ms)[22m 
[2m22:31:04[22m   [34m├─[39m [2m/armor/primeval-crown/index.html[22m [2m(+24ms)[22m 
[2m22:31:04[22m   [34m├─[39m [2m/armor/primeval-crown-epic/index.html[22m [2m(+23ms)[22m 
[2m22:31:04[22m   [34m├─[39m [2m/armor/primeval-footwraps/index.html[22m [2m(+22ms)[22m 
[2m22:31:04[22m   [34m├─[39m [2m/armor/primeval-helmet/index.html[22m [2m(+24ms)[22m 
[2m22:31:04[22m   [34m├─[39m [2m/armor/primeval-waistwrap/index.html[22m [2m(+23ms)[22m 
[2m22:31:04[22m   [34m├─[39m [2m/armor/primitive-bracers/index.html[22m [2m(+22ms)[22m 
[2m22:31:04[22m   [34m├─[39m [2m/armor/primitive-chestpiece/index.html[22m [2m(+22ms)[22m 
[2m22:31:04[22m   [34m├─[39m [2m/armor/primitive-footwraps/index.html[22m [2m(+23ms)[22m 
[2m22:31:04[22m   [34m├─[39m [2m/armor/primitive-helmet/index.html[22m [2m(+23ms)[22m 
[2m22:31:04[22m   [34m├─[39m [2m/armor/primitive-skirt/index.html[22m [2m(+23ms)[22m 
[2m22:31:04[22m   [34m├─[39m [2m/armor/raiment-of-relic-hunting-boots/index.html[22m [2m(+23ms)[22m 
[2m22:31:04[22m   [34m├─[39m [2m/armor/raiment-of-relic-hunting-boots-epic/index.html[22m [2m(+23ms)[22m 
[2m22:31:04[22m   [34m├─[39m [2m/armor/raiment-of-relic-hunting-bracers/index.html[22m [2m(+22ms)[22m 
[2m22:31:04[22m   [34m├─[39m [2m/armor/raiment-of-relic-hunting-bracers-epic/index.html[22m [2m(+22ms)[22m 
[2m22:31:04[22m   [34m├─[39m [2m/armor/raiment-of-relic-hunting-chest/index.html[22m [2m(+24ms)[22m 
[2m22:31:04[22m   [34m├─[39m [2m/armor/raiment-of-relic-hunting-chest-epic/index.html[22m [2m(+23ms)[22m 
[2m22:31:04[22m   [34m├─[39m [2m/armor/raiment-of-relic-hunting-helm/index.html[22m [2m(+22ms)[22m 
[2m22:31:04[22m   [34m├─[39m [2m/armor/raiment-of-relic-hunting-helm-epic/index.html[22m [2m(+23ms)[22m 
[2m22:31:04[22m   [34m├─[39m [2m/armor/raiment-of-relic-hunting-tasset/index.html[22m [2m(+23ms)[22m 
[2m22:31:04[22m   [34m├─[39m [2m/armor/raiment-of-relic-hunting-tasset-epic/index.html[22m [2m(+22ms)[22m 
[2m22:31:04[22m   [34m├─[39m [2m/armor/raiment-of-set-bangles/index.html[22m [2m(+23ms)[22m 
[2m22:31:04[22m   [34m├─[39m [2m/armor/raiment-of-set-bangles-epic/index.html[22m [2m(+23ms)[22m 
[2m22:31:04[22m   [34m├─[39m [2m/armor/raiment-of-set-helm/index.html[22m [2m(+22ms)[22m 
[2m22:31:04[22m   [34m├─[39m [2m/armor/raiment-of-set-helm-epic/index.html[22m [2m(+24ms)[22m 
[2m22:31:04[22m   [34m├─[39m [2m/armor/raiment-of-set-leggings/index.html[22m [2m(+22ms)[22m 
[2m22:31:04[22m   [34m├─[39m [2m/armor/raiment-of-set-leggings-epic/index.html[22m [2m(+23ms)[22m 
[2m22:31:04[22m   [34m├─[39m [2m/armor/raiment-of-set-robe/index.html[22m [2m(+23ms)[22m 
[2m22:31:04[22m   [34m├─[39m [2m/armor/raiment-of-set-robe-epic/index.html[22m [2m(+23ms)[22m 
[2m22:31:04[22m   [34m├─[39m [2m/armor/raiment-of-set-sandals/index.html[22m [2m(+22ms)[22m 
[2m22:31:05[22m   [34m├─[39m [2m/armor/raiment-of-set-sandals-epic/index.html[22m [2m(+24ms)[22m 
[2m22:31:05[22m   [34m├─[39m [2m/armor/ranger-boots/index.html[22m [2m(+23ms)[22m 
[2m22:31:05[22m   [34m├─[39m [2m/armor/ranger-boots-epic/index.html[22m [2m(+23ms)[22m 
[2m22:31:05[22m   [34m├─[39m [2m/armor/ranger-chestpiece/index.html[22m [2m(+22ms)[22m 
[2m22:31:05[22m   [34m├─[39m [2m/armor/ranger-chestpiece-epic/index.html[22m [2m(+23ms)[22m 
[2m22:31:05[22m   [34m├─[39m [2m/armor/ranger-gloves/index.html[22m [2m(+22ms)[22m 
[2m22:31:05[22m   [34m├─[39m [2m/armor/ranger-gloves-epic/index.html[22m [2m(+22ms)[22m 
[2m22:31:05[22m   [34m├─[39m [2m/armor/ranger-mask/index.html[22m [2m(+22ms)[22m 
[2m22:31:05[22m   [34m├─[39m [2m/armor/ranger-mask-epic/index.html[22m [2m(+23ms)[22m 
[2m22:31:05[22m   [34m├─[39m [2m/armor/ranger-wrap/index.html[22m [2m(+23ms)[22m 
[2m22:31:05[22m   [34m├─[39m [2m/armor/ranger-wrap-epic/index.html[22m [2m(+22ms)[22m 
[2m22:31:05[22m   [34m├─[39m [2m/armor/ravager-helmet/index.html[22m [2m(+22ms)[22m 
[2m22:31:05[22m   [34m├─[39m [2m/armor/ravager-helmet-epic/index.html[22m [2m(+23ms)[22m 
[2m22:31:05[22m   [34m├─[39m [2m/armor/reaver-helmet/index.html[22m [2m(+23ms)[22m 
[2m22:31:05[22m   [34m├─[39m [2m/armor/reaver-helmet-epic/index.html[22m [2m(+22ms)[22m 
[2m22:31:05[22m   [34m├─[39m [2m/armor/redeemed-legion-boots/index.html[22m [2m(+23ms)[22m 
[2m22:31:05[22m   [34m├─[39m [2m/armor/redeemed-legion-gauntlets/index.html[22m [2m(+24ms)[22m 
[2m22:31:05[22m   [34m├─[39m [2m/armor/redeemed-legion-helmet/index.html[22m [2m(+23ms)[22m 
[2m22:31:05[22m   [34m├─[39m [2m/armor/redeemed-legion-pauldron/index.html[22m [2m(+22ms)[22m 
[2m22:31:05[22m   [34m├─[39m [2m/armor/redeemed-legion-tasset/index.html[22m [2m(+22ms)[22m 
[2m22:31:05[22m   [34m├─[39m [2m/armor/reinforced-climbing-boots/index.html[22m [2m(+22ms)[22m 
[2m22:31:05[22m   [34m├─[39m [2m/armor/reinforced-climbing-gloves/index.html[22m [2m(+22ms)[22m 
[2m22:31:05[22m   [34m├─[39m [2m/armor/reinforced-skelos-cultist-handwraps/index.html[22m [2m(+23ms)[22m 
[2m22:31:05[22m   [34m├─[39m [2m/armor/reinforced-skelos-cultist-hood/index.html[22m [2m(+23ms)[22m 
[2m22:31:05[22m   [34m├─[39m [2m/armor/reinforced-skelos-cultist-robe/index.html[22m [2m(+23ms)[22m 
[2m22:31:05[22m   [34m├─[39m [2m/armor/reinforced-skelos-cultist-sandals/index.html[22m [2m(+23ms)[22m 
[2m22:31:05[22m   [34m├─[39m [2m/armor/reinforced-skelos-cultist-skirt/index.html[22m [2m(+23ms)[22m 
[2m22:31:05[22m   [34m├─[39m [2m/armor/relic-hunter-bearer-pack/index.html[22m [2m(+23ms)[22m 
[2m22:31:05[22m   [34m├─[39m [2m/armor/relic-hunter-boots/index.html[22m [2m(+23ms)[22m 
[2m22:31:05[22m   [34m├─[39m [2m/armor/relic-hunter-boots-epic/index.html[22m [2m(+23ms)[22m 
[2m22:31:05[22m   [34m├─[39m [2m/armor/relic-hunter-gloves/index.html[22m [2m(+23ms)[22m 
[2m22:31:05[22m   [34m├─[39m [2m/armor/relic-hunter-gloves-epic/index.html[22m [2m(+22ms)[22m 
[2m22:31:05[22m   [34m├─[39m [2m/armor/relic-hunter-shirt/index.html[22m [2m(+23ms)[22m 
[2m22:31:05[22m   [34m├─[39m [2m/armor/relic-hunter-shirt-epic/index.html[22m [2m(+23ms)[22m 
[2m22:31:05[22m   [34m├─[39m [2m/armor/relic-hunter-trousers/index.html[22m [2m(+23ms)[22m 
[2m22:31:05[22m   [34m├─[39m [2m/armor/relic-hunter-trousers-epic/index.html[22m [2m(+22ms)[22m 
[2m22:31:05[22m   [34m├─[39m [2m/armor/relic-hunter-turban/index.html[22m [2m(+22ms)[22m 
[2m22:31:05[22m   [34m├─[39m [2m/armor/relic-hunter-turban-epic/index.html[22m [2m(+22ms)[22m 
[2m22:31:05[22m   [34m├─[39m [2m/armor/remnant-boots/index.html[22m [2m(+22ms)[22m 
[2m22:31:05[22m   [34m├─[39m [2m/armor/remnant-boots-epic/index.html[22m [2m(+22ms)[22m 
[2m22:31:05[22m   [34m├─[39m [2m/armor/remnant-chestpiece/index.html[22m [2m(+23ms)[22m 
[2m22:31:05[22m   [34m├─[39m [2m/armor/remnant-chestpiece-epic/index.html[22m [2m(+23ms)[22m 
[2m22:31:05[22m   [34m├─[39m [2m/armor/remnant-gauntlets/index.html[22m [2m(+22ms)[22m 
[2m22:31:05[22m   [34m├─[39m [2m/armor/remnant-gauntlets-epic/index.html[22m [2m(+22ms)[22m 
[2m22:31:06[22m   [34m├─[39m [2m/armor/remnant-mask/index.html[22m [2m(+22ms)[22m 
[2m22:31:06[22m   [34m├─[39m [2m/armor/remnant-mask-epic/index.html[22m [2m(+23ms)[22m 
[2m22:31:06[22m   [34m├─[39m [2m/armor/remnant-tasset/index.html[22m [2m(+22ms)[22m 
[2m22:31:06[22m   [34m├─[39m [2m/armor/remnant-tasset-epic/index.html[22m [2m(+23ms)[22m 
[2m22:31:06[22m   [34m├─[39m [2m/armor/reptilian-boots/index.html[22m [2m(+23ms)[22m 
[2m22:31:06[22m   [34m├─[39m [2m/armor/reptilian-boots-epic/index.html[22m [2m(+23ms)[22m 
[2m22:31:06[22m   [34m├─[39m [2m/armor/reptilian-chestpiece/index.html[22m [2m(+22ms)[22m 
[2m22:31:06[22m   [34m├─[39m [2m/armor/reptilian-chestpiece-epic/index.html[22m [2m(+22ms)[22m 
[2m22:31:06[22m   [34m├─[39m [2m/armor/reptilian-gauntlets/index.html[22m [2m(+23ms)[22m 
[2m22:31:06[22m   [34m├─[39m [2m/armor/reptilian-gauntlets-epic/index.html[22m [2m(+23ms)[22m 
[2m22:31:06[22m   [34m├─[39m [2m/armor/reptilian-helm/index.html[22m [2m(+22ms)[22m 
[2m22:31:06[22m   [34m├─[39m [2m/armor/reptilian-helm-epic/index.html[22m [2m(+24ms)[22m 
[2m22:31:06[22m   [34m├─[39m [2m/armor/reptilian-tasset/index.html[22m [2m(+23ms)[22m 
[2m22:31:06[22m   [34m├─[39m [2m/armor/reptilian-tasset-epic/index.html[22m [2m(+24ms)[22m 
[2m22:31:06[22m   [34m├─[39m [2m/armor/ritual-derketos-protection/index.html[22m [2m(+23ms)[22m 
[2m22:31:06[22m   [34m├─[39m [2m/armor/ritual-jhebbal-sags-protection/index.html[22m [2m(+23ms)[22m 
[2m22:31:06[22m   [34m├─[39m [2m/armor/ritual-mitras-protection/index.html[22m [2m(+23ms)[22m 
[2m22:31:06[22m   [34m├─[39m [2m/armor/ritual-sets-protection/index.html[22m [2m(+24ms)[22m 
[2m22:31:06[22m   [34m├─[39m [2m/armor/ritual-ymirs-protection/index.html[22m [2m(+22ms)[22m 
[2m22:31:06[22m   [34m├─[39m [2m/armor/ritual-yogs-protection/index.html[22m [2m(+22ms)[22m 
[2m22:31:06[22m   [34m├─[39m [2m/armor/ritual-zaths-protection/index.html[22m [2m(+22ms)[22m 
[2m22:31:06[22m   [34m├─[39m [2m/armor/robe-of-kurak/index.html[22m [2m(+23ms)[22m 
[2m22:31:06[22m   [34m├─[39m [2m/armor/royal-breastplate/index.html[22m [2m(+23ms)[22m 
[2m22:31:06[22m   [34m├─[39m [2m/armor/royal-breastplate-epic/index.html[22m [2m(+22ms)[22m 
[2m22:31:06[22m   [34m├─[39m [2m/armor/royal-circlet/index.html[22m [2m(+22ms)[22m 
[2m22:31:06[22m   [34m├─[39m [2m/armor/royal-circlet-epic/index.html[22m [2m(+23ms)[22m 
[2m22:31:06[22m   [34m├─[39m [2m/armor/royal-gauntlets/index.html[22m [2m(+22ms)[22m 
[2m22:31:06[22m   [34m├─[39m [2m/armor/royal-gauntlets-epic/index.html[22m [2m(+22ms)[22m 
[2m22:31:06[22m   [34m├─[39m [2m/armor/royal-greaves/index.html[22m [2m(+22ms)[22m 
[2m22:31:06[22m   [34m├─[39m [2m/armor/royal-greaves-epic/index.html[22m [2m(+22ms)[22m 
[2m22:31:06[22m   [34m├─[39m [2m/armor/royal-tassets/index.html[22m [2m(+22ms)[22m 
[2m22:31:06[22m   [34m├─[39m [2m/armor/royal-tassets-epic/index.html[22m [2m(+22ms)[22m 
[2m22:31:06[22m   [34m├─[39m [2m/armor/rusted-boots/index.html[22m [2m(+23ms)[22m 
[2m22:31:06[22m   [34m├─[39m [2m/armor/rusted-chestpiece/index.html[22m [2m(+22ms)[22m 
[2m22:31:06[22m   [34m├─[39m [2m/armor/rusted-gauntlets/index.html[22m [2m(+22ms)[22m 
[2m22:31:06[22m   [34m├─[39m [2m/armor/rusted-helmet/index.html[22m [2m(+23ms)[22m 
[2m22:31:06[22m   [34m├─[39m [2m/armor/rusted-leggings/index.html[22m [2m(+23ms)[22m 
[2m22:31:06[22m   [34m├─[39m [2m/armor/sandals-of-the-mad-prophet/index.html[22m [2m(+22ms)[22m 
[2m22:31:06[22m   [34m├─[39m [2m/armor/sandals-of-the-mad-prophet-epic/index.html[22m [2m(+22ms)[22m 
[2m22:31:06[22m   [34m├─[39m [2m/armor/sandstorm-breathing-mask/index.html[22m [2m(+22ms)[22m 
[2m22:31:06[22m   [34m├─[39m [2m/armor/savage-soothsayer-boots/index.html[22m [2m(+23ms)[22m 
[2m22:31:06[22m   [34m├─[39m [2m/armor/savage-soothsayer-boots-epic/index.html[22m [2m(+22ms)[22m 
[2m22:31:06[22m   [34m├─[39m [2m/armor/savage-soothsayer-bracers/index.html[22m [2m(+23ms)[22m 
[2m22:31:06[22m   [34m├─[39m [2m/armor/savage-soothsayer-bracers-epic/index.html[22m [2m(+22ms)[22m 
[2m22:31:07[22m   [34m├─[39m [2m/armor/savage-soothsayer-chestpiece/index.html[22m [2m(+22ms)[22m 
[2m22:31:07[22m   [34m├─[39m [2m/armor/savage-soothsayer-chestpiece-epic/index.html[22m [2m(+23ms)[22m 
[2m22:31:07[22m   [34m├─[39m [2m/armor/savage-soothsayer-mask/index.html[22m [2m(+23ms)[22m 
[2m22:31:07[22m   [34m├─[39m [2m/armor/savage-soothsayer-mask-epic/index.html[22m [2m(+22ms)[22m 
[2m22:31:07[22m   [34m├─[39m [2m/armor/savage-soothsayer-skirt/index.html[22m [2m(+22ms)[22m 
[2m22:31:07[22m   [34m├─[39m [2m/armor/savage-soothsayer-skirt-epic/index.html[22m [2m(+23ms)[22m 
[2m22:31:07[22m   [34m├─[39m [2m/armor/scavenger-skull-helmet/index.html[22m [2m(+23ms)[22m 
[2m22:31:07[22m   [34m├─[39m [2m/armor/scavenger-skull-helmet-epic/index.html[22m [2m(+22ms)[22m 
[2m22:31:07[22m   [34m├─[39m [2m/armor/scavenger-fur-boots/index.html[22m [2m(+23ms)[22m 
[2m22:31:07[22m   [34m├─[39m [2m/armor/scavenger-fur-boots-epic/index.html[22m [2m(+23ms)[22m 
[2m22:31:07[22m   [34m├─[39m [2m/armor/scavenger-fur-chestpiece/index.html[22m [2m(+22ms)[22m 
[2m22:31:07[22m   [34m├─[39m [2m/armor/scavenger-fur-chestpiece-epic/index.html[22m [2m(+22ms)[22m 
[2m22:31:07[22m   [34m├─[39m [2m/armor/scavenger-fur-gloves/index.html[22m [2m(+22ms)[22m 
[2m22:31:07[22m   [34m├─[39m [2m/armor/scavenger-fur-gloves-epic/index.html[22m [2m(+23ms)[22m 
[2m22:31:07[22m   [34m├─[39m [2m/armor/scavenger-fur-wrap/index.html[22m [2m(+24ms)[22m 
[2m22:31:07[22m   [34m├─[39m [2m/armor/scavenger-fur-wrap-epic/index.html[22m [2m(+22ms)[22m 
[2m22:31:07[22m   [34m├─[39m [2m/armor/scorpion-harness/index.html[22m [2m(+23ms)[22m 
[2m22:31:07[22m   [34m├─[39m [2m/armor/scorpion-helm/index.html[22m [2m(+23ms)[22m 
[2m22:31:07[22m   [34m├─[39m [2m/armor/setite-choker/index.html[22m [2m(+23ms)[22m 
[2m22:31:07[22m   [34m├─[39m [2m/armor/setite-cult-helmet/index.html[22m [2m(+23ms)[22m 
[2m22:31:07[22m   [34m├─[39m [2m/armor/setite-cult-helmet-epic/index.html[22m [2m(+23ms)[22m 
[2m22:31:07[22m   [34m├─[39m [2m/armor/setite-mask/index.html[22m [2m(+22ms)[22m 
[2m22:31:07[22m   [34m├─[39m [2m/armor/setite-sandals/index.html[22m [2m(+24ms)[22m 
[2m22:31:07[22m   [34m├─[39m [2m/armor/setite-shendyt/index.html[22m [2m(+24ms)[22m 
[2m22:31:07[22m   [34m├─[39m [2m/armor/shemite-gloves/index.html[22m [2m(+23ms)[22m 
[2m22:31:07[22m   [34m├─[39m [2m/armor/shemite-gloves-epic/index.html[22m [2m(+23ms)[22m 
[2m22:31:07[22m   [34m├─[39m [2m/armor/shemite-leggings/index.html[22m [2m(+23ms)[22m 
[2m22:31:07[22m   [34m├─[39m [2m/armor/shemite-leggings-epic/index.html[22m [2m(+23ms)[22m 
[2m22:31:07[22m   [34m├─[39m [2m/armor/shemite-mercenary-boots/index.html[22m [2m(+23ms)[22m 
[2m22:31:07[22m   [34m├─[39m [2m/armor/shemite-mercenary-boots-epic/index.html[22m [2m(+23ms)[22m 
[2m22:31:07[22m   [34m├─[39m [2m/armor/shemite-mercenary-bracers/index.html[22m [2m(+24ms)[22m 
[2m22:31:07[22m   [34m├─[39m [2m/armor/shemite-mercenary-bracers-epic/index.html[22m [2m(+23ms)[22m 
[2m22:31:07[22m   [34m├─[39m [2m/armor/shemite-mercenary-chestpiece/index.html[22m [2m(+22ms)[22m 
[2m22:31:07[22m   [34m├─[39m [2m/armor/shemite-mercenary-chestpiece-epic/index.html[22m [2m(+22ms)[22m 
[2m22:31:07[22m   [34m├─[39m [2m/armor/shemite-mercenary-helm/index.html[22m [2m(+23ms)[22m 
[2m22:31:07[22m   [34m├─[39m [2m/armor/shemite-mercenary-helm-epic/index.html[22m [2m(+22ms)[22m 
[2m22:31:07[22m   [34m├─[39m [2m/armor/shemite-mercenary-tasset/index.html[22m [2m(+22ms)[22m 
[2m22:31:07[22m   [34m├─[39m [2m/armor/shemite-mercenary-tasset-epic/index.html[22m [2m(+23ms)[22m 
[2m22:31:07[22m   [34m├─[39m [2m/armor/shemite-shoes/index.html[22m [2m(+23ms)[22m 
[2m22:31:07[22m   [34m├─[39m [2m/armor/shemite-shoes-epic/index.html[22m [2m(+23ms)[22m 
[2m22:31:07[22m   [34m├─[39m [2m/armor/shemite-tunic/index.html[22m [2m(+22ms)[22m 
[2m22:31:07[22m   [34m├─[39m [2m/armor/shemite-tunic-epic/index.html[22m [2m(+22ms)[22m 
[2m22:31:07[22m   [34m├─[39m [2m/armor/shemite-turban/index.html[22m [2m(+24ms)[22m 
[2m22:31:07[22m   [34m├─[39m [2m/armor/shemite-turban-epic/index.html[22m [2m(+22ms)[22m 
[2m22:31:08[22m   [34m├─[39m [2m/armor/silent-legion-boots/index.html[22m [2m(+22ms)[22m 
[2m22:31:08[22m   [34m├─[39m [2m/armor/silent-legion-gauntlets/index.html[22m [2m(+22ms)[22m 
[2m22:31:08[22m   [34m├─[39m [2m/armor/silent-legion-helmet/index.html[22m [2m(+22ms)[22m 
[2m22:31:08[22m   [34m├─[39m [2m/armor/silent-legion-light-boots/index.html[22m [2m(+22ms)[22m 
[2m22:31:08[22m   [34m├─[39m [2m/armor/silent-legion-light-gauntlets/index.html[22m [2m(+22ms)[22m 
[2m22:31:08[22m   [34m├─[39m [2m/armor/silent-legion-light-helmet/index.html[22m [2m(+23ms)[22m 
[2m22:31:08[22m   [34m├─[39m [2m/armor/silent-legion-light-pauldron/index.html[22m [2m(+24ms)[22m 
[2m22:31:08[22m   [34m├─[39m [2m/armor/silent-legion-light-tasset/index.html[22m [2m(+23ms)[22m 
[2m22:31:08[22m   [34m├─[39m [2m/armor/silent-legion-medium-boots/index.html[22m [2m(+22ms)[22m 
[2m22:31:08[22m   [34m├─[39m [2m/armor/silent-legion-medium-gauntlets/index.html[22m [2m(+23ms)[22m 
[2m22:31:08[22m   [34m├─[39m [2m/armor/silent-legion-medium-helmet/index.html[22m [2m(+23ms)[22m 
[2m22:31:08[22m   [34m├─[39m [2m/armor/silent-legion-medium-pauldron/index.html[22m [2m(+23ms)[22m 
[2m22:31:08[22m   [34m├─[39m [2m/armor/silent-legion-medium-tasset/index.html[22m [2m(+22ms)[22m 
[2m22:31:08[22m   [34m├─[39m [2m/armor/silent-legion-pauldron/index.html[22m [2m(+23ms)[22m 
[2m22:31:08[22m   [34m├─[39m [2m/armor/silent-legion-tasset/index.html[22m [2m(+24ms)[22m 
[2m22:31:08[22m   [34m├─[39m [2m/armor/silver-anklet-variant-a/index.html[22m [2m(+23ms)[22m 
[2m22:31:08[22m   [34m├─[39m [2m/armor/silver-anklet-variant-b/index.html[22m [2m(+24ms)[22m 
[2m22:31:08[22m   [34m├─[39m [2m/armor/silver-bracelet-variant-a/index.html[22m [2m(+22ms)[22m 
[2m22:31:08[22m   [34m├─[39m [2m/armor/silver-bracelet-variant-b/index.html[22m [2m(+23ms)[22m 
[2m22:31:08[22m   [34m├─[39m [2m/armor/silver-circlet-variant-a/index.html[22m [2m(+23ms)[22m 
[2m22:31:08[22m   [34m├─[39m [2m/armor/silver-circlet-variant-b/index.html[22m [2m(+23ms)[22m 
[2m22:31:08[22m   [34m├─[39m [2m/armor/silver-circlet-and-earrings-variant-a/index.html[22m [2m(+23ms)[22m 
[2m22:31:08[22m   [34m├─[39m [2m/armor/silver-circlet-and-earrings-variant-b/index.html[22m [2m(+23ms)[22m 
[2m22:31:08[22m   [34m├─[39m [2m/armor/silver-earrings-variant-a/index.html[22m [2m(+23ms)[22m 
[2m22:31:08[22m   [34m├─[39m [2m/armor/silver-earrings-variant-b/index.html[22m [2m(+24ms)[22m 
[2m22:31:08[22m   [34m├─[39m [2m/armor/skelos-cultist-handwraps/index.html[22m [2m(+23ms)[22m 
[2m22:31:08[22m   [34m├─[39m [2m/armor/skelos-cultist-hood/index.html[22m [2m(+23ms)[22m 
[2m22:31:08[22m   [34m├─[39m [2m/armor/skelos-cultist-masters-handwraps/index.html[22m [2m(+22ms)[22m 
[2m22:31:08[22m   [34m├─[39m [2m/armor/skelos-cultist-masters-hood/index.html[22m [2m(+23ms)[22m 
[2m22:31:08[22m   [34m├─[39m [2m/armor/skelos-cultist-masters-robe/index.html[22m [2m(+23ms)[22m 
[2m22:31:08[22m   [34m├─[39m [2m/armor/skelos-cultist-masters-shoes/index.html[22m [2m(+23ms)[22m 
[2m22:31:08[22m   [34m├─[39m [2m/armor/skelos-cultist-masters-skirt/index.html[22m [2m(+23ms)[22m 
[2m22:31:08[22m   [34m├─[39m [2m/armor/skelos-cultist-robe/index.html[22m [2m(+23ms)[22m 
[2m22:31:08[22m   [34m├─[39m [2m/armor/skelos-cultist-sandals/index.html[22m [2m(+23ms)[22m 
[2m22:31:08[22m   [34m├─[39m [2m/armor/skelos-cultist-skirt/index.html[22m [2m(+23ms)[22m 
[2m22:31:08[22m   [34m├─[39m [2m/armor/slaveforged-ceremonial-bracers/index.html[22m [2m(+24ms)[22m 
[2m22:31:08[22m   [34m├─[39m [2m/armor/slaveforged-ceremonial-bracers-epic/index.html[22m [2m(+22ms)[22m 
[2m22:31:08[22m   [34m├─[39m [2m/armor/slaveforged-ceremonial-chest/index.html[22m [2m(+23ms)[22m 
[2m22:31:08[22m   [34m├─[39m [2m/armor/slaveforged-ceremonial-chest-epic/index.html[22m [2m(+23ms)[22m 
[2m22:31:08[22m   [34m├─[39m [2m/armor/slaveforged-ceremonial-facemask/index.html[22m [2m(+24ms)[22m 
[2m22:31:08[22m   [34m├─[39m [2m/armor/slaveforged-ceremonial-facemask-epic/index.html[22m [2m(+23ms)[22m 
[2m22:31:08[22m   [34m├─[39m [2m/armor/slaveforged-ceremonial-legs/index.html[22m [2m(+22ms)[22m 
[2m22:31:08[22m   [34m├─[39m [2m/armor/slaveforged-ceremonial-legs-epic/index.html[22m [2m(+23ms)[22m 
[2m22:31:08[22m   [34m├─[39m [2m/armor/slaveforged-ceremonial-shackles/index.html[22m [2m(+23ms)[22m 
[2m22:31:09[22m   [34m├─[39m [2m/armor/slaveforged-ceremonial-shackles-epic/index.html[22m [2m(+23ms)[22m 
[2m22:31:09[22m   [34m├─[39m [2m/armor/slaveforged-guardian-chest/index.html[22m [2m(+22ms)[22m 
[2m22:31:09[22m   [34m├─[39m [2m/armor/slaveforged-guardian-chest-epic/index.html[22m [2m(+23ms)[22m 
[2m22:31:09[22m   [34m├─[39m [2m/armor/slaveforged-guardian-gauntlets/index.html[22m [2m(+22ms)[22m 
[2m22:31:09[22m   [34m├─[39m [2m/armor/slaveforged-guardian-gauntlets-epic/index.html[22m [2m(+22ms)[22m 
[2m22:31:09[22m   [34m├─[39m [2m/armor/slaveforged-guardian-greaves/index.html[22m [2m(+23ms)[22m 
[2m22:31:09[22m   [34m├─[39m [2m/armor/slaveforged-guardian-greaves-epic/index.html[22m [2m(+23ms)[22m 
[2m22:31:09[22m   [34m├─[39m [2m/armor/slaveforged-guardian-helm/index.html[22m [2m(+23ms)[22m 
[2m22:31:09[22m   [34m├─[39m [2m/armor/slaveforged-guardian-helm-epic/index.html[22m [2m(+22ms)[22m 
[2m22:31:09[22m   [34m├─[39m [2m/armor/slaveforged-guardian-sabatons/index.html[22m [2m(+23ms)[22m 
[2m22:31:09[22m   [34m├─[39m [2m/armor/slaveforged-guardian-sabatons-epic/index.html[22m [2m(+22ms)[22m 
[2m22:31:09[22m   [34m├─[39m [2m/armor/slaveforged-sacrificial-chestpiece/index.html[22m [2m(+22ms)[22m 
[2m22:31:09[22m   [34m├─[39m [2m/armor/slaveforged-sacrificial-chestpiece-epic/index.html[22m [2m(+22ms)[22m 
[2m22:31:09[22m   [34m├─[39m [2m/armor/slaveforged-sacrificial-facemask/index.html[22m [2m(+23ms)[22m 
[2m22:31:09[22m   [34m├─[39m [2m/armor/slaveforged-sacrificial-facemask-epic/index.html[22m [2m(+23ms)[22m 
[2m22:31:09[22m   [34m├─[39m [2m/armor/slaveforged-sacrificial-fetters/index.html[22m [2m(+23ms)[22m 
[2m22:31:09[22m   [34m├─[39m [2m/armor/slaveforged-sacrificial-fetters-epic/index.html[22m [2m(+22ms)[22m 
[2m22:31:09[22m   [34m├─[39m [2m/armor/slaveforged-sacrificial-leggings/index.html[22m [2m(+23ms)[22m 
[2m22:31:09[22m   [34m├─[39m [2m/armor/slaveforged-sacrificial-leggings-epic/index.html[22m [2m(+22ms)[22m 
[2m22:31:09[22m   [34m├─[39m [2m/armor/slaveforged-sacrificial-shackles/index.html[22m [2m(+22ms)[22m 
[2m22:31:09[22m   [34m├─[39m [2m/armor/slaveforged-sacrificial-shackles-epic/index.html[22m [2m(+23ms)[22m 
[2m22:31:09[22m   [34m├─[39m [2m/armor/slavers-hood/index.html[22m [2m(+23ms)[22m 
[2m22:31:09[22m   [34m├─[39m [2m/armor/spiderclimb-boots/index.html[22m [2m(+22ms)[22m 
[2m22:31:09[22m   [34m├─[39m [2m/armor/steppes-helmet/index.html[22m [2m(+23ms)[22m 
[2m22:31:09[22m   [34m├─[39m [2m/armor/steppes-helmet-epic/index.html[22m [2m(+22ms)[22m 
[2m22:31:09[22m   [34m├─[39m [2m/armor/stygian-commander-boots/index.html[22m [2m(+23ms)[22m 
[2m22:31:09[22m   [34m├─[39m [2m/armor/stygian-commander-boots-epic/index.html[22m [2m(+22ms)[22m 
[2m22:31:09[22m   [34m├─[39m [2m/armor/stygian-commander-bracers/index.html[22m [2m(+23ms)[22m 
[2m22:31:09[22m   [34m├─[39m [2m/armor/stygian-commander-bracers-epic/index.html[22m [2m(+23ms)[22m 
[2m22:31:09[22m   [34m├─[39m [2m/armor/stygian-commander-cuirass/index.html[22m [2m(+23ms)[22m 
[2m22:31:09[22m   [34m├─[39m [2m/armor/stygian-commander-cuirass-epic/index.html[22m [2m(+23ms)[22m 
[2m22:31:09[22m   [34m├─[39m [2m/armor/stygian-commander-helmet/index.html[22m [2m(+23ms)[22m 
[2m22:31:09[22m   [34m├─[39m [2m/armor/stygian-commander-helmet-epic/index.html[22m [2m(+23ms)[22m 
[2m22:31:09[22m   [34m├─[39m [2m/armor/stygian-commander-tasset/index.html[22m [2m(+24ms)[22m 
[2m22:31:09[22m   [34m├─[39m [2m/armor/stygian-commander-tasset-epic/index.html[22m [2m(+23ms)[22m 
[2m22:31:09[22m   [34m├─[39m [2m/armor/stygian-commanders-helmet/index.html[22m [2m(+22ms)[22m 
[2m22:31:09[22m   [34m├─[39m [2m/armor/stygian-headdress/index.html[22m [2m(+22ms)[22m 
[2m22:31:09[22m   [34m├─[39m [2m/armor/stygian-infantry-boots/index.html[22m [2m(+22ms)[22m 
[2m22:31:09[22m   [34m├─[39m [2m/armor/stygian-infantry-boots-epic/index.html[22m [2m(+23ms)[22m 
[2m22:31:09[22m   [34m├─[39m [2m/armor/stygian-infantry-bracers/index.html[22m [2m(+22ms)[22m 
[2m22:31:09[22m   [34m├─[39m [2m/armor/stygian-infantry-bracers-epic/index.html[22m [2m(+23ms)[22m 
[2m22:31:09[22m   [34m├─[39m [2m/armor/stygian-infantry-chestplate/index.html[22m [2m(+23ms)[22m 
[2m22:31:09[22m   [34m├─[39m [2m/armor/stygian-infantry-chestplate-epic/index.html[22m [2m(+23ms)[22m 
[2m22:31:09[22m   [34m├─[39m [2m/armor/stygian-infantry-tasset/index.html[22m [2m(+23ms)[22m 
[2m22:31:10[22m   [34m├─[39m [2m/armor/stygian-infantry-tasset-epic/index.html[22m [2m(+22ms)[22m 
[2m22:31:10[22m   [34m├─[39m [2m/armor/stygian-infantry-winged-helmet/index.html[22m [2m(+23ms)[22m 
[2m22:31:10[22m   [34m├─[39m [2m/armor/stygian-infantry-winged-helmet-epic/index.html[22m [2m(+23ms)[22m 
[2m22:31:10[22m   [34m├─[39m [2m/armor/stygian-invader-boots/index.html[22m [2m(+22ms)[22m 
[2m22:31:10[22m   [34m├─[39m [2m/armor/stygian-invader-bracers/index.html[22m [2m(+23ms)[22m 
[2m22:31:10[22m   [34m├─[39m [2m/armor/stygian-invader-chestguard/index.html[22m [2m(+23ms)[22m 
[2m22:31:10[22m   [34m├─[39m [2m/armor/stygian-invader-helmet/index.html[22m [2m(+23ms)[22m 
[2m22:31:10[22m   [34m├─[39m [2m/armor/stygian-invader-leggings/index.html[22m [2m(+24ms)[22m 
[2m22:31:10[22m   [34m├─[39m [2m/armor/stygian-mercenary-bracers/index.html[22m [2m(+22ms)[22m 
[2m22:31:10[22m   [34m├─[39m [2m/armor/stygian-mercenary-helmet/index.html[22m [2m(+23ms)[22m 
[2m22:31:10[22m   [34m├─[39m [2m/armor/stygian-mercenary-leggings/index.html[22m [2m(+23ms)[22m 
[2m22:31:10[22m   [34m├─[39m [2m/armor/stygian-mercenary-mail/index.html[22m [2m(+23ms)[22m 
[2m22:31:10[22m   [34m├─[39m [2m/armor/stygian-mercenary-sandals/index.html[22m [2m(+23ms)[22m 
[2m22:31:10[22m   [34m├─[39m [2m/armor/stygian-raider-bracers/index.html[22m [2m(+22ms)[22m 
[2m22:31:10[22m   [34m├─[39m [2m/armor/stygian-raider-bracers-epic/index.html[22m [2m(+23ms)[22m 
[2m22:31:10[22m   [34m├─[39m [2m/armor/stygian-raider-chestpiece/index.html[22m [2m(+23ms)[22m 
[2m22:31:10[22m   [34m├─[39m [2m/armor/stygian-raider-chestpiece-epic/index.html[22m [2m(+22ms)[22m 
[2m22:31:10[22m   [34m├─[39m [2m/armor/stygian-raider-greaves/index.html[22m [2m(+22ms)[22m 
[2m22:31:10[22m   [34m├─[39m [2m/armor/stygian-raider-greaves-epic/index.html[22m [2m(+22ms)[22m 
[2m22:31:10[22m   [34m├─[39m [2m/armor/stygian-raider-mask/index.html[22m [2m(+23ms)[22m 
[2m22:31:10[22m   [34m├─[39m [2m/armor/stygian-raider-mask-epic/index.html[22m [2m(+23ms)[22m 
[2m22:31:10[22m   [34m├─[39m [2m/armor/stygian-raider-sandals/index.html[22m [2m(+22ms)[22m 
[2m22:31:10[22m   [34m├─[39m [2m/armor/stygian-raider-sandals-epic/index.html[22m [2m(+22ms)[22m 
[2m22:31:10[22m   [34m├─[39m [2m/armor/stygian-sandals/index.html[22m [2m(+23ms)[22m 
[2m22:31:10[22m   [34m├─[39m [2m/armor/stygian-shendyt/index.html[22m [2m(+22ms)[22m 
[2m22:31:10[22m   [34m├─[39m [2m/armor/stygian-soldier-bracers/index.html[22m [2m(+22ms)[22m 
[2m22:31:10[22m   [34m├─[39m [2m/armor/stygian-soldier-bracers-epic/index.html[22m [2m(+23ms)[22m 
[2m22:31:10[22m   [34m├─[39m [2m/armor/stygian-soldier-helm/index.html[22m [2m(+23ms)[22m 
[2m22:31:10[22m   [34m├─[39m [2m/armor/stygian-soldier-helm-epic/index.html[22m [2m(+22ms)[22m 
[2m22:31:10[22m   [34m├─[39m [2m/armor/stygian-soldier-mail/index.html[22m [2m(+23ms)[22m 
[2m22:31:10[22m   [34m├─[39m [2m/armor/stygian-soldier-mail-epic/index.html[22m [2m(+22ms)[22m 
[2m22:31:10[22m   [34m├─[39m [2m/armor/stygian-soldier-sandals/index.html[22m [2m(+23ms)[22m 
[2m22:31:10[22m   [34m├─[39m [2m/armor/stygian-soldier-sandals-epic/index.html[22m [2m(+22ms)[22m 
[2m22:31:10[22m   [34m├─[39m [2m/armor/stygian-soldier-tasset/index.html[22m [2m(+23ms)[22m 
[2m22:31:10[22m   [34m├─[39m [2m/armor/stygian-soldier-tasset-epic/index.html[22m [2m(+22ms)[22m 
[2m22:31:10[22m   [34m├─[39m [2m/armor/stygian-vanguard-bracers/index.html[22m [2m(+24ms)[22m 
[2m22:31:10[22m   [34m├─[39m [2m/armor/stygian-vanguard-bracers-epic/index.html[22m [2m(+23ms)[22m 
[2m22:31:10[22m   [34m├─[39m [2m/armor/stygian-vanguard-headress/index.html[22m [2m(+23ms)[22m 
[2m22:31:10[22m   [34m├─[39m [2m/armor/stygian-vanguard-headress-epic/index.html[22m [2m(+23ms)[22m 
[2m22:31:10[22m   [34m├─[39m [2m/armor/stygian-vanguard-leggings/index.html[22m [2m(+23ms)[22m 
[2m22:31:10[22m   [34m├─[39m [2m/armor/stygian-vanguard-leggings-epic/index.html[22m [2m(+23ms)[22m 
[2m22:31:10[22m   [34m├─[39m [2m/armor/stygian-vanguard-sandals/index.html[22m [2m(+22ms)[22m 
[2m22:31:10[22m   [34m├─[39m [2m/armor/stygian-vanguard-sandals-epic/index.html[22m [2m(+24ms)[22m 
[2m22:31:10[22m   [34m├─[39m [2m/armor/stygian-vanguard-vestments/index.html[22m [2m(+23ms)[22m 
[2m22:31:11[22m   [34m├─[39m [2m/armor/stygian-vanguard-vestments-epic/index.html[22m [2m(+23ms)[22m 
[2m22:31:11[22m   [34m├─[39m [2m/armor/stygian-vest/index.html[22m [2m(+24ms)[22m 
[2m22:31:11[22m   [34m├─[39m [2m/armor/stygian-war-doctor-bracers/index.html[22m [2m(+23ms)[22m 
[2m22:31:11[22m   [34m├─[39m [2m/armor/stygian-war-doctor-chestpiece/index.html[22m [2m(+23ms)[22m 
[2m22:31:11[22m   [34m├─[39m [2m/armor/stygian-war-doctor-headress/index.html[22m [2m(+23ms)[22m 
[2m22:31:11[22m   [34m├─[39m [2m/armor/stygian-war-doctor-sandals/index.html[22m [2m(+23ms)[22m 
[2m22:31:11[22m   [34m├─[39m [2m/armor/stygian-war-doctor-skirt/index.html[22m [2m(+23ms)[22m 
[2m22:31:11[22m   [34m├─[39m [2m/armor/sundered-manacles/index.html[22m [2m(+23ms)[22m 
[2m22:31:11[22m   [34m├─[39m [2m/armor/survivalist-boots/index.html[22m [2m(+23ms)[22m 
[2m22:31:11[22m   [34m├─[39m [2m/armor/survivalist-boots-epic/index.html[22m [2m(+23ms)[22m 
[2m22:31:11[22m   [34m├─[39m [2m/armor/survivalist-chestguard/index.html[22m [2m(+23ms)[22m 
[2m22:31:11[22m   [34m├─[39m [2m/armor/survivalist-chestguard-epic/index.html[22m [2m(+23ms)[22m 
[2m22:31:11[22m   [34m├─[39m [2m/armor/survivalist-gloves/index.html[22m [2m(+23ms)[22m 
[2m22:31:11[22m   [34m├─[39m [2m/armor/survivalist-gloves-epic/index.html[22m [2m(+22ms)[22m 
[2m22:31:11[22m   [34m├─[39m [2m/armor/survivalist-hood/index.html[22m [2m(+22ms)[22m 
[2m22:31:11[22m   [34m├─[39m [2m/armor/survivalist-hood-epic/index.html[22m [2m(+23ms)[22m 
[2m22:31:11[22m   [34m├─[39m [2m/armor/survivalist-leggings/index.html[22m [2m(+22ms)[22m 
[2m22:31:11[22m   [34m├─[39m [2m/armor/survivalist-leggings-epic/index.html[22m [2m(+23ms)[22m 
[2m22:31:11[22m   [34m├─[39m [2m/armor/tasset-of-sobek/index.html[22m [2m(+23ms)[22m 
[2m22:31:11[22m   [34m├─[39m [2m/armor/tasset-of-the-mad-prophet/index.html[22m [2m(+23ms)[22m 
[2m22:31:11[22m   [34m├─[39m [2m/armor/tasset-of-the-mad-prophet-epic/index.html[22m [2m(+23ms)[22m 
[2m22:31:11[22m   [34m├─[39m [2m/armor/tavern-guard-boots/index.html[22m [2m(+23ms)[22m 
[2m22:31:11[22m   [34m├─[39m [2m/armor/tavern-guard-boots-epic/index.html[22m [2m(+23ms)[22m 
[2m22:31:11[22m   [34m├─[39m [2m/armor/tavern-guard-chestguard/index.html[22m [2m(+23ms)[22m 
[2m22:31:11[22m   [34m├─[39m [2m/armor/tavern-guard-chestguard-epic/index.html[22m [2m(+23ms)[22m 
[2m22:31:11[22m   [34m├─[39m [2m/armor/tavern-guard-gauntlets/index.html[22m [2m(+23ms)[22m 
[2m22:31:11[22m   [34m├─[39m [2m/armor/tavern-guard-gauntlets-epic/index.html[22m [2m(+23ms)[22m 
[2m22:31:11[22m   [34m├─[39m [2m/armor/tavern-guard-helmet/index.html[22m [2m(+23ms)[22m 
[2m22:31:11[22m   [34m├─[39m [2m/armor/tavern-guard-helmet-epic/index.html[22m [2m(+23ms)[22m 
[2m22:31:11[22m   [34m├─[39m [2m/armor/tavern-guard-leggings/index.html[22m [2m(+23ms)[22m 
[2m22:31:11[22m   [34m├─[39m [2m/armor/tavern-guard-leggings-epic/index.html[22m [2m(+23ms)[22m 
[2m22:31:11[22m   [34m├─[39m [2m/armor/the-horned-helmet/index.html[22m [2m(+22ms)[22m 
[2m22:31:11[22m   [34m├─[39m [2m/armor/the-nemedian/index.html[22m [2m(+23ms)[22m 
[2m22:31:11[22m   [34m├─[39m [2m/armor/thermae-robe/index.html[22m [2m(+23ms)[22m 
[2m22:31:11[22m   [34m├─[39m [2m/armor/thermae-robe-bottom/index.html[22m [2m(+23ms)[22m 
[2m22:31:11[22m   [34m├─[39m [2m/armor/theurgical-aegis-bracers/index.html[22m [2m(+22ms)[22m 
[2m22:31:11[22m   [34m├─[39m [2m/armor/theurgical-aegis-bracers-epic/index.html[22m [2m(+22ms)[22m 
[2m22:31:11[22m   [34m├─[39m [2m/armor/theurgical-aegis-hood/index.html[22m [2m(+23ms)[22m 
[2m22:31:11[22m   [34m├─[39m [2m/armor/theurgical-aegis-hood-epic/index.html[22m [2m(+23ms)[22m 
[2m22:31:11[22m   [34m├─[39m [2m/armor/theurgical-aegis-leggings/index.html[22m [2m(+23ms)[22m 
[2m22:31:11[22m   [34m├─[39m [2m/armor/theurgical-aegis-leggings-epic/index.html[22m [2m(+23ms)[22m 
[2m22:31:11[22m   [34m├─[39m [2m/armor/theurgical-aegis-sandals/index.html[22m [2m(+22ms)[22m 
[2m22:31:11[22m   [34m├─[39m [2m/armor/theurgical-aegis-sandals-epic/index.html[22m [2m(+23ms)[22m 
[2m22:31:12[22m   [34m├─[39m [2m/armor/theurgical-aegis-tunic/index.html[22m [2m(+23ms)[22m 
[2m22:31:12[22m   [34m├─[39m [2m/armor/theurgical-aegis-tunic-epic/index.html[22m [2m(+23ms)[22m 
[2m22:31:12[22m   [34m├─[39m [2m/armor/tunic-of-the-watchers/index.html[22m [2m(+23ms)[22m 
[2m22:31:12[22m   [34m├─[39m [2m/armor/tunic-of-the-watchers-epic/index.html[22m [2m(+22ms)[22m 
[2m22:31:12[22m   [34m├─[39m [2m/armor/turanian-apron/index.html[22m [2m(+23ms)[22m 
[2m22:31:12[22m   [34m├─[39m [2m/armor/turanian-bandit-boots/index.html[22m [2m(+23ms)[22m 
[2m22:31:12[22m   [34m├─[39m [2m/armor/turanian-bandit-boots-epic/index.html[22m [2m(+23ms)[22m 
[2m22:31:12[22m   [34m├─[39m [2m/armor/turanian-bandit-bracers/index.html[22m [2m(+23ms)[22m 
[2m22:31:12[22m   [34m├─[39m [2m/armor/turanian-bandit-bracers-epic/index.html[22m [2m(+23ms)[22m 
[2m22:31:12[22m   [34m├─[39m [2m/armor/turanian-bandit-helm/index.html[22m [2m(+23ms)[22m 
[2m22:31:12[22m   [34m├─[39m [2m/armor/turanian-bandit-helm-epic/index.html[22m [2m(+24ms)[22m 
[2m22:31:12[22m   [34m├─[39m [2m/armor/turanian-bandit-leggings/index.html[22m [2m(+24ms)[22m 
[2m22:31:12[22m   [34m├─[39m [2m/armor/turanian-bandit-leggings-epic/index.html[22m [2m(+24ms)[22m 
[2m22:31:12[22m   [34m├─[39m [2m/armor/turanian-bandit-tunic/index.html[22m [2m(+23ms)[22m 
[2m22:31:12[22m   [34m├─[39m [2m/armor/turanian-bandit-tunic-epic/index.html[22m [2m(+23ms)[22m 
[2m22:31:12[22m   [34m├─[39m [2m/armor/turanian-cook-cap/index.html[22m [2m(+23ms)[22m 
[2m22:31:12[22m   [34m├─[39m [2m/armor/turanian-mercenary-boots/index.html[22m [2m(+22ms)[22m 
[2m22:31:12[22m   [34m├─[39m [2m/armor/turanian-mercenary-boots-epic/index.html[22m [2m(+23ms)[22m 
[2m22:31:12[22m   [34m├─[39m [2m/armor/turanian-mercenary-chestguard/index.html[22m [2m(+23ms)[22m 
[2m22:31:12[22m   [34m├─[39m [2m/armor/turanian-mercenary-chestguard-epic/index.html[22m [2m(+24ms)[22m 
[2m22:31:12[22m   [34m├─[39m [2m/armor/turanian-mercenary-gauntlets/index.html[22m [2m(+23ms)[22m 
[2m22:31:12[22m   [34m├─[39m [2m/armor/turanian-mercenary-gauntlets-epic/index.html[22m [2m(+23ms)[22m 
[2m22:31:12[22m   [34m├─[39m [2m/armor/turanian-mercenary-headgear/index.html[22m [2m(+24ms)[22m 
[2m22:31:12[22m   [34m├─[39m [2m/armor/turanian-mercenary-headgear-epic/index.html[22m [2m(+23ms)[22m 
[2m22:31:12[22m   [34m├─[39m [2m/armor/turanian-mercenary-leg-guards/index.html[22m [2m(+23ms)[22m 
[2m22:31:12[22m   [34m├─[39m [2m/armor/turanian-mercenary-leg-guards-epic/index.html[22m [2m(+22ms)[22m 
[2m22:31:12[22m   [34m├─[39m [2m/armor/turanian-nomad-boots/index.html[22m [2m(+22ms)[22m 
[2m22:31:12[22m   [34m├─[39m [2m/armor/turanian-nomad-boots-epic/index.html[22m [2m(+23ms)[22m 
[2m22:31:12[22m   [34m├─[39m [2m/armor/turanian-nomad-chestguard/index.html[22m [2m(+22ms)[22m 
[2m22:31:12[22m   [34m├─[39m [2m/armor/turanian-nomad-chestguard-epic/index.html[22m [2m(+23ms)[22m 
[2m22:31:12[22m   [34m├─[39m [2m/armor/turanian-nomad-gauntlets/index.html[22m [2m(+23ms)[22m 
[2m22:31:12[22m   [34m├─[39m [2m/armor/turanian-nomad-gauntlets-epic/index.html[22m [2m(+23ms)[22m 
[2m22:31:12[22m   [34m├─[39m [2m/armor/turanian-nomad-headgear/index.html[22m [2m(+22ms)[22m 
[2m22:31:12[22m   [34m├─[39m [2m/armor/turanian-nomad-headgear-epic/index.html[22m [2m(+22ms)[22m 
[2m22:31:12[22m   [34m├─[39m [2m/armor/turanian-nomad-leg-guards/index.html[22m [2m(+23ms)[22m 
[2m22:31:12[22m   [34m├─[39m [2m/armor/turanian-nomad-leg-guards-epic/index.html[22m [2m(+23ms)[22m 
[2m22:31:12[22m   [34m├─[39m [2m/armor/turanian-pants/index.html[22m [2m(+22ms)[22m 
[2m22:31:12[22m   [34m├─[39m [2m/armor/turanian-phalanx-boots/index.html[22m [2m(+23ms)[22m 
[2m22:31:12[22m   [34m├─[39m [2m/armor/turanian-phalanx-boots-epic/index.html[22m [2m(+23ms)[22m 
[2m22:31:12[22m   [34m├─[39m [2m/armor/turanian-phalanx-chestguard/index.html[22m [2m(+23ms)[22m 
[2m22:31:12[22m   [34m├─[39m [2m/armor/turanian-phalanx-chestguard-epic/index.html[22m [2m(+23ms)[22m 
[2m22:31:12[22m   [34m├─[39m [2m/armor/turanian-phalanx-gauntlets/index.html[22m [2m(+22ms)[22m 
[2m22:31:12[22m   [34m├─[39m [2m/armor/turanian-phalanx-gauntlets-epic/index.html[22m [2m(+22ms)[22m 
[2m22:31:12[22m   [34m├─[39m [2m/armor/turanian-phalanx-helm/index.html[22m [2m(+23ms)[22m 
[2m22:31:13[22m   [34m├─[39m [2m/armor/turanian-phalanx-helm-epic/index.html[22m [2m(+23ms)[22m 
[2m22:31:13[22m   [34m├─[39m [2m/armor/turanian-phalanx-leg-guards/index.html[22m [2m(+23ms)[22m 
[2m22:31:13[22m   [34m├─[39m [2m/armor/turanian-phalanx-leg-guards-epic/index.html[22m [2m(+23ms)[22m 
[2m22:31:13[22m   [34m├─[39m [2m/armor/turanian-scout-boots/index.html[22m [2m(+22ms)[22m 
[2m22:31:13[22m   [34m├─[39m [2m/armor/turanian-scout-boots-epic/index.html[22m [2m(+23ms)[22m 
[2m22:31:13[22m   [34m├─[39m [2m/armor/turanian-scout-chestpiece/index.html[22m [2m(+23ms)[22m 
[2m22:31:13[22m   [34m├─[39m [2m/armor/turanian-scout-chestpiece-epic/index.html[22m [2m(+25ms)[22m 
[2m22:31:13[22m   [34m├─[39m [2m/armor/turanian-scout-gloves/index.html[22m [2m(+24ms)[22m 
[2m22:31:13[22m   [34m├─[39m [2m/armor/turanian-scout-gloves-epic/index.html[22m [2m(+23ms)[22m 
[2m22:31:13[22m   [34m├─[39m [2m/armor/turanian-scout-helmet/index.html[22m [2m(+23ms)[22m 
[2m22:31:13[22m   [34m├─[39m [2m/armor/turanian-scout-helmet-epic/index.html[22m [2m(+24ms)[22m 
[2m22:31:13[22m   [34m├─[39m [2m/armor/turanian-scout-leggings/index.html[22m [2m(+23ms)[22m 
[2m22:31:13[22m   [34m├─[39m [2m/armor/turanian-scout-leggings-epic/index.html[22m [2m(+23ms)[22m 
[2m22:31:13[22m   [34m├─[39m [2m/armor/underwater-breathing-mask/index.html[22m [2m(+23ms)[22m 
[2m22:31:13[22m   [34m├─[39m [2m/armor/unholy-communion-boots/index.html[22m [2m(+23ms)[22m 
[2m22:31:13[22m   [34m├─[39m [2m/armor/unholy-communion-boots-epic/index.html[22m [2m(+24ms)[22m 
[2m22:31:13[22m   [34m├─[39m [2m/armor/unholy-communion-mantle/index.html[22m [2m(+24ms)[22m 
[2m22:31:13[22m   [34m├─[39m [2m/armor/unholy-communion-mantle-epic/index.html[22m [2m(+23ms)[22m 
[2m22:31:13[22m   [34m├─[39m [2m/armor/unholy-communion-mask/index.html[22m [2m(+23ms)[22m 
[2m22:31:13[22m   [34m├─[39m [2m/armor/unholy-communion-mask-epic/index.html[22m [2m(+23ms)[22m 
[2m22:31:13[22m   [34m├─[39m [2m/armor/unholy-communion-sarong/index.html[22m [2m(+23ms)[22m 
[2m22:31:13[22m   [34m├─[39m [2m/armor/unholy-communion-sarong-epic/index.html[22m [2m(+23ms)[22m 
[2m22:31:13[22m   [34m├─[39m [2m/armor/unholy-communion-talons/index.html[22m [2m(+23ms)[22m 
[2m22:31:13[22m   [34m├─[39m [2m/armor/unholy-communion-talons-epic/index.html[22m [2m(+23ms)[22m 
[2m22:31:13[22m   [34m├─[39m [2m/armor/used-arm-bandages/index.html[22m [2m(+22ms)[22m 
[2m22:31:13[22m   [34m├─[39m [2m/armor/used-chest-bandages/index.html[22m [2m(+23ms)[22m 
[2m22:31:13[22m   [34m├─[39m [2m/armor/used-foot-bandages/index.html[22m [2m(+22ms)[22m 
[2m22:31:13[22m   [34m├─[39m [2m/armor/used-head-bandages/index.html[22m [2m(+22ms)[22m 
[2m22:31:13[22m   [34m├─[39m [2m/armor/used-leg-bandages/index.html[22m [2m(+23ms)[22m 
[2m22:31:13[22m   [34m├─[39m [2m/armor/vanir-barkeep-armbands/index.html[22m [2m(+23ms)[22m 
[2m22:31:13[22m   [34m├─[39m [2m/armor/vanir-barkeep-boots/index.html[22m [2m(+23ms)[22m 
[2m22:31:13[22m   [34m├─[39m [2m/armor/vanir-barkeep-headband/index.html[22m [2m(+23ms)[22m 
[2m22:31:13[22m   [34m├─[39m [2m/armor/vanir-barkeep-leggings/index.html[22m [2m(+22ms)[22m 
[2m22:31:13[22m   [34m├─[39m [2m/armor/vanir-barkeep-shirt/index.html[22m [2m(+23ms)[22m 
[2m22:31:13[22m   [34m├─[39m [2m/armor/vanir-chieftain-boots/index.html[22m [2m(+23ms)[22m 
[2m22:31:13[22m   [34m├─[39m [2m/armor/vanir-chieftain-boots-epic/index.html[22m [2m(+23ms)[22m 
[2m22:31:13[22m   [34m├─[39m [2m/armor/vanir-chieftain-bracers/index.html[22m [2m(+24ms)[22m 
[2m22:31:13[22m   [34m├─[39m [2m/armor/vanir-chieftain-bracers-epic/index.html[22m [2m(+23ms)[22m 
[2m22:31:13[22m   [34m├─[39m [2m/armor/vanir-chieftain-horned-helmet/index.html[22m [2m(+23ms)[22m 
[2m22:31:13[22m   [34m├─[39m [2m/armor/vanir-chieftain-horned-helmet-epic/index.html[22m [2m(+23ms)[22m 
[2m22:31:13[22m   [34m├─[39m [2m/armor/vanir-chieftain-leg-guards/index.html[22m [2m(+22ms)[22m 
[2m22:31:13[22m   [34m├─[39m [2m/armor/vanir-chieftain-leg-guards-epic/index.html[22m [2m(+22ms)[22m 
[2m22:31:13[22m   [34m├─[39m [2m/armor/vanir-chieftain-mantle/index.html[22m [2m(+23ms)[22m 
[2m22:31:13[22m   [34m├─[39m [2m/armor/vanir-chieftain-mantle-epic/index.html[22m [2m(+23ms)[22m 
[2m22:31:14[22m   [34m├─[39m [2m/armor/vanir-fur-boots/index.html[22m [2m(+22ms)[22m 
[2m22:31:14[22m   [34m├─[39m [2m/armor/vanir-fur-boots-epic/index.html[22m [2m(+23ms)[22m 
[2m22:31:14[22m   [34m├─[39m [2m/armor/vanir-fur-cap/index.html[22m [2m(+23ms)[22m 
[2m22:31:14[22m   [34m├─[39m [2m/armor/vanir-fur-cap-epic/index.html[22m [2m(+24ms)[22m 
[2m22:31:14[22m   [34m├─[39m [2m/armor/vanir-fur-gauntlets/index.html[22m [2m(+24ms)[22m 
[2m22:31:14[22m   [34m├─[39m [2m/armor/vanir-fur-gauntlets-epic/index.html[22m [2m(+23ms)[22m 
[2m22:31:14[22m   [34m├─[39m [2m/armor/vanir-fur-harness/index.html[22m [2m(+23ms)[22m 
[2m22:31:14[22m   [34m├─[39m [2m/armor/vanir-fur-harness-epic/index.html[22m [2m(+23ms)[22m 
[2m22:31:14[22m   [34m├─[39m [2m/armor/vanir-fur-tasset/index.html[22m [2m(+24ms)[22m 
[2m22:31:14[22m   [34m├─[39m [2m/armor/vanir-fur-tasset-epic/index.html[22m [2m(+24ms)[22m 
[2m22:31:14[22m   [34m├─[39m [2m/armor/vanir-heavy-boots/index.html[22m [2m(+23ms)[22m 
[2m22:31:14[22m   [34m├─[39m [2m/armor/vanir-heavy-boots-epic/index.html[22m [2m(+24ms)[22m 
[2m22:31:14[22m   [34m├─[39m [2m/armor/vanir-heavy-gauntlets/index.html[22m [2m(+23ms)[22m 
[2m22:31:14[22m   [34m├─[39m [2m/armor/vanir-heavy-gauntlets-epic/index.html[22m [2m(+23ms)[22m 
[2m22:31:14[22m   [34m├─[39m [2m/armor/vanir-heavy-helmet/index.html[22m [2m(+23ms)[22m 
[2m22:31:14[22m   [34m├─[39m [2m/armor/vanir-heavy-helmet-epic/index.html[22m [2m(+23ms)[22m 
[2m22:31:14[22m   [34m├─[39m [2m/armor/vanir-heavy-pauldron/index.html[22m [2m(+23ms)[22m 
[2m22:31:14[22m   [34m├─[39m [2m/armor/vanir-heavy-pauldron-epic/index.html[22m [2m(+24ms)[22m 
[2m22:31:14[22m   [34m├─[39m [2m/armor/vanir-heavy-tasset/index.html[22m [2m(+24ms)[22m 
[2m22:31:14[22m   [34m├─[39m [2m/armor/vanir-heavy-tasset-epic/index.html[22m [2m(+23ms)[22m 
[2m22:31:14[22m   [34m├─[39m [2m/armor/vanir-settler-boots/index.html[22m [2m(+23ms)[22m 
[2m22:31:14[22m   [34m├─[39m [2m/armor/vanir-settler-boots-epic/index.html[22m [2m(+23ms)[22m 
[2m22:31:14[22m   [34m├─[39m [2m/armor/vanir-settler-breechclout/index.html[22m [2m(+23ms)[22m 
[2m22:31:14[22m   [34m├─[39m [2m/armor/vanir-settler-breechclout-epic/index.html[22m [2m(+23ms)[22m 
[2m22:31:14[22m   [34m├─[39m [2m/armor/vanir-settler-gloves/index.html[22m [2m(+22ms)[22m 
[2m22:31:14[22m   [34m├─[39m [2m/armor/vanir-settler-gloves-epic/index.html[22m [2m(+23ms)[22m 
[2m22:31:14[22m   [34m├─[39m [2m/armor/vanir-settler-jewelry/index.html[22m [2m(+23ms)[22m 
[2m22:31:14[22m   [34m├─[39m [2m/armor/vanir-settler-jewelry-epic/index.html[22m [2m(+23ms)[22m 
[2m22:31:14[22m   [34m├─[39m [2m/armor/vanir-settler-vest/index.html[22m [2m(+23ms)[22m 
[2m22:31:14[22m   [34m├─[39m [2m/armor/vanir-settler-vest-epic/index.html[22m [2m(+23ms)[22m 
[2m22:31:14[22m   [34m├─[39m [2m/armor/vanir-shaman-boots/index.html[22m [2m(+23ms)[22m 
[2m22:31:14[22m   [34m├─[39m [2m/armor/vanir-shaman-boots-epic/index.html[22m [2m(+23ms)[22m 
[2m22:31:14[22m   [34m├─[39m [2m/armor/vanir-shaman-bracers/index.html[22m [2m(+22ms)[22m 
[2m22:31:14[22m   [34m├─[39m [2m/armor/vanir-shaman-bracers-epic/index.html[22m [2m(+23ms)[22m 
[2m22:31:14[22m   [34m├─[39m [2m/armor/vanir-shaman-helm/index.html[22m [2m(+23ms)[22m 
[2m22:31:14[22m   [34m├─[39m [2m/armor/vanir-shaman-helm-epic/index.html[22m [2m(+23ms)[22m 
[2m22:31:14[22m   [34m├─[39m [2m/armor/vanir-shaman-leggings/index.html[22m [2m(+23ms)[22m 
[2m22:31:14[22m   [34m├─[39m [2m/armor/vanir-shaman-leggings-epic/index.html[22m [2m(+23ms)[22m 
[2m22:31:14[22m   [34m├─[39m [2m/armor/vanir-shaman-mantle/index.html[22m [2m(+23ms)[22m 
[2m22:31:14[22m   [34m├─[39m [2m/armor/vanir-shaman-mantle-epic/index.html[22m [2m(+23ms)[22m 
[2m22:31:14[22m   [34m├─[39m [2m/armor/vendhya-treasure-hunter-boots/index.html[22m [2m(+24ms)[22m 
[2m22:31:14[22m   [34m├─[39m [2m/armor/vendhya-treasure-hunter-boots-epic/index.html[22m [2m(+23ms)[22m 
[2m22:31:14[22m   [34m├─[39m [2m/armor/vendhya-treasure-hunter-bracers/index.html[22m [2m(+23ms)[22m 
[2m22:31:15[22m   [34m├─[39m [2m/armor/vendhya-treasure-hunter-bracers-epic/index.html[22m [2m(+23ms)[22m 
[2m22:31:15[22m   [34m├─[39m [2m/armor/vendhya-treasure-hunter-chest/index.html[22m [2m(+23ms)[22m 
[2m22:31:15[22m   [34m├─[39m [2m/armor/vendhya-treasure-hunter-chest-epic/index.html[22m [2m(+23ms)[22m 
[2m22:31:15[22m   [34m├─[39m [2m/armor/vendhya-treasure-hunter-helm/index.html[22m [2m(+23ms)[22m 
[2m22:31:15[22m   [34m├─[39m [2m/armor/vendhya-treasure-hunter-helm-epic/index.html[22m [2m(+23ms)[22m 
[2m22:31:15[22m   [34m├─[39m [2m/armor/vendhya-treasure-hunter-tasset/index.html[22m [2m(+23ms)[22m 
[2m22:31:15[22m   [34m├─[39m [2m/armor/vendhya-treasure-hunter-tasset-epic/index.html[22m [2m(+24ms)[22m 
[2m22:31:15[22m   [34m├─[39m [2m/armor/vendhyan-caravan-trader-boots/index.html[22m [2m(+24ms)[22m 
[2m22:31:15[22m   [34m├─[39m [2m/armor/vendhyan-caravan-trader-boots-epic/index.html[22m [2m(+24ms)[22m 
[2m22:31:15[22m   [34m├─[39m [2m/armor/vendhyan-caravan-trader-bracers/index.html[22m [2m(+24ms)[22m 
[2m22:31:15[22m   [34m├─[39m [2m/armor/vendhyan-caravan-trader-bracers-epic/index.html[22m [2m(+22ms)[22m 
[2m22:31:15[22m   [34m├─[39m [2m/armor/vendhyan-caravan-trader-chestguard/index.html[22m [2m(+23ms)[22m 
[2m22:31:15[22m   [34m├─[39m [2m/armor/vendhyan-caravan-trader-chestguard-epic/index.html[22m [2m(+23ms)[22m 
[2m22:31:15[22m   [34m├─[39m [2m/armor/vendhyan-caravan-trader-leg-guards/index.html[22m [2m(+24ms)[22m 
[2m22:31:15[22m   [34m├─[39m [2m/armor/vendhyan-caravan-trader-leg-guards-epic/index.html[22m [2m(+24ms)[22m 
[2m22:31:15[22m   [34m├─[39m [2m/armor/vendhyan-courtly-exile-chestguard/index.html[22m [2m(+23ms)[22m 
[2m22:31:15[22m   [34m├─[39m [2m/armor/vendhyan-courtly-exile-chestguard-epic/index.html[22m [2m(+22ms)[22m 
[2m22:31:15[22m   [34m├─[39m [2m/armor/vendhyan-courtly-exile-leggings/index.html[22m [2m(+24ms)[22m 
[2m22:31:15[22m   [34m├─[39m [2m/armor/vendhyan-courtly-exile-leggings-epic/index.html[22m [2m(+23ms)[22m 
[2m22:31:15[22m   [34m├─[39m [2m/armor/vendhyan-courtly-exile-slippers/index.html[22m [2m(+24ms)[22m 
[2m22:31:15[22m   [34m├─[39m [2m/armor/vendhyan-courtly-exile-slippers-epic/index.html[22m [2m(+23ms)[22m 
[2m22:31:15[22m   [34m├─[39m [2m/armor/vendhyan-mystic-bracers/index.html[22m [2m(+23ms)[22m 
[2m22:31:15[22m   [34m├─[39m [2m/armor/vendhyan-mystic-bracers-epic/index.html[22m [2m(+22ms)[22m 
[2m22:31:15[22m   [34m├─[39m [2m/armor/vendhyan-mystic-footwraps/index.html[22m [2m(+23ms)[22m 
[2m22:31:15[22m   [34m├─[39m [2m/armor/vendhyan-mystic-footwraps-epic/index.html[22m [2m(+23ms)[22m 
[2m22:31:15[22m   [34m├─[39m [2m/armor/vendhyan-mystic-headdress/index.html[22m [2m(+23ms)[22m 
[2m22:31:15[22m   [34m├─[39m [2m/armor/vendhyan-mystic-headdress-epic/index.html[22m [2m(+23ms)[22m 
[2m22:31:15[22m   [34m├─[39m [2m/armor/vendhyan-mystic-loincloth/index.html[22m [2m(+23ms)[22m 
[2m22:31:15[22m   [34m├─[39m [2m/armor/vendhyan-mystic-loincloth-epic/index.html[22m [2m(+23ms)[22m 
[2m22:31:15[22m   [34m├─[39m [2m/armor/vendhyan-mystic-mantle/index.html[22m [2m(+23ms)[22m 
[2m22:31:15[22m   [34m├─[39m [2m/armor/vendhyan-mystic-mantle-epic/index.html[22m [2m(+22ms)[22m 
[2m22:31:15[22m   [34m├─[39m [2m/armor/vermin-hide-boots/index.html[22m [2m(+22ms)[22m 
[2m22:31:15[22m   [34m├─[39m [2m/armor/vermin-hide-pants/index.html[22m [2m(+22ms)[22m 
[2m22:31:15[22m   [34m├─[39m [2m/armor/vicious-boots/index.html[22m [2m(+23ms)[22m 
[2m22:31:15[22m   [34m├─[39m [2m/armor/vicious-boots-epic/index.html[22m [2m(+22ms)[22m 
[2m22:31:15[22m   [34m├─[39m [2m/armor/vicious-bracers/index.html[22m [2m(+22ms)[22m 
[2m22:31:15[22m   [34m├─[39m [2m/armor/vicious-bracers-epic/index.html[22m [2m(+23ms)[22m 
[2m22:31:15[22m   [34m├─[39m [2m/armor/vicious-helmet/index.html[22m [2m(+24ms)[22m 
[2m22:31:15[22m   [34m├─[39m [2m/armor/vicious-helmet-epic/index.html[22m [2m(+24ms)[22m 
[2m22:31:15[22m   [34m├─[39m [2m/armor/vicious-loincloth/index.html[22m [2m(+22ms)[22m 
[2m22:31:15[22m   [34m├─[39m [2m/armor/vicious-loincloth-epic/index.html[22m [2m(+22ms)[22m 
[2m22:31:15[22m   [34m├─[39m [2m/armor/vicious-waistguard/index.html[22m [2m(+23ms)[22m 
[2m22:31:15[22m   [34m├─[39m [2m/armor/vicious-waistguard-epic/index.html[22m [2m(+23ms)[22m 
[2m22:31:16[22m   [34m├─[39m [2m/armor/voidforged-dragon-boots/index.html[22m [2m(+22ms)[22m 
[2m22:31:16[22m   [34m├─[39m [2m/armor/voidforged-dragon-gauntlets/index.html[22m [2m(+23ms)[22m 
[2m22:31:16[22m   [34m├─[39m [2m/armor/voidforged-dragon-helmet/index.html[22m [2m(+23ms)[22m 
[2m22:31:16[22m   [34m├─[39m [2m/armor/voidforged-dragon-leggings/index.html[22m [2m(+23ms)[22m 
[2m22:31:16[22m   [34m├─[39m [2m/armor/voidforged-dragon-ribs/index.html[22m [2m(+22ms)[22m 
[2m22:31:16[22m   [34m├─[39m [2m/armor/voidforged-dragonbone-boots/index.html[22m [2m(+23ms)[22m 
[2m22:31:16[22m   [34m├─[39m [2m/armor/voidforged-dragonbone-bracers/index.html[22m [2m(+23ms)[22m 
[2m22:31:16[22m   [34m├─[39m [2m/armor/voidforged-dragonbone-helm/index.html[22m [2m(+23ms)[22m 
[2m22:31:16[22m   [34m├─[39m [2m/armor/voidforged-dragonbone-kilt/index.html[22m [2m(+24ms)[22m 
[2m22:31:16[22m   [34m├─[39m [2m/armor/voidforged-dragonbone-tunic/index.html[22m [2m(+22ms)[22m 
[2m22:31:16[22m   [34m├─[39m [2m/armor/voidforged-dragonhide-boots/index.html[22m [2m(+23ms)[22m 
[2m22:31:16[22m   [34m├─[39m [2m/armor/voidforged-dragonhide-bracers/index.html[22m [2m(+23ms)[22m 
[2m22:31:16[22m   [34m├─[39m [2m/armor/voidforged-dragonhide-hood/index.html[22m [2m(+23ms)[22m 
[2m22:31:16[22m   [34m├─[39m [2m/armor/voidforged-dragonhide-kilt/index.html[22m [2m(+22ms)[22m 
[2m22:31:16[22m   [34m├─[39m [2m/armor/voidforged-dragonhide-tunic/index.html[22m [2m(+23ms)[22m 
[2m22:31:16[22m   [34m├─[39m [2m/armor/voidforged-vagabond-boots/index.html[22m [2m(+22ms)[22m 
[2m22:31:16[22m   [34m├─[39m [2m/armor/voidforged-vagabond-gloves/index.html[22m [2m(+23ms)[22m 
[2m22:31:16[22m   [34m├─[39m [2m/armor/voidforged-vagabond-mask/index.html[22m [2m(+23ms)[22m 
[2m22:31:16[22m   [34m├─[39m [2m/armor/voidforged-vagabond-trousers/index.html[22m [2m(+22ms)[22m 
[2m22:31:16[22m   [34m├─[39m [2m/armor/voidforged-vagabond-tunic/index.html[22m [2m(+23ms)[22m 
[2m22:31:16[22m   [34m├─[39m [2m/armor/war-court-bracers/index.html[22m [2m(+23ms)[22m 
[2m22:31:16[22m   [34m├─[39m [2m/armor/war-court-bracers-epic/index.html[22m [2m(+23ms)[22m 
[2m22:31:16[22m   [34m├─[39m [2m/armor/war-court-choker/index.html[22m [2m(+22ms)[22m 
[2m22:31:16[22m   [34m├─[39m [2m/armor/war-court-choker-epic/index.html[22m [2m(+22ms)[22m 
[2m22:31:16[22m   [34m├─[39m [2m/armor/war-court-earrings/index.html[22m [2m(+23ms)[22m 
[2m22:31:16[22m   [34m├─[39m [2m/armor/war-court-earrings-epic/index.html[22m [2m(+24ms)[22m 
[2m22:31:16[22m   [34m├─[39m [2m/armor/war-court-sarong/index.html[22m [2m(+24ms)[22m 
[2m22:31:16[22m   [34m├─[39m [2m/armor/war-court-sarong-epic/index.html[22m [2m(+23ms)[22m 
[2m22:31:16[22m   [34m├─[39m [2m/armor/war-court-slippers/index.html[22m [2m(+22ms)[22m 
[2m22:31:16[22m   [34m├─[39m [2m/armor/war-court-slippers-epic/index.html[22m [2m(+23ms)[22m 
[2m22:31:16[22m   [34m├─[39m [2m/armor/war-mammoth-boots/index.html[22m [2m(+23ms)[22m 
[2m22:31:16[22m   [34m├─[39m [2m/armor/war-dancer-chest/index.html[22m [2m(+23ms)[22m 
[2m22:31:16[22m   [34m├─[39m [2m/armor/webbed-boots/index.html[22m [2m(+22ms)[22m 
[2m22:31:16[22m   [34m├─[39m [2m/armor/wild-druid-boots/index.html[22m [2m(+22ms)[22m 
[2m22:31:16[22m   [34m├─[39m [2m/armor/wild-druid-boots-epic/index.html[22m [2m(+23ms)[22m 
[2m22:31:16[22m   [34m├─[39m [2m/armor/wild-druid-chestpiece/index.html[22m [2m(+22ms)[22m 
[2m22:31:16[22m   [34m├─[39m [2m/armor/wild-druid-chestpiece-epic/index.html[22m [2m(+22ms)[22m 
[2m22:31:16[22m   [34m├─[39m [2m/armor/wild-druid-gloves/index.html[22m [2m(+23ms)[22m 
[2m22:31:16[22m   [34m├─[39m [2m/armor/wild-druid-gloves-epic/index.html[22m [2m(+23ms)[22m 
[2m22:31:16[22m   [34m├─[39m [2m/armor/wild-druid-helm/index.html[22m [2m(+23ms)[22m 
[2m22:31:16[22m   [34m├─[39m [2m/armor/wild-druid-helm-epic/index.html[22m [2m(+23ms)[22m 
[2m22:31:16[22m   [34m├─[39m [2m/armor/wild-druid-wrap/index.html[22m [2m(+23ms)[22m 
[2m22:31:16[22m   [34m├─[39m [2m/armor/wild-druid-wrap-epic/index.html[22m [2m(+23ms)[22m 
[2m22:31:16[22m   [34m├─[39m [2m/armor/winters-majesty/index.html[22m [2m(+22ms)[22m 
[2m22:31:17[22m   [34m├─[39m [2m/armor/yamatai-barkeeper-armbands/index.html[22m [2m(+23ms)[22m 
[2m22:31:17[22m   [34m├─[39m [2m/armor/yamatai-barkeeper-boots/index.html[22m [2m(+23ms)[22m 
[2m22:31:17[22m   [34m├─[39m [2m/armor/yamatai-barkeeper-headband/index.html[22m [2m(+23ms)[22m 
[2m22:31:17[22m   [34m├─[39m [2m/armor/yamatai-barkeeper-jacket/index.html[22m [2m(+23ms)[22m 
[2m22:31:17[22m   [34m├─[39m [2m/armor/yamatai-barkeeper-pleated-trousers/index.html[22m [2m(+23ms)[22m 
[2m22:31:17[22m   [34m├─[39m [2m/armor/yamatai-demon-chestpiece/index.html[22m [2m(+23ms)[22m 
[2m22:31:17[22m   [34m├─[39m [2m/armor/yamatai-demon-chestpiece-epic/index.html[22m [2m(+23ms)[22m 
[2m22:31:17[22m   [34m├─[39m [2m/armor/yamatai-demon-gloves/index.html[22m [2m(+23ms)[22m 
[2m22:31:17[22m   [34m├─[39m [2m/armor/yamatai-demon-gloves-epic/index.html[22m [2m(+24ms)[22m 
[2m22:31:17[22m   [34m├─[39m [2m/armor/yamatai-demon-leggings/index.html[22m [2m(+23ms)[22m 
[2m22:31:17[22m   [34m├─[39m [2m/armor/yamatai-demon-leggings-epic/index.html[22m [2m(+23ms)[22m 
[2m22:31:17[22m   [34m├─[39m [2m/armor/yamatai-demon-mask/index.html[22m [2m(+23ms)[22m 
[2m22:31:17[22m   [34m├─[39m [2m/armor/yamatai-demon-mask-epic/index.html[22m [2m(+23ms)[22m 
[2m22:31:17[22m   [34m├─[39m [2m/armor/yamatai-demon-sabatons/index.html[22m [2m(+23ms)[22m 
[2m22:31:17[22m   [34m├─[39m [2m/armor/yamatai-demon-sabatons-epic/index.html[22m [2m(+24ms)[22m 
[2m22:31:17[22m   [34m├─[39m [2m/armor/yamatai-footsoldier-chestpiece/index.html[22m [2m(+23ms)[22m 
[2m22:31:17[22m   [34m├─[39m [2m/armor/yamatai-footsoldier-chestpiece-epic/index.html[22m [2m(+22ms)[22m 
[2m22:31:17[22m   [34m├─[39m [2m/armor/yamatai-footsoldier-gloves/index.html[22m [2m(+24ms)[22m 
[2m22:31:17[22m   [34m├─[39m [2m/armor/yamatai-footsoldier-gloves-epic/index.html[22m [2m(+23ms)[22m 
[2m22:31:17[22m   [34m├─[39m [2m/armor/yamatai-footsoldier-hat/index.html[22m [2m(+23ms)[22m 
[2m22:31:17[22m   [34m├─[39m [2m/armor/yamatai-footsoldier-hat-epic/index.html[22m [2m(+24ms)[22m 
[2m22:31:17[22m   [34m├─[39m [2m/armor/yamatai-footsoldier-leggings/index.html[22m [2m(+24ms)[22m 
[2m22:31:17[22m   [34m├─[39m [2m/armor/yamatai-footsoldier-leggings-epic/index.html[22m [2m(+23ms)[22m 
[2m22:31:17[22m   [34m├─[39m [2m/armor/yamatai-footsoldier-sabatons/index.html[22m [2m(+22ms)[22m 
[2m22:31:17[22m   [34m├─[39m [2m/armor/yamatai-footsoldier-sabatons-epic/index.html[22m [2m(+23ms)[22m 
[2m22:31:17[22m   [34m├─[39m [2m/armor/yamatai-samurai-armguards/index.html[22m [2m(+23ms)[22m 
[2m22:31:17[22m   [34m├─[39m [2m/armor/yamatai-samurai-armguards-epic/index.html[22m [2m(+23ms)[22m 
[2m22:31:17[22m   [34m├─[39m [2m/armor/yamatai-samurai-kimono/index.html[22m [2m(+23ms)[22m 
[2m22:31:17[22m   [34m├─[39m [2m/armor/yamatai-samurai-kimono-epic/index.html[22m [2m(+23ms)[22m 
[2m22:31:17[22m   [34m├─[39m [2m/armor/yamatai-samurai-sandals/index.html[22m [2m(+23ms)[22m 
[2m22:31:17[22m   [34m├─[39m [2m/armor/yamatai-samurai-sandals-epic/index.html[22m [2m(+23ms)[22m 
[2m22:31:17[22m   [34m├─[39m [2m/armor/yamatai-samurai-trousers/index.html[22m [2m(+22ms)[22m 
[2m22:31:17[22m   [34m├─[39m [2m/armor/yamatai-samurai-trousers-epic/index.html[22m [2m(+23ms)[22m 
[2m22:31:17[22m   [34m├─[39m [2m/armor/yamatai-warlord-chestpiece/index.html[22m [2m(+22ms)[22m 
[2m22:31:17[22m   [34m├─[39m [2m/armor/yamatai-warlord-chestpiece-epic/index.html[22m [2m(+23ms)[22m 
[2m22:31:17[22m   [34m├─[39m [2m/armor/yamatai-warlord-gloves/index.html[22m [2m(+23ms)[22m 
[2m22:31:17[22m   [34m├─[39m [2m/armor/yamatai-warlord-gloves-epic/index.html[22m [2m(+22ms)[22m 
[2m22:31:17[22m   [34m├─[39m [2m/armor/yamatai-warlord-helmet/index.html[22m [2m(+23ms)[22m 
[2m22:31:17[22m   [34m├─[39m [2m/armor/yamatai-warlord-helmet-epic/index.html[22m [2m(+23ms)[22m 
[2m22:31:17[22m   [34m├─[39m [2m/armor/yamatai-warlord-leggings/index.html[22m [2m(+23ms)[22m 
[2m22:31:17[22m   [34m├─[39m [2m/armor/yamatai-warlord-leggings-epic/index.html[22m [2m(+23ms)[22m 
[2m22:31:17[22m   [34m├─[39m [2m/armor/yamatai-warlord-sabatons/index.html[22m [2m(+23ms)[22m 
[2m22:31:17[22m   [34m├─[39m [2m/armor/yamatai-warlord-sabatons-epic/index.html[22m [2m(+23ms)[22m 
[2m22:31:17[22m   [34m├─[39m [2m/armor/ymirs-aegis/index.html[22m [2m(+22ms)[22m 
[2m22:31:18[22m   [34m├─[39m [2m/armor/ymirs-might/index.html[22m [2m(+23ms)[22m 
[2m22:31:18[22m   [34m├─[39m [2m/armor/ymirs-shanks/index.html[22m [2m(+23ms)[22m 
[2m22:31:18[22m   [34m├─[39m [2m/armor/ymirs-stride/index.html[22m [2m(+23ms)[22m 
[2m22:31:18[22m   [34m├─[39m [2m/armor/yoggite-chosen-mask/index.html[22m [2m(+23ms)[22m 
[2m22:31:18[22m   [34m├─[39m [2m/armor/yoggite-skin-bracers/index.html[22m [2m(+22ms)[22m 
[2m22:31:18[22m   [34m├─[39m [2m/armor/yoggite-skin-chestpiece/index.html[22m [2m(+23ms)[22m 
[2m22:31:18[22m   [34m├─[39m [2m/armor/yoggite-skin-greaves/index.html[22m [2m(+23ms)[22m 
[2m22:31:18[22m   [34m├─[39m [2m/armor/yoggite-skin-skirt/index.html[22m [2m(+24ms)[22m 
[2m22:31:18[22m   [34m├─[39m [2m/armor/yoggite-watcher-mask/index.html[22m [2m(+23ms)[22m 
[2m22:31:18[22m   [34m├─[39m [2m/armor/zamorian-dancer-anklets/index.html[22m [2m(+23ms)[22m 
[2m22:31:18[22m   [34m├─[39m [2m/armor/zamorian-dancer-blouse/index.html[22m [2m(+23ms)[22m 
[2m22:31:18[22m   [34m├─[39m [2m/armor/zamorian-dancer-bracelets/index.html[22m [2m(+23ms)[22m 
[2m22:31:18[22m   [34m├─[39m [2m/armor/zamorian-dancer-headdress/index.html[22m [2m(+23ms)[22m 
[2m22:31:18[22m   [34m├─[39m [2m/armor/zamorian-dancer-skirt/index.html[22m [2m(+23ms)[22m 
[2m22:31:18[22m   [34m├─[39m [2m/armor/zamorian-thief-boots/index.html[22m [2m(+22ms)[22m 
[2m22:31:18[22m   [34m├─[39m [2m/armor/zamorian-thief-boots-epic/index.html[22m [2m(+23ms)[22m 
[2m22:31:18[22m   [34m├─[39m [2m/armor/zamorian-thief-breeches/index.html[22m [2m(+23ms)[22m 
[2m22:31:18[22m   [34m├─[39m [2m/armor/zamorian-thief-breeches-epic/index.html[22m [2m(+23ms)[22m 
[2m22:31:18[22m   [34m├─[39m [2m/armor/zamorian-thief-chest/index.html[22m [2m(+23ms)[22m 
[2m22:31:18[22m   [34m├─[39m [2m/armor/zamorian-thief-chest-epic/index.html[22m [2m(+23ms)[22m 
[2m22:31:18[22m   [34m├─[39m [2m/armor/zamorian-thief-gauntlets/index.html[22m [2m(+23ms)[22m 
[2m22:31:18[22m   [34m├─[39m [2m/armor/zamorian-thief-gauntlets-epic/index.html[22m [2m(+24ms)[22m 
[2m22:31:18[22m   [34m├─[39m [2m/armor/zamorian-thief-hood/index.html[22m [2m(+24ms)[22m 
[2m22:31:18[22m   [34m├─[39m [2m/armor/zamorian-thief-hood-epic/index.html[22m [2m(+24ms)[22m 
[2m22:31:18[22m   [34m├─[39m [2m/armor/zathite-dancer-beads/index.html[22m [2m(+24ms)[22m 
[2m22:31:18[22m   [34m├─[39m [2m/armor/zathite-dancer-gloves/index.html[22m [2m(+23ms)[22m 
[2m22:31:18[22m   [34m├─[39m [2m/armor/zathite-dancer-shinguards/index.html[22m [2m(+23ms)[22m 
[2m22:31:18[22m   [34m├─[39m [2m/armor/zathite-dancer-skirt/index.html[22m [2m(+23ms)[22m 
[2m22:31:18[22m   [34m├─[39m [2m/armor/zingaran-freebooter-boots/index.html[22m [2m(+23ms)[22m 
[2m22:31:18[22m   [34m├─[39m [2m/armor/zingaran-freebooter-gloves/index.html[22m [2m(+23ms)[22m 
[2m22:31:18[22m   [34m├─[39m [2m/armor/zingaran-freebooter-headscarf/index.html[22m [2m(+23ms)[22m 
[2m22:31:18[22m   [34m├─[39m [2m/armor/zingaran-freebooter-pants/index.html[22m [2m(+22ms)[22m 
[2m22:31:18[22m   [34m├─[39m [2m/armor/zingaran-freebooter-vest/index.html[22m [2m(+23ms)[22m 
[2m22:31:18[22m   [34m├─[39m [2m/armor/zingaran-mercenary-boots/index.html[22m [2m(+23ms)[22m 
[2m22:31:18[22m   [34m├─[39m [2m/armor/zingaran-mercenary-boots-epic/index.html[22m [2m(+23ms)[22m 
[2m22:31:18[22m   [34m├─[39m [2m/armor/zingaran-mercenary-bracers/index.html[22m [2m(+23ms)[22m 
[2m22:31:18[22m   [34m├─[39m [2m/armor/zingaran-mercenary-bracers-epic/index.html[22m [2m(+23ms)[22m 
[2m22:31:18[22m   [34m├─[39m [2m/armor/zingaran-mercenary-captain-boots/index.html[22m [2m(+24ms)[22m 
[2m22:31:18[22m   [34m├─[39m [2m/armor/zingaran-mercenary-captain-boots-epic/index.html[22m [2m(+23ms)[22m 
[2m22:31:18[22m   [34m├─[39m [2m/armor/zingaran-mercenary-captain-bracers/index.html[22m [2m(+23ms)[22m 
[2m22:31:18[22m   [34m├─[39m [2m/armor/zingaran-mercenary-captain-bracers-epic/index.html[22m [2m(+23ms)[22m 
[2m22:31:18[22m   [34m├─[39m [2m/armor/zingaran-mercenary-captain-chest/index.html[22m [2m(+23ms)[22m 
[2m22:31:18[22m   [34m├─[39m [2m/armor/zingaran-mercenary-captain-chest-epic/index.html[22m [2m(+23ms)[22m 
[2m22:31:19[22m   [34m├─[39m [2m/armor/zingaran-mercenary-captain-helm/index.html[22m [2m(+23ms)[22m 
[2m22:31:19[22m   [34m├─[39m [2m/armor/zingaran-mercenary-captain-helm-epic/index.html[22m [2m(+23ms)[22m 
[2m22:31:19[22m   [34m├─[39m [2m/armor/zingaran-mercenary-captain-legs/index.html[22m [2m(+22ms)[22m 
[2m22:31:19[22m   [34m├─[39m [2m/armor/zingaran-mercenary-captain-legs-epic/index.html[22m [2m(+23ms)[22m 
[2m22:31:19[22m   [34m├─[39m [2m/armor/zingaran-mercenary-chest/index.html[22m [2m(+23ms)[22m 
[2m22:31:19[22m   [34m├─[39m [2m/armor/zingaran-mercenary-chest-epic/index.html[22m [2m(+23ms)[22m 
[2m22:31:19[22m   [34m├─[39m [2m/armor/zingaran-mercenary-helm/index.html[22m [2m(+24ms)[22m 
[2m22:31:19[22m   [34m├─[39m [2m/armor/zingaran-mercenary-helm-epic/index.html[22m [2m(+23ms)[22m 
[2m22:31:19[22m   [34m├─[39m [2m/armor/zingaran-mercenary-legs/index.html[22m [2m(+23ms)[22m 
[2m22:31:19[22m   [34m└─[39m [2m/armor/zingaran-mercenary-legs-epic/index.html[22m [2m(+23ms)[22m 
[2m22:31:19[22m [32m▶[39m src/pages/armor/index.astro
[2m22:31:19[22m   [34m└─[39m [2m/armor/index.html[22m [2m(+43ms)[22m 
[2m22:31:19[22m [32m▶[39m src/pages/consumables/[slug].astro
[2m22:31:19[22m   [34m├─[39m [2m/consumables/a-memory-of-oils/index.html[22m [2m(+14ms)[22m 
[2m22:31:19[22m   [34m├─[39m [2m/consumables/absinthe/index.html[22m [2m(+24ms)[22m 
[2m22:31:19[22m   [34m├─[39m [2m/consumables/abysmal-flesh/index.html[22m [2m(+23ms)[22m 
[2m22:31:19[22m   [34m├─[39m [2m/consumables/ale/index.html[22m [2m(+22ms)[22m 
[2m22:31:19[22m   [34m├─[39m [2m/consumables/aloe-extract/index.html[22m [2m(+22ms)[22m 
[2m22:31:19[22m   [34m├─[39m [2m/consumables/aloe-soup/index.html[22m [2m(+24ms)[22m 
[2m22:31:19[22m   [34m├─[39m [2m/consumables/ambrosia/index.html[22m [2m(+22ms)[22m 
[2m22:31:19[22m   [34m├─[39m [2m/consumables/ancient-rhino-horn/index.html[22m [2m(+23ms)[22m 
[2m22:31:19[22m   [34m├─[39m [2m/consumables/anglerfish/index.html[22m [2m(+23ms)[22m 
[2m22:31:19[22m   [34m├─[39m [2m/consumables/antidote/index.html[22m [2m(+23ms)[22m 
[2m22:31:19[22m   [34m├─[39m [2m/consumables/aquilonian-bedtime-stories/index.html[22m [2m(+24ms)[22m 
[2m22:31:19[22m   [34m├─[39m [2m/consumables/arena-ritual-offering/index.html[22m [2m(+23ms)[22m 
[2m22:31:19[22m   [34m├─[39m [2m/consumables/argossean-dream-dust/index.html[22m [2m(+23ms)[22m 
[2m22:31:19[22m   [34m├─[39m [2m/consumables/armor-schematic-black-knight-armor/index.html[22m [2m(+23ms)[22m 
[2m22:31:19[22m   [34m├─[39m [2m/consumables/armor-schematic-black-privateers-outfit/index.html[22m [2m(+22ms)[22m 
[2m22:31:19[22m   [34m├─[39m [2m/consumables/armor-schematic-blackwater-armor/index.html[22m [2m(+23ms)[22m 
[2m22:31:19[22m   [34m├─[39m [2m/consumables/armor-schematic-cannibals-trappings/index.html[22m [2m(+23ms)[22m 
[2m22:31:19[22m   [34m├─[39m [2m/consumables/armor-schematic-cimmerian-chieftains-armor/index.html[22m [2m(+22ms)[22m 
[2m22:31:19[22m   [34m├─[39m [2m/consumables/armor-schematic-dune-hunters-outfit/index.html[22m [2m(+22ms)[22m 
[2m22:31:19[22m   [34m├─[39m [2m/consumables/armor-schematic-durable-heavy-armor/index.html[22m [2m(+24ms)[22m 
[2m22:31:19[22m   [34m├─[39m [2m/consumables/armor-schematic-durable-light-armor/index.html[22m [2m(+23ms)[22m 
[2m22:31:19[22m   [34m├─[39m [2m/consumables/armor-schematic-durable-medium-armor/index.html[22m [2m(+22ms)[22m 
[2m22:31:19[22m   [34m├─[39m [2m/consumables/armor-schematic-ferine-stalker/index.html[22m [2m(+22ms)[22m 
[2m22:31:19[22m   [34m├─[39m [2m/consumables/armor-schematic-frost-giants-garb/index.html[22m [2m(+23ms)[22m 
[2m22:31:19[22m   [34m├─[39m [2m/consumables/armor-schematic-gladiators-armor/index.html[22m [2m(+22ms)[22m 
[2m22:31:19[22m   [34m├─[39m [2m/consumables/armor-schematic-khaynes-armor/index.html[22m [2m(+22ms)[22m 
[2m22:31:19[22m   [34m├─[39m [2m/consumables/armor-schematic-khitan-slaver/index.html[22m [2m(+23ms)[22m 
[2m22:31:19[22m   [34m├─[39m [2m/consumables/armor-schematic-mad-prophet/index.html[22m [2m(+22ms)[22m 
[2m22:31:19[22m   [34m├─[39m [2m/consumables/armor-schematic-marksmans-outfit/index.html[22m [2m(+22ms)[22m 
[2m22:31:19[22m   [34m├─[39m [2m/consumables/armor-schematic-night-stalkers-garb/index.html[22m [2m(+22ms)[22m 
[2m22:31:19[22m   [34m├─[39m [2m/consumables/armor-schematic-remnants-armor/index.html[22m [2m(+22ms)[22m 
[2m22:31:19[22m   [34m├─[39m [2m/consumables/armor-schematic-scavenger-fur-armor/index.html[22m [2m(+22ms)[22m 
[2m22:31:20[22m   [34m├─[39m [2m/consumables/armor-schematic-silent-legion-light-armor/index.html[22m [2m(+23ms)[22m 
[2m22:31:20[22m   [34m├─[39m [2m/consumables/armor-schematic-silent-legion-medium-armor/index.html[22m [2m(+22ms)[22m 
[2m22:31:20[22m   [34m├─[39m [2m/consumables/armor-schematic-sundered-manacles/index.html[22m [2m(+22ms)[22m 
[2m22:31:20[22m   [34m├─[39m [2m/consumables/armor-schematic-survivalists-outfit/index.html[22m [2m(+23ms)[22m 
[2m22:31:20[22m   [34m├─[39m [2m/consumables/armor-schematic-vagabond-armor/index.html[22m [2m(+23ms)[22m 
[2m22:31:20[22m   [34m├─[39m [2m/consumables/armor-schematic-vicious-armor/index.html[22m [2m(+22ms)[22m 
[2m22:31:20[22m   [34m├─[39m [2m/consumables/armor-schematic-voidforge-dragon-armor/index.html[22m [2m(+22ms)[22m 
[2m22:31:20[22m   [34m├─[39m [2m/consumables/armor-schematic-voidforge-dragonbone-armor/index.html[22m [2m(+22ms)[22m 
[2m22:31:20[22m   [34m├─[39m [2m/consumables/armor-schematic-voidforge-dragonhide-armor/index.html[22m [2m(+22ms)[22m 
[2m22:31:20[22m   [34m├─[39m [2m/consumables/armor-schematic-war-court-garb/index.html[22m [2m(+23ms)[22m 
[2m22:31:20[22m   [34m├─[39m [2m/consumables/armor-schematic-wild-druids-garb/index.html[22m [2m(+22ms)[22m 
[2m22:31:20[22m   [34m├─[39m [2m/consumables/bag-of-assorted-venoms/index.html[22m [2m(+22ms)[22m 
[2m22:31:20[22m   [34m├─[39m [2m/consumables/bag-of-essences/index.html[22m [2m(+22ms)[22m 
[2m22:31:20[22m   [34m├─[39m [2m/consumables/berry-juice/index.html[22m [2m(+22ms)[22m 
[2m22:31:20[22m   [34m├─[39m [2m/consumables/berserker-draught/index.html[22m [2m(+23ms)[22m 
[2m22:31:20[22m   [34m├─[39m [2m/consumables/bitter-tea/index.html[22m [2m(+24ms)[22m 
[2m22:31:20[22m   [34m├─[39m [2m/consumables/black-lotus-potion/index.html[22m [2m(+23ms)[22m 
[2m22:31:20[22m   [34m├─[39m [2m/consumables/blackcove-rum/index.html[22m [2m(+22ms)[22m 
[2m22:31:20[22m   [34m├─[39m [2m/consumables/blood-sausage/index.html[22m [2m(+22ms)[22m 
[2m22:31:20[22m   [34m├─[39m [2m/consumables/blood-sac/index.html[22m [2m(+23ms)[22m 
[2m22:31:20[22m   [34m├─[39m [2m/consumables/blood-stained-nails/index.html[22m [2m(+23ms)[22m 
[2m22:31:20[22m   [34m├─[39m [2m/consumables/bone-broth/index.html[22m [2m(+23ms)[22m 
[2m22:31:20[22m   [34m├─[39m [2m/consumables/bread/index.html[22m [2m(+23ms)[22m 
[2m22:31:20[22m   [34m├─[39m [2m/consumables/breath-of-dagon/index.html[22m [2m(+23ms)[22m 
[2m22:31:20[22m   [34m├─[39m [2m/consumables/breathing-potion/index.html[22m [2m(+23ms)[22m 
[2m22:31:20[22m   [34m├─[39m [2m/consumables/bug-kabob/index.html[22m [2m(+23ms)[22m 
[2m22:31:20[22m   [34m├─[39m [2m/consumables/burlap-satchel/index.html[22m [2m(+23ms)[22m 
[2m22:31:20[22m   [34m├─[39m [2m/consumables/bush-jerky/index.html[22m [2m(+22ms)[22m 
[2m22:31:20[22m   [34m├─[39m [2m/consumables/cactus-wine/index.html[22m [2m(+23ms)[22m 
[2m22:31:20[22m   [34m├─[39m [2m/consumables/catfish/index.html[22m [2m(+23ms)[22m 
[2m22:31:20[22m   [34m├─[39m [2m/consumables/century-egg/index.html[22m [2m(+24ms)[22m 
[2m22:31:20[22m   [34m├─[39m [2m/consumables/chili-desert-style/index.html[22m [2m(+23ms)[22m 
[2m22:31:20[22m   [34m├─[39m [2m/consumables/cimmerian-feast/index.html[22m [2m(+23ms)[22m 
[2m22:31:20[22m   [34m├─[39m [2m/consumables/cimmerian-book-of-taunts/index.html[22m [2m(+23ms)[22m 
[2m22:31:20[22m   [34m├─[39m [2m/consumables/cleansing-brew/index.html[22m [2m(+23ms)[22m 
[2m22:31:20[22m   [34m├─[39m [2m/consumables/cloth-satchel/index.html[22m [2m(+23ms)[22m 
[2m22:31:20[22m   [34m├─[39m [2m/consumables/concentrated-aloe-extract/index.html[22m [2m(+23ms)[22m 
[2m22:31:20[22m   [34m├─[39m [2m/consumables/cooked-abysmal-meat/index.html[22m [2m(+23ms)[22m 
[2m22:31:20[22m   [34m├─[39m [2m/consumables/cooked-anglerfish/index.html[22m [2m(+23ms)[22m 
[2m22:31:20[22m   [34m├─[39m [2m/consumables/cooked-catfish/index.html[22m [2m(+22ms)[22m 
[2m22:31:20[22m   [34m├─[39m [2m/consumables/cooked-dogfish/index.html[22m [2m(+23ms)[22m 
[2m22:31:20[22m   [34m├─[39m [2m/consumables/cooked-eggs/index.html[22m [2m(+23ms)[22m 
[2m22:31:20[22m   [34m├─[39m [2m/consumables/cooked-exotic-fish/index.html[22m [2m(+23ms)[22m 
[2m22:31:20[22m   [34m├─[39m [2m/consumables/cooked-exotic-shellfish/index.html[22m [2m(+23ms)[22m 
[2m22:31:21[22m   [34m├─[39m [2m/consumables/cooked-exquisite-meat/index.html[22m [2m(+23ms)[22m 
[2m22:31:21[22m   [34m├─[39m [2m/consumables/cooked-fish/index.html[22m [2m(+22ms)[22m 
[2m22:31:21[22m   [34m├─[39m [2m/consumables/cooked-grouper/index.html[22m [2m(+22ms)[22m 
[2m22:31:21[22m   [34m├─[39m [2m/consumables/cooked-human-flesh/index.html[22m [2m(+23ms)[22m 
[2m22:31:21[22m   [34m├─[39m [2m/consumables/cooked-moray-eel/index.html[22m [2m(+22ms)[22m 
[2m22:31:21[22m   [34m├─[39m [2m/consumables/cooked-oyster/index.html[22m [2m(+23ms)[22m 
[2m22:31:21[22m   [34m├─[39m [2m/consumables/cooked-pork-feast/index.html[22m [2m(+22ms)[22m 
[2m22:31:21[22m   [34m├─[39m [2m/consumables/cooked-pork-rinds/index.html[22m [2m(+23ms)[22m 
[2m22:31:21[22m   [34m├─[39m [2m/consumables/cooked-pork-strips/index.html[22m [2m(+23ms)[22m 
[2m22:31:21[22m   [34m├─[39m [2m/consumables/cooked-savory-fish/index.html[22m [2m(+23ms)[22m 
[2m22:31:21[22m   [34m├─[39m [2m/consumables/cooked-savory-shellfish/index.html[22m [2m(+23ms)[22m 
[2m22:31:21[22m   [34m├─[39m [2m/consumables/cooked-shellfish/index.html[22m [2m(+23ms)[22m 
[2m22:31:21[22m   [34m├─[39m [2m/consumables/corrupting-brew/index.html[22m [2m(+23ms)[22m 
[2m22:31:21[22m   [34m├─[39m [2m/consumables/crate-of-aloe-extract/index.html[22m [2m(+22ms)[22m 
[2m22:31:21[22m   [34m├─[39m [2m/consumables/crate-of-concentrated-aloe-extract/index.html[22m [2m(+23ms)[22m 
[2m22:31:21[22m   [34m├─[39m [2m/consumables/crate-of-demon-fire-barrages/index.html[22m [2m(+23ms)[22m 
[2m22:31:21[22m   [34m├─[39m [2m/consumables/crate-of-exploding-traps/index.html[22m [2m(+22ms)[22m 
[2m22:31:21[22m   [34m├─[39m [2m/consumables/crate-of-explosive-arrows/index.html[22m [2m(+23ms)[22m 
[2m22:31:21[22m   [34m├─[39m [2m/consumables/crate-of-explosive-jars/index.html[22m [2m(+23ms)[22m 
[2m22:31:21[22m   [34m├─[39m [2m/consumables/crate-of-hardened-steel-arrows/index.html[22m [2m(+24ms)[22m 
[2m22:31:21[22m   [34m├─[39m [2m/consumables/crate-of-healing-wraps/index.html[22m [2m(+23ms)[22m 
[2m22:31:21[22m   [34m├─[39m [2m/consumables/crate-of-ironstone-siege-boulders/index.html[22m [2m(+23ms)[22m 
[2m22:31:21[22m   [34m├─[39m [2m/consumables/crate-of-jaw-traps/index.html[22m [2m(+23ms)[22m 
[2m22:31:21[22m   [34m├─[39m [2m/consumables/crate-of-numbing-wraps/index.html[22m [2m(+23ms)[22m 
[2m22:31:21[22m   [34m├─[39m [2m/consumables/crate-of-siege-boulders/index.html[22m [2m(+23ms)[22m 
[2m22:31:21[22m   [34m├─[39m [2m/consumables/crate-of-vapor-traps/index.html[22m [2m(+23ms)[22m 
[2m22:31:21[22m   [34m├─[39m [2m/consumables/curative-mixture/index.html[22m [2m(+22ms)[22m 
[2m22:31:21[22m   [34m├─[39m [2m/consumables/dance-instructions-aquilonian-dance/index.html[22m [2m(+23ms)[22m 
[2m22:31:21[22m   [34m├─[39m [2m/consumables/dance-instructions-belly-dance/index.html[22m [2m(+24ms)[22m 
[2m22:31:21[22m   [34m├─[39m [2m/consumables/dance-instructions-cimmerian-dance/index.html[22m [2m(+24ms)[22m 
[2m22:31:21[22m   [34m├─[39m [2m/consumables/dance-instructions-khitan-dance/index.html[22m [2m(+23ms)[22m 
[2m22:31:21[22m   [34m├─[39m [2m/consumables/dance-instructions-snake-dance/index.html[22m [2m(+23ms)[22m 
[2m22:31:21[22m   [34m├─[39m [2m/consumables/dance-instructions-war-dance/index.html[22m [2m(+23ms)[22m 
[2m22:31:21[22m   [34m├─[39m [2m/consumables/darfari-bug-soup/index.html[22m [2m(+22ms)[22m 
[2m22:31:21[22m   [34m├─[39m [2m/consumables/dead-sorcerers-map-variant-a/index.html[22m [2m(+23ms)[22m 
[2m22:31:21[22m   [34m├─[39m [2m/consumables/dead-sorcerers-map-variant-b/index.html[22m [2m(+22ms)[22m 
[2m22:31:21[22m   [34m├─[39m [2m/consumables/deep-drink-waterskin/index.html[22m [2m(+23ms)[22m 
[2m22:31:21[22m   [34m├─[39m [2m/consumables/demon-blood-sausage/index.html[22m [2m(+23ms)[22m 
[2m22:31:21[22m   [34m├─[39m [2m/consumables/demons-bane/index.html[22m [2m(+22ms)[22m 
[2m22:31:21[22m   [34m├─[39m [2m/consumables/denizens-of-the-dark-well/index.html[22m [2m(+22ms)[22m 
[2m22:31:21[22m   [34m├─[39m [2m/consumables/desert-berries/index.html[22m [2m(+22ms)[22m 
[2m22:31:21[22m   [34m├─[39m [2m/consumables/desert-berry-pulp/index.html[22m [2m(+23ms)[22m 
[2m22:31:21[22m   [34m├─[39m [2m/consumables/desert-grog/index.html[22m [2m(+22ms)[22m 
[2m22:31:22[22m   [34m├─[39m [2m/consumables/desert-rum/index.html[22m [2m(+23ms)[22m 
[2m22:31:22[22m   [34m├─[39m [2m/consumables/desert-wine/index.html[22m [2m(+23ms)[22m 
[2m22:31:22[22m   [34m├─[39m [2m/consumables/devils-bonemeal/index.html[22m [2m(+22ms)[22m 
[2m22:31:22[22m   [34m├─[39m [2m/consumables/dogfish/index.html[22m [2m(+23ms)[22m 
[2m22:31:22[22m   [34m├─[39m [2m/consumables/draught-of-slow-fall/index.html[22m [2m(+22ms)[22m 
[2m22:31:22[22m   [34m├─[39m [2m/consumables/draught-of-the-dead/index.html[22m [2m(+23ms)[22m 
[2m22:31:22[22m   [34m├─[39m [2m/consumables/dried-berries/index.html[22m [2m(+22ms)[22m 
[2m22:31:22[22m   [34m├─[39m [2m/consumables/dried-fish/index.html[22m [2m(+22ms)[22m 
[2m22:31:22[22m   [34m├─[39m [2m/consumables/dried-meat/index.html[22m [2m(+23ms)[22m 
[2m22:31:22[22m   [34m├─[39m [2m/consumables/dye-pack/index.html[22m [2m(+23ms)[22m 
[2m22:31:22[22m   [34m├─[39m [2m/consumables/egg/index.html[22m [2m(+22ms)[22m 
[2m22:31:22[22m   [34m├─[39m [2m/consumables/egg-surprise/index.html[22m [2m(+22ms)[22m 
[2m22:31:22[22m   [34m├─[39m [2m/consumables/eight-sided-die/index.html[22m [2m(+23ms)[22m 
[2m22:31:22[22m   [34m├─[39m [2m/consumables/eighty-shades-of-pink/index.html[22m [2m(+22ms)[22m 
[2m22:31:22[22m   [34m├─[39m [2m/consumables/eldarium-cache/index.html[22m [2m(+22ms)[22m 
[2m22:31:22[22m   [34m├─[39m [2m/consumables/elixir-of-darkness/index.html[22m [2m(+23ms)[22m 
[2m22:31:22[22m   [34m├─[39m [2m/consumables/elixir-of-enduring/index.html[22m [2m(+23ms)[22m 
[2m22:31:22[22m   [34m├─[39m [2m/consumables/elixir-of-freedom/index.html[22m [2m(+22ms)[22m 
[2m22:31:22[22m   [34m├─[39m [2m/consumables/elixir-of-grace/index.html[22m [2m(+23ms)[22m 
[2m22:31:22[22m   [34m├─[39m [2m/consumables/elixir-of-might/index.html[22m [2m(+23ms)[22m 
[2m22:31:22[22m   [34m├─[39m [2m/consumables/elixir-of-numbing/index.html[22m [2m(+22ms)[22m 
[2m22:31:22[22m   [34m├─[39m [2m/consumables/elixir-of-rebirth/index.html[22m [2m(+23ms)[22m 
[2m22:31:22[22m   [34m├─[39m [2m/consumables/elixir-of-sight/index.html[22m [2m(+23ms)[22m 
[2m22:31:22[22m   [34m├─[39m [2m/consumables/elixir-of-vigor/index.html[22m [2m(+24ms)[22m 
[2m22:31:22[22m   [34m├─[39m [2m/consumables/enhanced-gruel/index.html[22m [2m(+23ms)[22m 
[2m22:31:22[22m   [34m├─[39m [2m/consumables/everice-of-ymir/index.html[22m [2m(+22ms)[22m 
[2m22:31:22[22m   [34m├─[39m [2m/consumables/exotic-feast/index.html[22m [2m(+23ms)[22m 
[2m22:31:22[22m   [34m├─[39m [2m/consumables/exotic-fish/index.html[22m [2m(+24ms)[22m 
[2m22:31:22[22m   [34m├─[39m [2m/consumables/exotic-flesh/index.html[22m [2m(+24ms)[22m 
[2m22:31:22[22m   [34m├─[39m [2m/consumables/exotic-shellfish/index.html[22m [2m(+23ms)[22m 
[2m22:31:22[22m   [34m├─[39m [2m/consumables/exquisite-meat/index.html[22m [2m(+22ms)[22m 
[2m22:31:22[22m   [34m├─[39m [2m/consumables/exquisite-stew/index.html[22m [2m(+23ms)[22m 
[2m22:31:22[22m   [34m├─[39m [2m/consumables/eye-of-set/index.html[22m [2m(+23ms)[22m 
[2m22:31:22[22m   [34m├─[39m [2m/consumables/eyes-of-innocence/index.html[22m [2m(+23ms)[22m 
[2m22:31:22[22m   [34m├─[39m [2m/consumables/eyes-of-the-demon/index.html[22m [2m(+23ms)[22m 
[2m22:31:22[22m   [34m├─[39m [2m/consumables/eyes-of-the-wight/index.html[22m [2m(+23ms)[22m 
[2m22:31:22[22m   [34m├─[39m [2m/consumables/fat-grub/index.html[22m [2m(+24ms)[22m 
[2m22:31:22[22m   [34m├─[39m [2m/consumables/feast-of-derketo/index.html[22m [2m(+24ms)[22m 
[2m22:31:22[22m   [34m├─[39m [2m/consumables/feast-of-jhebbal-sag/index.html[22m [2m(+23ms)[22m 
[2m22:31:22[22m   [34m├─[39m [2m/consumables/feast-of-mitra/index.html[22m [2m(+24ms)[22m 
[2m22:31:22[22m   [34m├─[39m [2m/consumables/feast-of-set/index.html[22m [2m(+23ms)[22m 
[2m22:31:22[22m   [34m├─[39m [2m/consumables/feast-of-ymir/index.html[22m [2m(+23ms)[22m 
[2m22:31:22[22m   [34m├─[39m [2m/consumables/feast-to-yog/index.html[22m [2m(+23ms)[22m 
[2m22:31:22[22m   [34m├─[39m [2m/consumables/feral-feast/index.html[22m [2m(+22ms)[22m 
[2m22:31:23[22m   [34m├─[39m [2m/consumables/feral-flesh/index.html[22m [2m(+22ms)[22m 
[2m22:31:23[22m   [34m├─[39m [2m/consumables/fiery-hot-bread/index.html[22m [2m(+23ms)[22m 
[2m22:31:23[22m   [34m├─[39m [2m/consumables/fiery-hot-grubs/index.html[22m [2m(+22ms)[22m 
[2m22:31:23[22m   [34m├─[39m [2m/consumables/fiery-hot-imperial-tea/index.html[22m [2m(+23ms)[22m 
[2m22:31:23[22m   [34m├─[39m [2m/consumables/fiery-hot-meat-soup/index.html[22m [2m(+22ms)[22m 
[2m22:31:23[22m   [34m├─[39m [2m/consumables/fiery-hot-sea-fish-feast/index.html[22m [2m(+22ms)[22m 
[2m22:31:23[22m   [34m├─[39m [2m/consumables/firewater/index.html[22m [2m(+22ms)[22m 
[2m22:31:23[22m   [34m├─[39m [2m/consumables/fish-gill-potion/index.html[22m [2m(+22ms)[22m 
[2m22:31:23[22m   [34m├─[39m [2m/consumables/fish-strips/index.html[22m [2m(+23ms)[22m 
[2m22:31:23[22m   [34m├─[39m [2m/consumables/flavored-gruel/index.html[22m [2m(+23ms)[22m 
[2m22:31:23[22m   [34m├─[39m [2m/consumables/flesh-map-exiled-lands/index.html[22m [2m(+22ms)[22m 
[2m22:31:23[22m   [34m├─[39m [2m/consumables/flesh-map-isle-of-siptah/index.html[22m [2m(+23ms)[22m 
[2m22:31:23[22m   [34m├─[39m [2m/consumables/flesh-of-remembrance-variant-a/index.html[22m [2m(+23ms)[22m 
[2m22:31:23[22m   [34m├─[39m [2m/consumables/flesh-of-remembrance-variant-b/index.html[22m [2m(+22ms)[22m 
[2m22:31:23[22m   [34m├─[39m [2m/consumables/four-sided-die/index.html[22m [2m(+22ms)[22m 
[2m22:31:23[22m   [34m├─[39m [2m/consumables/fragment-of-power/index.html[22m [2m(+22ms)[22m 
[2m22:31:23[22m   [34m├─[39m [2m/consumables/frenzywine/index.html[22m [2m(+23ms)[22m 
[2m22:31:23[22m   [34m├─[39m [2m/consumables/frost-lotus-potion/index.html[22m [2m(+23ms)[22m 
[2m22:31:23[22m   [34m├─[39m [2m/consumables/golden-lotus-potion/index.html[22m [2m(+22ms)[22m 
[2m22:31:23[22m   [34m├─[39m [2m/consumables/grand-ophidian-magis-cache/index.html[22m [2m(+22ms)[22m 
[2m22:31:23[22m   [34m├─[39m [2m/consumables/grey-lotus-potion/index.html[22m [2m(+23ms)[22m 
[2m22:31:23[22m   [34m├─[39m [2m/consumables/grilled-steak/index.html[22m [2m(+23ms)[22m 
[2m22:31:23[22m   [34m├─[39m [2m/consumables/grouper/index.html[22m [2m(+22ms)[22m 
[2m22:31:23[22m   [34m├─[39m [2m/consumables/grovellers-manual/index.html[22m [2m(+23ms)[22m 
[2m22:31:23[22m   [34m├─[39m [2m/consumables/gruel/index.html[22m [2m(+22ms)[22m 
[2m22:31:23[22m   [34m├─[39m [2m/consumables/handful-of-insects/index.html[22m [2m(+22ms)[22m 
[2m22:31:23[22m   [34m├─[39m [2m/consumables/hanumans-gift/index.html[22m [2m(+23ms)[22m 
[2m22:31:23[22m   [34m├─[39m [2m/consumables/healing-waterskin/index.html[22m [2m(+24ms)[22m 
[2m22:31:23[22m   [34m├─[39m [2m/consumables/healing-wraps/index.html[22m [2m(+24ms)[22m 
[2m22:31:23[22m   [34m├─[39m [2m/consumables/heart-of-a-hero/index.html[22m [2m(+22ms)[22m 
[2m22:31:23[22m   [34m├─[39m [2m/consumables/hearty-feast/index.html[22m [2m(+23ms)[22m 
[2m22:31:23[22m   [34m├─[39m [2m/consumables/hearty-stew/index.html[22m [2m(+23ms)[22m 
[2m22:31:23[22m   [34m├─[39m [2m/consumables/herbal-tea/index.html[22m [2m(+23ms)[22m 
[2m22:31:23[22m   [34m├─[39m [2m/consumables/highland-berries/index.html[22m [2m(+23ms)[22m 
[2m22:31:23[22m   [34m├─[39m [2m/consumables/highland-berry-pulp/index.html[22m [2m(+23ms)[22m 
[2m22:31:23[22m   [34m├─[39m [2m/consumables/highland-wine/index.html[22m [2m(+23ms)[22m 
[2m22:31:23[22m   [34m├─[39m [2m/consumables/honey/index.html[22m [2m(+22ms)[22m 
[2m22:31:23[22m   [34m├─[39m [2m/consumables/honey-jerky/index.html[22m [2m(+22ms)[22m 
[2m22:31:23[22m   [34m├─[39m [2m/consumables/honey-whisky/index.html[22m [2m(+23ms)[22m 
[2m22:31:23[22m   [34m├─[39m [2m/consumables/honeybread/index.html[22m [2m(+23ms)[22m 
[2m22:31:23[22m   [34m├─[39m [2m/consumables/honeyed-eggs/index.html[22m [2m(+23ms)[22m 
[2m22:31:23[22m   [34m├─[39m [2m/consumables/honeyed-gruel/index.html[22m [2m(+23ms)[22m 
[2m22:31:23[22m   [34m├─[39m [2m/consumables/honeyed-wine/index.html[22m [2m(+23ms)[22m 
[2m22:31:23[22m   [34m├─[39m [2m/consumables/honeyglazed-roast/index.html[22m [2m(+23ms)[22m 
[2m22:31:24[22m   [34m├─[39m [2m/consumables/human-flesh/index.html[22m [2m(+22ms)[22m 
[2m22:31:24[22m   [34m├─[39m [2m/consumables/human-heart/index.html[22m [2m(+23ms)[22m 
[2m22:31:24[22m   [34m├─[39m [2m/consumables/hunters-potion/index.html[22m [2m(+23ms)[22m 
[2m22:31:24[22m   [34m├─[39m [2m/consumables/hunters-satchel/index.html[22m [2m(+23ms)[22m 
[2m22:31:24[22m   [34m├─[39m [2m/consumables/hyperborean-blood/index.html[22m [2m(+23ms)[22m 
[2m22:31:24[22m   [34m├─[39m [2m/consumables/hyperborean-witch-blood/index.html[22m [2m(+22ms)[22m 
[2m22:31:24[22m   [34m├─[39m [2m/consumables/ice-tea/index.html[22m [2m(+22ms)[22m 
[2m22:31:24[22m   [34m├─[39m [2m/consumables/improved-climbing-boots-schematic/index.html[22m [2m(+23ms)[22m 
[2m22:31:24[22m   [34m├─[39m [2m/consumables/improved-waterskin/index.html[22m [2m(+23ms)[22m 
[2m22:31:24[22m   [34m├─[39m [2m/consumables/infused-aloe-extract/index.html[22m [2m(+22ms)[22m 
[2m22:31:24[22m   [34m├─[39m [2m/consumables/infused-wraps/index.html[22m [2m(+23ms)[22m 
[2m22:31:24[22m   [34m├─[39m [2m/consumables/jesters-jokebook/index.html[22m [2m(+22ms)[22m 
[2m22:31:24[22m   [34m├─[39m [2m/consumables/jungle-grog/index.html[22m [2m(+22ms)[22m 
[2m22:31:24[22m   [34m├─[39m [2m/consumables/jungle-rum/index.html[22m [2m(+22ms)[22m 
[2m22:31:24[22m   [34m├─[39m [2m/consumables/keyring/index.html[22m [2m(+23ms)[22m 
[2m22:31:24[22m   [34m├─[39m [2m/consumables/khari-waterskin/index.html[22m [2m(+23ms)[22m 
[2m22:31:24[22m   [34m├─[39m [2m/consumables/language-dictionary-ancient-stygian/index.html[22m [2m(+22ms)[22m 
[2m22:31:24[22m   [34m├─[39m [2m/consumables/language-dictionary-argossean/index.html[22m [2m(+22ms)[22m 
[2m22:31:24[22m   [34m├─[39m [2m/consumables/language-dictionary-atlantean/index.html[22m [2m(+23ms)[22m 
[2m22:31:24[22m   [34m├─[39m [2m/consumables/language-dictionary-barachan/index.html[22m [2m(+23ms)[22m 
[2m22:31:24[22m   [34m├─[39m [2m/consumables/language-dictionary-black-kingdoms/index.html[22m [2m(+23ms)[22m 
[2m22:31:24[22m   [34m├─[39m [2m/consumables/language-dictionary-brythunian/index.html[22m [2m(+22ms)[22m 
[2m22:31:24[22m   [34m├─[39m [2m/consumables/language-dictionary-cimmerian/index.html[22m [2m(+23ms)[22m 
[2m22:31:24[22m   [34m├─[39m [2m/consumables/language-dictionary-himelian/index.html[22m [2m(+22ms)[22m 
[2m22:31:24[22m   [34m├─[39m [2m/consumables/language-dictionary-hyperborean/index.html[22m [2m(+23ms)[22m 
[2m22:31:24[22m   [34m├─[39m [2m/consumables/language-dictionary-hyrkanian/index.html[22m [2m(+23ms)[22m 
[2m22:31:24[22m   [34m├─[39m [2m/consumables/language-dictionary-kambujan/index.html[22m [2m(+23ms)[22m 
[2m22:31:24[22m   [34m├─[39m [2m/consumables/language-dictionary-keshani/index.html[22m [2m(+22ms)[22m 
[2m22:31:24[22m   [34m├─[39m [2m/consumables/language-dictionary-khitani/index.html[22m [2m(+23ms)[22m 
[2m22:31:24[22m   [34m├─[39m [2m/consumables/language-dictionary-kothian/index.html[22m [2m(+23ms)[22m 
[2m22:31:24[22m   [34m├─[39m [2m/consumables/language-dictionary-lemurian/index.html[22m [2m(+23ms)[22m 
[2m22:31:24[22m   [34m├─[39m [2m/consumables/language-dictionary-nemedian/index.html[22m [2m(+23ms)[22m 
[2m22:31:24[22m   [34m├─[39m [2m/consumables/language-dictionary-nordheimr/index.html[22m [2m(+23ms)[22m 
[2m22:31:24[22m   [34m├─[39m [2m/consumables/language-dictionary-pictish/index.html[22m [2m(+23ms)[22m 
[2m22:31:24[22m   [34m├─[39m [2m/consumables/language-dictionary-shemitish/index.html[22m [2m(+23ms)[22m 
[2m22:31:24[22m   [34m├─[39m [2m/consumables/language-dictionary-tongue-of-the-serpent-men/index.html[22m [2m(+23ms)[22m 
[2m22:31:24[22m   [34m├─[39m [2m/consumables/language-dictionary-turanian/index.html[22m [2m(+23ms)[22m 
[2m22:31:24[22m   [34m├─[39m [2m/consumables/language-dictionary-valusian/index.html[22m [2m(+23ms)[22m 
[2m22:31:24[22m   [34m├─[39m [2m/consumables/language-dictionary-vendhyan/index.html[22m [2m(+23ms)[22m 
[2m22:31:24[22m   [34m├─[39m [2m/consumables/language-dictionary-vilayet/index.html[22m [2m(+23ms)[22m 
[2m22:31:24[22m   [34m├─[39m [2m/consumables/language-dictionary-zamoran/index.html[22m [2m(+23ms)[22m 
[2m22:31:24[22m   [34m├─[39m [2m/consumables/language-dictionary-zhemri/index.html[22m [2m(+23ms)[22m 
[2m22:31:24[22m   [34m├─[39m [2m/consumables/language-dictionary-zingaran/index.html[22m [2m(+23ms)[22m 
[2m22:31:24[22m   [34m├─[39m [2m/consumables/language-dictionary-zuagir/index.html[22m [2m(+22ms)[22m 
[2m22:31:25[22m   [34m├─[39m [2m/consumables/lasting-feast/index.html[22m [2m(+23ms)[22m 
[2m22:31:25[22m   [34m├─[39m [2m/consumables/leather-satchel/index.html[22m [2m(+23ms)[22m 
[2m22:31:25[22m   [34m├─[39m [2m/consumables/lumpy-soup/index.html[22m [2m(+23ms)[22m 
[2m22:31:25[22m   [34m├─[39m [2m/consumables/mead/index.html[22m [2m(+23ms)[22m 
[2m22:31:25[22m   [34m├─[39m [2m/consumables/meat-strips/index.html[22m [2m(+22ms)[22m 
[2m22:31:25[22m   [34m├─[39m [2m/consumables/meaty-mashup/index.html[22m [2m(+23ms)[22m 
[2m22:31:25[22m   [34m├─[39m [2m/consumables/mixed-meat-scraps/index.html[22m [2m(+23ms)[22m 
[2m22:31:25[22m   [34m├─[39m [2m/consumables/moray-eel/index.html[22m [2m(+23ms)[22m 
[2m22:31:25[22m   [34m├─[39m [2m/consumables/mulled-brew/index.html[22m [2m(+23ms)[22m 
[2m22:31:25[22m   [34m├─[39m [2m/consumables/mushroom-stew/index.html[22m [2m(+23ms)[22m 
[2m22:31:25[22m   [34m├─[39m [2m/consumables/mushroom-tea/index.html[22m [2m(+23ms)[22m 
[2m22:31:25[22m   [34m├─[39m [2m/consumables/mystery-meat-soup/index.html[22m [2m(+23ms)[22m 
[2m22:31:25[22m   [34m├─[39m [2m/consumables/night-eye-potion/index.html[22m [2m(+22ms)[22m 
[2m22:31:25[22m   [34m├─[39m [2m/consumables/numbing-wraps/index.html[22m [2m(+22ms)[22m 
[2m22:31:25[22m   [34m├─[39m [2m/consumables/one-hundred-shades-of-pink/index.html[22m [2m(+23ms)[22m 
[2m22:31:25[22m   [34m├─[39m [2m/consumables/ophidian-magis-cache/index.html[22m [2m(+22ms)[22m 
[2m22:31:25[22m   [34m├─[39m [2m/consumables/oyster-flesh/index.html[22m [2m(+22ms)[22m 
[2m22:31:25[22m   [34m├─[39m [2m/consumables/oyster-omelette/index.html[22m [2m(+22ms)[22m 
[2m22:31:25[22m   [34m├─[39m [2m/consumables/philter-of-fire-wall/index.html[22m [2m(+23ms)[22m 
[2m22:31:25[22m   [34m├─[39m [2m/consumables/phykos-rum/index.html[22m [2m(+22ms)[22m 
[2m22:31:25[22m   [34m├─[39m [2m/consumables/pirate-rotgut/index.html[22m [2m(+23ms)[22m 
[2m22:31:25[22m   [34m├─[39m [2m/consumables/potion-of-bestial-memory/index.html[22m [2m(+23ms)[22m 
[2m22:31:25[22m   [34m├─[39m [2m/consumables/potion-of-detect-resources/index.html[22m [2m(+24ms)[22m 
[2m22:31:25[22m   [34m├─[39m [2m/consumables/potion-of-endowment/index.html[22m [2m(+23ms)[22m 
[2m22:31:25[22m   [34m├─[39m [2m/consumables/potion-of-invisibility/index.html[22m [2m(+22ms)[22m 
[2m22:31:25[22m   [34m├─[39m [2m/consumables/potion-of-lightning-storm/index.html[22m [2m(+23ms)[22m 
[2m22:31:25[22m   [34m├─[39m [2m/consumables/potion-of-lost-souls/index.html[22m [2m(+23ms)[22m 
[2m22:31:25[22m   [34m├─[39m [2m/consumables/potion-of-midnight/index.html[22m [2m(+23ms)[22m 
[2m22:31:25[22m   [34m├─[39m [2m/consumables/potion-of-natural-learning/index.html[22m [2m(+23ms)[22m 
[2m22:31:25[22m   [34m├─[39m [2m/consumables/potion-of-the-hunt/index.html[22m [2m(+23ms)[22m 
[2m22:31:25[22m   [34m├─[39m [2m/consumables/prayer-to-mitra/index.html[22m [2m(+23ms)[22m 
[2m22:31:25[22m   [34m├─[39m [2m/consumables/prayer-to-set/index.html[22m [2m(+23ms)[22m 
[2m22:31:25[22m   [34m├─[39m [2m/consumables/prayer-to-yog/index.html[22m [2m(+23ms)[22m 
[2m22:31:25[22m   [34m├─[39m [2m/consumables/precepts-of-derketo/index.html[22m [2m(+23ms)[22m 
[2m22:31:25[22m   [34m├─[39m [2m/consumables/precepts-of-jhebbal-sag/index.html[22m [2m(+23ms)[22m 
[2m22:31:25[22m   [34m├─[39m [2m/consumables/precepts-of-mitra-variant-a/index.html[22m [2m(+23ms)[22m 
[2m22:31:25[22m   [34m├─[39m [2m/consumables/precepts-of-mitra-variant-b/index.html[22m [2m(+24ms)[22m 
[2m22:31:25[22m   [34m├─[39m [2m/consumables/precepts-of-set/index.html[22m [2m(+23ms)[22m 
[2m22:31:25[22m   [34m├─[39m [2m/consumables/precepts-of-ymir/index.html[22m [2m(+23ms)[22m 
[2m22:31:25[22m   [34m├─[39m [2m/consumables/precepts-of-yog/index.html[22m [2m(+22ms)[22m 
[2m22:31:25[22m   [34m├─[39m [2m/consumables/precepts-of-zath/index.html[22m [2m(+23ms)[22m 
[2m22:31:25[22m   [34m├─[39m [2m/consumables/prince-of-the-black-shores/index.html[22m [2m(+23ms)[22m 
[2m22:31:25[22m   [34m├─[39m [2m/consumables/prophecy-of-the-borne-witch/index.html[22m [2m(+23ms)[22m 
[2m22:31:25[22m   [34m├─[39m [2m/consumables/pure-aloe-extract/index.html[22m [2m(+23ms)[22m 
[2m22:31:26[22m   [34m├─[39m [2m/consumables/purified-flesh/index.html[22m [2m(+23ms)[22m 
[2m22:31:26[22m   [34m├─[39m [2m/consumables/purified-water/index.html[22m [2m(+23ms)[22m 
[2m22:31:26[22m   [34m├─[39m [2m/consumables/purple-lotus-potion/index.html[22m [2m(+22ms)[22m 
[2m22:31:26[22m   [34m├─[39m [2m/consumables/putrid-meat/index.html[22m [2m(+23ms)[22m 
[2m22:31:26[22m   [34m├─[39m [2m/consumables/raw-pork/index.html[22m [2m(+22ms)[22m 
[2m22:31:26[22m   [34m├─[39m [2m/consumables/reptile-eye/index.html[22m [2m(+22ms)[22m 
[2m22:31:26[22m   [34m├─[39m [2m/consumables/resin-wine/index.html[22m [2m(+23ms)[22m 
[2m22:31:26[22m   [34m├─[39m [2m/consumables/rhino-head-soup/index.html[22m [2m(+23ms)[22m 
[2m22:31:26[22m   [34m├─[39m [2m/consumables/roasted-haunch/index.html[22m [2m(+23ms)[22m 
[2m22:31:26[22m   [34m├─[39m [2m/consumables/roasted-mushrooms/index.html[22m [2m(+23ms)[22m 
[2m22:31:26[22m   [34m├─[39m [2m/consumables/rotten-devils-bonemeal/index.html[22m [2m(+23ms)[22m 
[2m22:31:26[22m   [34m├─[39m [2m/consumables/rough-wraps/index.html[22m [2m(+23ms)[22m 
[2m22:31:26[22m   [34m├─[39m [2m/consumables/rum-runner-valds-secret-recipe/index.html[22m [2m(+23ms)[22m 
[2m22:31:26[22m   [34m├─[39m [2m/consumables/rusted-lockpick/index.html[22m [2m(+23ms)[22m 
[2m22:31:26[22m   [34m├─[39m [2m/consumables/salted-berries/index.html[22m [2m(+22ms)[22m 
[2m22:31:26[22m   [34m├─[39m [2m/consumables/salted-exquisite-meat/index.html[22m [2m(+23ms)[22m 
[2m22:31:26[22m   [34m├─[39m [2m/consumables/salted-pork/index.html[22m [2m(+22ms)[22m 
[2m22:31:26[22m   [34m├─[39m [2m/consumables/salvaged-building-materials/index.html[22m [2m(+22ms)[22m 
[2m22:31:26[22m   [34m├─[39m [2m/consumables/samite-satchel/index.html[22m [2m(+22ms)[22m 
[2m22:31:26[22m   [34m├─[39m [2m/consumables/savory-feast/index.html[22m [2m(+22ms)[22m 
[2m22:31:26[22m   [34m├─[39m [2m/consumables/savory-fish/index.html[22m [2m(+22ms)[22m 
[2m22:31:26[22m   [34m├─[39m [2m/consumables/savory-fodder/index.html[22m [2m(+22ms)[22m 
[2m22:31:26[22m   [34m├─[39m [2m/consumables/savory-jerky/index.html[22m [2m(+23ms)[22m 
[2m22:31:26[22m   [34m├─[39m [2m/consumables/savory-shellfish/index.html[22m [2m(+23ms)[22m 
[2m22:31:26[22m   [34m├─[39m [2m/consumables/savoury-flesh/index.html[22m [2m(+23ms)[22m 
[2m22:31:26[22m   [34m├─[39m [2m/consumables/scroll-abysmal-blade/index.html[22m [2m(+23ms)[22m 
[2m22:31:26[22m   [34m├─[39m [2m/consumables/scroll-abysmal-remnant-trophy/index.html[22m [2m(+23ms)[22m 
[2m22:31:26[22m   [34m├─[39m [2m/consumables/scroll-abysmal-shield/index.html[22m [2m(+23ms)[22m 
[2m22:31:26[22m   [34m├─[39m [2m/consumables/scroll-abysmal-spear/index.html[22m [2m(+23ms)[22m 
[2m22:31:26[22m   [34m├─[39m [2m/consumables/scroll-ancient-lemurian-aloe-extract/index.html[22m [2m(+23ms)[22m 
[2m22:31:26[22m   [34m├─[39m [2m/consumables/scroll-ancient-lemurian-bandages/index.html[22m [2m(+23ms)[22m 
[2m22:31:26[22m   [34m├─[39m [2m/consumables/scroll-basin-of-jhebbal-sag/index.html[22m [2m(+23ms)[22m 
[2m22:31:26[22m   [34m├─[39m [2m/consumables/scroll-battle-spatula/index.html[22m [2m(+22ms)[22m 
[2m22:31:26[22m   [34m├─[39m [2m/consumables/scroll-bestial-regalia/index.html[22m [2m(+22ms)[22m 
[2m22:31:26[22m   [34m├─[39m [2m/consumables/scroll-bindings-of-the-dead/index.html[22m [2m(+23ms)[22m 
[2m22:31:26[22m   [34m├─[39m [2m/consumables/scroll-black-corsair-garb/index.html[22m [2m(+23ms)[22m 
[2m22:31:26[22m   [34m├─[39m [2m/consumables/scroll-black-hand-banners/index.html[22m [2m(+23ms)[22m 
[2m22:31:26[22m   [34m├─[39m [2m/consumables/scroll-black-hand-tents/index.html[22m [2m(+24ms)[22m 
[2m22:31:26[22m   [34m├─[39m [2m/consumables/scroll-blue-smoke-fireworks/index.html[22m [2m(+22ms)[22m 
[2m22:31:26[22m   [34m├─[39m [2m/consumables/scroll-bower-of-jhebbal-sag/index.html[22m [2m(+23ms)[22m 
[2m22:31:26[22m   [34m├─[39m [2m/consumables/scroll-buccaneer/index.html[22m [2m(+23ms)[22m 
[2m22:31:26[22m   [34m├─[39m [2m/consumables/scroll-catalysts/index.html[22m [2m(+23ms)[22m 
[2m22:31:26[22m   [34m├─[39m [2m/consumables/scroll-colored-candles/index.html[22m [2m(+22ms)[22m 
[2m22:31:26[22m   [34m├─[39m [2m/consumables/scroll-dagons-breath/index.html[22m [2m(+23ms)[22m 
[2m22:31:27[22m   [34m├─[39m [2m/consumables/scroll-darfari-banners/index.html[22m [2m(+23ms)[22m 
[2m22:31:27[22m   [34m├─[39m [2m/consumables/scroll-darfari-weapons/index.html[22m [2m(+23ms)[22m 
[2m22:31:27[22m   [34m├─[39m [2m/consumables/scroll-dead-leg/index.html[22m [2m(+22ms)[22m 
[2m22:31:27[22m   [34m├─[39m [2m/consumables/scroll-decorative-grindstone/index.html[22m [2m(+22ms)[22m 
[2m22:31:27[22m   [34m├─[39m [2m/consumables/scroll-deep-sea-fisher/index.html[22m [2m(+23ms)[22m 
[2m22:31:27[22m   [34m├─[39m [2m/consumables/scroll-dogs-of-the-desert-banners/index.html[22m [2m(+23ms)[22m 
[2m22:31:27[22m   [34m├─[39m [2m/consumables/scroll-eldarium-reinforced-chests/index.html[22m [2m(+22ms)[22m 
[2m22:31:27[22m   [34m├─[39m [2m/consumables/scroll-emblem-icon---jhebbal-sag/index.html[22m [2m(+23ms)[22m 
[2m22:31:27[22m   [34m├─[39m [2m/consumables/scroll-essence-of-rot/index.html[22m [2m(+23ms)[22m 
[2m22:31:27[22m   [34m├─[39m [2m/consumables/scroll-fast-elevators/index.html[22m [2m(+23ms)[22m 
[2m22:31:27[22m   [34m├─[39m [2m/consumables/scroll-faux-taxidermy/index.html[22m [2m(+22ms)[22m 
[2m22:31:27[22m   [34m├─[39m [2m/consumables/scroll-feral-claws/index.html[22m [2m(+23ms)[22m 
[2m22:31:27[22m   [34m├─[39m [2m/consumables/scroll-frost-smithing/index.html[22m [2m(+22ms)[22m 
[2m22:31:27[22m   [34m├─[39m [2m/consumables/scroll-gold-clan-emblem-fireworks/index.html[22m [2m(+22ms)[22m 
[2m22:31:27[22m   [34m├─[39m [2m/consumables/scroll-gold-smoke-fireworks/index.html[22m [2m(+22ms)[22m 
[2m22:31:27[22m   [34m├─[39m [2m/consumables/scroll-grandmaster-armorsmith/index.html[22m [2m(+22ms)[22m 
[2m22:31:27[22m   [34m├─[39m [2m/consumables/scroll-grandmaster-weaponsmith/index.html[22m [2m(+22ms)[22m 
[2m22:31:27[22m   [34m├─[39m [2m/consumables/scroll-gravedigger/index.html[22m [2m(+22ms)[22m 
[2m22:31:27[22m   [34m├─[39m [2m/consumables/scroll-green-bioluminescent-mushroom/index.html[22m [2m(+22ms)[22m 
[2m22:31:27[22m   [34m├─[39m [2m/consumables/scroll-green-brocade-fireworks/index.html[22m [2m(+23ms)[22m 
[2m22:31:27[22m   [34m├─[39m [2m/consumables/scroll-green-clan-emblem-fireworks/index.html[22m [2m(+24ms)[22m 
[2m22:31:27[22m   [34m├─[39m [2m/consumables/scroll-hardened-steel-cage/index.html[22m [2m(+23ms)[22m 
[2m22:31:27[22m   [34m├─[39m [2m/consumables/scroll-hardened-steel-cages/index.html[22m [2m(+23ms)[22m 
[2m22:31:27[22m   [34m├─[39m [2m/consumables/scroll-havoc-and-malice/index.html[22m [2m(+22ms)[22m 
[2m22:31:27[22m   [34m├─[39m [2m/consumables/scroll-heavy-weight-truncheon/index.html[22m [2m(+23ms)[22m 
[2m22:31:27[22m   [34m├─[39m [2m/consumables/scroll-hyena-fur-armor/index.html[22m [2m(+22ms)[22m 
[2m22:31:27[22m   [34m├─[39m [2m/consumables/scroll-khari-overseer-armor/index.html[22m [2m(+23ms)[22m 
[2m22:31:27[22m   [34m├─[39m [2m/consumables/scroll-khari-raider-armor/index.html[22m [2m(+23ms)[22m 
[2m22:31:27[22m   [34m├─[39m [2m/consumables/scroll-khari-soldier-armor/index.html[22m [2m(+23ms)[22m 
[2m22:31:27[22m   [34m├─[39m [2m/consumables/scroll-khari-weaponry/index.html[22m [2m(+22ms)[22m 
[2m22:31:27[22m   [34m├─[39m [2m/consumables/scroll-khitan-exiles-tribute-basin/index.html[22m [2m(+23ms)[22m 
[2m22:31:27[22m   [34m├─[39m [2m/consumables/scroll-kiln/index.html[22m [2m(+23ms)[22m 
[2m22:31:27[22m   [34m├─[39m [2m/consumables/scroll-kinscourge-statue/index.html[22m [2m(+23ms)[22m 
[2m22:31:27[22m   [34m├─[39m [2m/consumables/scroll-legatus-primus/index.html[22m [2m(+23ms)[22m 
[2m22:31:27[22m   [34m├─[39m [2m/consumables/scroll-lemurian-brazier/index.html[22m [2m(+22ms)[22m 
[2m22:31:27[22m   [34m├─[39m [2m/consumables/scroll-library-of-esoteric-knowledge/index.html[22m [2m(+23ms)[22m 
[2m22:31:27[22m   [34m├─[39m [2m/consumables/scroll-merchant-signs/index.html[22m [2m(+24ms)[22m 
[2m22:31:27[22m   [34m├─[39m [2m/consumables/scroll-midnight-alchemist/index.html[22m [2m(+23ms)[22m 
[2m22:31:27[22m   [34m├─[39m [2m/consumables/scroll-mountaineer/index.html[22m [2m(+23ms)[22m 
[2m22:31:27[22m   [34m├─[39m [2m/consumables/scroll-paranoid-relic-hunter-armor/index.html[22m [2m(+22ms)[22m 
[2m22:31:27[22m   [34m├─[39m [2m/consumables/scroll-parchments/index.html[22m [2m(+23ms)[22m 
[2m22:31:27[22m   [34m├─[39m [2m/consumables/scroll-petrified-egg/index.html[22m [2m(+24ms)[22m 
[2m22:31:27[22m   [34m├─[39m [2m/consumables/scroll-pirate-banners/index.html[22m [2m(+24ms)[22m 
[2m22:31:27[22m   [34m├─[39m [2m/consumables/scroll-pirate-cuisine/index.html[22m [2m(+23ms)[22m 
[2m22:31:28[22m   [34m├─[39m [2m/consumables/scroll-practice-swords/index.html[22m [2m(+23ms)[22m 
[2m22:31:28[22m   [34m├─[39m [2m/consumables/scroll-pride-of-aesir-variant-a/index.html[22m [2m(+22ms)[22m 
[2m22:31:28[22m   [34m├─[39m [2m/consumables/scroll-pride-of-aesir-variant-b/index.html[22m [2m(+23ms)[22m 
[2m22:31:28[22m   [34m├─[39m [2m/consumables/scroll-red-bioluminescent-mushroom/index.html[22m [2m(+23ms)[22m 
[2m22:31:28[22m   [34m├─[39m [2m/consumables/scroll-red-brocade-fireworks/index.html[22m [2m(+23ms)[22m 
[2m22:31:28[22m   [34m├─[39m [2m/consumables/scroll-reinforced-stool/index.html[22m [2m(+22ms)[22m 
[2m22:31:28[22m   [34m├─[39m [2m/consumables/scroll-relic-hunter-armor/index.html[22m [2m(+22ms)[22m 
[2m22:31:28[22m   [34m├─[39m [2m/consumables/scroll-relic-hunter-banners/index.html[22m [2m(+23ms)[22m 
[2m22:31:28[22m   [34m├─[39m [2m/consumables/scroll-reptile-leather-epic/index.html[22m [2m(+24ms)[22m 
[2m22:31:28[22m   [34m├─[39m [2m/consumables/scroll-scorpion-queen-venom/index.html[22m [2m(+22ms)[22m 
[2m22:31:28[22m   [34m├─[39m [2m/consumables/scroll-serpentmen-statues/index.html[22m [2m(+23ms)[22m 
[2m22:31:28[22m   [34m├─[39m [2m/consumables/scroll-skelos-armor/index.html[22m [2m(+23ms)[22m 
[2m22:31:28[22m   [34m├─[39m [2m/consumables/scroll-skelos-cultist-master/index.html[22m [2m(+23ms)[22m 
[2m22:31:28[22m   [34m├─[39m [2m/consumables/scroll-skull-warhammer/index.html[22m [2m(+22ms)[22m 
[2m22:31:28[22m   [34m├─[39m [2m/consumables/scroll-skulltaker/index.html[22m [2m(+22ms)[22m 
[2m22:31:28[22m   [34m├─[39m [2m/consumables/scroll-specialist-ammunition-iv/index.html[22m [2m(+23ms)[22m 
[2m22:31:28[22m   [34m├─[39m [2m/consumables/scroll-specialist-brewing-i/index.html[22m [2m(+23ms)[22m 
[2m22:31:28[22m   [34m├─[39m [2m/consumables/scroll-specialist-brewing-ii/index.html[22m [2m(+22ms)[22m 
[2m22:31:28[22m   [34m├─[39m [2m/consumables/scroll-specialist-brewing-iii/index.html[22m [2m(+23ms)[22m 
[2m22:31:28[22m   [34m├─[39m [2m/consumables/scroll-specialist-cooking-i/index.html[22m [2m(+23ms)[22m 
[2m22:31:28[22m   [34m├─[39m [2m/consumables/scroll-specialist-cooking-ii/index.html[22m [2m(+22ms)[22m 
[2m22:31:28[22m   [34m├─[39m [2m/consumables/scroll-specialist-cooking-iii/index.html[22m [2m(+22ms)[22m 
[2m22:31:28[22m   [34m├─[39m [2m/consumables/scroll-specialist-cooking-iv/index.html[22m [2m(+23ms)[22m 
[2m22:31:28[22m   [34m├─[39m [2m/consumables/scroll-specialist-cooking-ix/index.html[22m [2m(+23ms)[22m 
[2m22:31:28[22m   [34m├─[39m [2m/consumables/scroll-specialist-cooking-v/index.html[22m [2m(+22ms)[22m 
[2m22:31:28[22m   [34m├─[39m [2m/consumables/scroll-specialist-cooking-vi/index.html[22m [2m(+22ms)[22m 
[2m22:31:28[22m   [34m├─[39m [2m/consumables/scroll-specialist-cooking-vii/index.html[22m [2m(+23ms)[22m 
[2m22:31:28[22m   [34m├─[39m [2m/consumables/scroll-specialist-cooking-viii/index.html[22m [2m(+22ms)[22m 
[2m22:31:28[22m   [34m├─[39m [2m/consumables/scroll-specialist-cooking-x/index.html[22m [2m(+23ms)[22m 
[2m22:31:28[22m   [34m├─[39m [2m/consumables/scroll-spike-trap/index.html[22m [2m(+23ms)[22m 
[2m22:31:28[22m   [34m├─[39m [2m/consumables/scroll-statue-of-jhebbal-sag/index.html[22m [2m(+23ms)[22m 
[2m22:31:28[22m   [34m├─[39m [2m/consumables/scroll-stygian-alchemy/index.html[22m [2m(+24ms)[22m 
[2m22:31:28[22m   [34m├─[39m [2m/consumables/scroll-stygian-slave-wain/index.html[22m [2m(+22ms)[22m 
[2m22:31:28[22m   [34m├─[39m [2m/consumables/scroll-table-leg/index.html[22m [2m(+23ms)[22m 
[2m22:31:28[22m   [34m├─[39m [2m/consumables/scroll-tablet-of-power/index.html[22m [2m(+23ms)[22m 
[2m22:31:28[22m   [34m├─[39m [2m/consumables/scroll-the-glasser/index.html[22m [2m(+23ms)[22m 
[2m22:31:28[22m   [34m├─[39m [2m/consumables/scroll-throne-of-jhebbal-sag/index.html[22m [2m(+22ms)[22m 
[2m22:31:28[22m   [34m├─[39m [2m/consumables/scroll-throne-of-skelos/index.html[22m [2m(+23ms)[22m 
[2m22:31:28[22m   [34m├─[39m [2m/consumables/scroll-totems/index.html[22m [2m(+23ms)[22m 
[2m22:31:28[22m   [34m├─[39m [2m/consumables/scroll-vehemence-elixir/index.html[22m [2m(+23ms)[22m 
[2m22:31:28[22m   [34m├─[39m [2m/consumables/scroll-venom-infused-daggers/index.html[22m [2m(+22ms)[22m 
[2m22:31:28[22m   [34m├─[39m [2m/consumables/scroll-venom-infused-pike/index.html[22m [2m(+23ms)[22m 
[2m22:31:28[22m   [34m├─[39m [2m/consumables/scroll-venom-infused-sword/index.html[22m [2m(+23ms)[22m 
[2m22:31:28[22m   [34m├─[39m [2m/consumables/scroll-venom-infused-two-handed-sword/index.html[22m [2m(+23ms)[22m 
[2m22:31:29[22m   [34m├─[39m [2m/consumables/scroll-venom-infused-war-axe/index.html[22m [2m(+23ms)[22m 
[2m22:31:29[22m   [34m├─[39m [2m/consumables/scroll-voidforge-arrows/index.html[22m [2m(+23ms)[22m 
[2m22:31:29[22m   [34m├─[39m [2m/consumables/scroll-voidforge-bow/index.html[22m [2m(+22ms)[22m 
[2m22:31:29[22m   [34m├─[39m [2m/consumables/scroll-voidforge-gladius/index.html[22m [2m(+22ms)[22m 
[2m22:31:29[22m   [34m├─[39m [2m/consumables/scroll-voidforge-great-axe/index.html[22m [2m(+23ms)[22m 
[2m22:31:29[22m   [34m├─[39m [2m/consumables/scroll-voidforge-great-sword/index.html[22m [2m(+22ms)[22m 
[2m22:31:29[22m   [34m├─[39m [2m/consumables/scroll-voidforge-grenade/index.html[22m [2m(+22ms)[22m 
[2m22:31:29[22m   [34m├─[39m [2m/consumables/scroll-voidforge-katana/index.html[22m [2m(+23ms)[22m 
[2m22:31:29[22m   [34m├─[39m [2m/consumables/scroll-voidforge-kris/index.html[22m [2m(+23ms)[22m 
[2m22:31:29[22m   [34m├─[39m [2m/consumables/scroll-voidforge-mace/index.html[22m [2m(+22ms)[22m 
[2m22:31:29[22m   [34m├─[39m [2m/consumables/scroll-voidforge-pike/index.html[22m [2m(+22ms)[22m 
[2m22:31:29[22m   [34m├─[39m [2m/consumables/scroll-voidforge-shield/index.html[22m [2m(+23ms)[22m 
[2m22:31:29[22m   [34m├─[39m [2m/consumables/scroll-voidforge-sword/index.html[22m [2m(+23ms)[22m 
[2m22:31:29[22m   [34m├─[39m [2m/consumables/scroll-voidforge-war-axe/index.html[22m [2m(+22ms)[22m 
[2m22:31:29[22m   [34m├─[39m [2m/consumables/scroll-voidforge-war-hammer/index.html[22m [2m(+22ms)[22m 
[2m22:31:29[22m   [34m├─[39m [2m/consumables/scroll-wall-paint---boar/index.html[22m [2m(+23ms)[22m 
[2m22:31:29[22m   [34m├─[39m [2m/consumables/scroll-wall-paint---gorilla/index.html[22m [2m(+22ms)[22m 
[2m22:31:29[22m   [34m├─[39m [2m/consumables/scroll-wall-paint---mammoth/index.html[22m [2m(+22ms)[22m 
[2m22:31:29[22m   [34m├─[39m [2m/consumables/scroll-wall-paint---panther/index.html[22m [2m(+22ms)[22m 
[2m22:31:29[22m   [34m├─[39m [2m/consumables/scroll-wall-paint---rhino/index.html[22m [2m(+23ms)[22m 
[2m22:31:29[22m   [34m├─[39m [2m/consumables/scroll-wall-paint---werehyena/index.html[22m [2m(+23ms)[22m 
[2m22:31:29[22m   [34m├─[39m [2m/consumables/scroll-waymarkers/index.html[22m [2m(+22ms)[22m 
[2m22:31:29[22m   [34m├─[39m [2m/consumables/scroll-weapon-oils/index.html[22m [2m(+22ms)[22m 
[2m22:31:29[22m   [34m├─[39m [2m/consumables/scroll-whirlwind-blades/index.html[22m [2m(+22ms)[22m 
[2m22:31:29[22m   [34m├─[39m [2m/consumables/scroll-witch-doctor/index.html[22m [2m(+23ms)[22m 
[2m22:31:29[22m   [34m├─[39m [2m/consumables/scroll-yoggite-chosen-mask/index.html[22m [2m(+22ms)[22m 
[2m22:31:29[22m   [34m├─[39m [2m/consumables/sea-salted-fodder/index.html[22m [2m(+22ms)[22m 
[2m22:31:29[22m   [34m├─[39m [2m/consumables/sealed-waterskin/index.html[22m [2m(+22ms)[22m 
[2m22:31:29[22m   [34m├─[39m [2m/consumables/seed-soup/index.html[22m [2m(+23ms)[22m 
[2m22:31:29[22m   [34m├─[39m [2m/consumables/seeds/index.html[22m [2m(+22ms)[22m 
[2m22:31:29[22m   [34m├─[39m [2m/consumables/set-antidote/index.html[22m [2m(+22ms)[22m 
[2m22:31:29[22m   [34m├─[39m [2m/consumables/shadespiced-amanita-mushrooms/index.html[22m [2m(+22ms)[22m 
[2m22:31:29[22m   [34m├─[39m [2m/consumables/shadespiced-bark/index.html[22m [2m(+23ms)[22m 
[2m22:31:29[22m   [34m├─[39m [2m/consumables/shadespiced-corrupted-flesh/index.html[22m [2m(+22ms)[22m 
[2m22:31:29[22m   [34m├─[39m [2m/consumables/shadespiced-crystal/index.html[22m [2m(+23ms)[22m 
[2m22:31:29[22m   [34m├─[39m [2m/consumables/shadespiced-demon-blood/index.html[22m [2m(+23ms)[22m 
[2m22:31:29[22m   [34m├─[39m [2m/consumables/shadespiced-desert-berries/index.html[22m [2m(+23ms)[22m 
[2m22:31:29[22m   [34m├─[39m [2m/consumables/shadespiced-fat-grub/index.html[22m [2m(+22ms)[22m 
[2m22:31:29[22m   [34m├─[39m [2m/consumables/shadespiced-fatty-meat/index.html[22m [2m(+22ms)[22m 
[2m22:31:29[22m   [34m├─[39m [2m/consumables/shadespiced-fish/index.html[22m [2m(+23ms)[22m 
[2m22:31:29[22m   [34m├─[39m [2m/consumables/shadespiced-gold/index.html[22m [2m(+24ms)[22m 
[2m22:31:29[22m   [34m├─[39m [2m/consumables/shadespiced-gold-dust/index.html[22m [2m(+22ms)[22m 
[2m22:31:29[22m   [34m├─[39m [2m/consumables/shadespiced-highland-berries/index.html[22m [2m(+23ms)[22m 
[2m22:31:29[22m   [34m├─[39m [2m/consumables/shadespiced-honey/index.html[22m [2m(+23ms)[22m 
[2m22:31:30[22m   [34m├─[39m [2m/consumables/shadespiced-human-flesh/index.html[22m [2m(+23ms)[22m 
[2m22:31:30[22m   [34m├─[39m [2m/consumables/shadespiced-insects/index.html[22m [2m(+23ms)[22m 
[2m22:31:30[22m   [34m├─[39m [2m/consumables/shadespiced-iron-ore/index.html[22m [2m(+22ms)[22m 
[2m22:31:30[22m   [34m├─[39m [2m/consumables/shadespiced-oily-fish/index.html[22m [2m(+22ms)[22m 
[2m22:31:30[22m   [34m├─[39m [2m/consumables/shadespiced-perfect-cut-of-meat/index.html[22m [2m(+23ms)[22m 
[2m22:31:30[22m   [34m├─[39m [2m/consumables/shadespiced-plant-fiber/index.html[22m [2m(+23ms)[22m 
[2m22:31:30[22m   [34m├─[39m [2m/consumables/shadespiced-puffer-mushrooms/index.html[22m [2m(+22ms)[22m 
[2m22:31:30[22m   [34m├─[39m [2m/consumables/shadespiced-raw-stringy-meat/index.html[22m [2m(+22ms)[22m 
[2m22:31:30[22m   [34m├─[39m [2m/consumables/shadespiced-raw-succulent-meat/index.html[22m [2m(+23ms)[22m 
[2m22:31:30[22m   [34m├─[39m [2m/consumables/shadespiced-raw-tough-meat/index.html[22m [2m(+23ms)[22m 
[2m22:31:30[22m   [34m├─[39m [2m/consumables/shadespiced-rotten-meat/index.html[22m [2m(+23ms)[22m 
[2m22:31:30[22m   [34m├─[39m [2m/consumables/shadespiced-rotten-shellfish/index.html[22m [2m(+22ms)[22m 
[2m22:31:30[22m   [34m├─[39m [2m/consumables/shadespiced-shellfish/index.html[22m [2m(+22ms)[22m 
[2m22:31:30[22m   [34m├─[39m [2m/consumables/shadespiced-silver/index.html[22m [2m(+23ms)[22m 
[2m22:31:30[22m   [34m├─[39m [2m/consumables/shadespiced-silver-dust/index.html[22m [2m(+22ms)[22m 
[2m22:31:30[22m   [34m├─[39m [2m/consumables/shadespiced-stone/index.html[22m [2m(+23ms)[22m 
[2m22:31:30[22m   [34m├─[39m [2m/consumables/shadespiced-succulent-fish/index.html[22m [2m(+23ms)[22m 
[2m22:31:30[22m   [34m├─[39m [2m/consumables/shadespiced-succulent-shellfish/index.html[22m [2m(+23ms)[22m 
[2m22:31:30[22m   [34m├─[39m [2m/consumables/shadespiced-vines/index.html[22m [2m(+22ms)[22m 
[2m22:31:30[22m   [34m├─[39m [2m/consumables/shredded-roast/index.html[22m [2m(+23ms)[22m 
[2m22:31:30[22m   [34m├─[39m [2m/consumables/shroom-beer/index.html[22m [2m(+23ms)[22m 
[2m22:31:30[22m   [34m├─[39m [2m/consumables/sigil-of-jhils-brood/index.html[22m [2m(+23ms)[22m 
[2m22:31:30[22m   [34m├─[39m [2m/consumables/sigil-of-the-bat/index.html[22m [2m(+22ms)[22m 
[2m22:31:30[22m   [34m├─[39m [2m/consumables/sigil-of-the-demon/index.html[22m [2m(+22ms)[22m 
[2m22:31:30[22m   [34m├─[39m [2m/consumables/sigil-of-the-drowned/index.html[22m [2m(+23ms)[22m 
[2m22:31:30[22m   [34m├─[39m [2m/consumables/sigil-of-the-fiend/index.html[22m [2m(+23ms)[22m 
[2m22:31:30[22m   [34m├─[39m [2m/consumables/sigil-of-the-goblin/index.html[22m [2m(+22ms)[22m 
[2m22:31:30[22m   [34m├─[39m [2m/consumables/sigil-of-the-gremlin/index.html[22m [2m(+22ms)[22m 
[2m22:31:30[22m   [34m├─[39m [2m/consumables/sigil-of-the-harpy/index.html[22m [2m(+23ms)[22m 
[2m22:31:30[22m   [34m├─[39m [2m/consumables/sigil-of-the-outsider/index.html[22m [2m(+23ms)[22m 
[2m22:31:30[22m   [34m├─[39m [2m/consumables/sigil-of-the-serpent/index.html[22m [2m(+22ms)[22m 
[2m22:31:30[22m   [34m├─[39m [2m/consumables/sigil-of-the-snakemen/index.html[22m [2m(+22ms)[22m 
[2m22:31:30[22m   [34m├─[39m [2m/consumables/sigil-of-the-twice-drowned/index.html[22m [2m(+23ms)[22m 
[2m22:31:30[22m   [34m├─[39m [2m/consumables/sigil-of-the-wolf-brothers/index.html[22m [2m(+23ms)[22m 
[2m22:31:30[22m   [34m├─[39m [2m/consumables/sigil-of-the-wolfmen/index.html[22m [2m(+22ms)[22m 
[2m22:31:30[22m   [34m├─[39m [2m/consumables/six-sided-die/index.html[22m [2m(+23ms)[22m 
[2m22:31:30[22m   [34m├─[39m [2m/consumables/skull-of-yog/index.html[22m [2m(+23ms)[22m 
[2m22:31:30[22m   [34m├─[39m [2m/consumables/small-scorpion/index.html[22m [2m(+23ms)[22m 
[2m22:31:30[22m   [34m├─[39m [2m/consumables/sorcerous-pet-food/index.html[22m [2m(+23ms)[22m 
[2m22:31:30[22m   [34m├─[39m [2m/consumables/soup/index.html[22m [2m(+23ms)[22m 
[2m22:31:30[22m   [34m├─[39m [2m/consumables/spiced-egg/index.html[22m [2m(+23ms)[22m 
[2m22:31:30[22m   [34m├─[39m [2m/consumables/spiced-exquisite-meat/index.html[22m [2m(+24ms)[22m 
[2m22:31:30[22m   [34m├─[39m [2m/consumables/spiced-fowl/index.html[22m [2m(+23ms)[22m 
[2m22:31:30[22m   [34m├─[39m [2m/consumables/spiced-haunch/index.html[22m [2m(+23ms)[22m 
[2m22:31:31[22m   [34m├─[39m [2m/consumables/spiced-oysters/index.html[22m [2m(+23ms)[22m 
[2m22:31:31[22m   [34m├─[39m [2m/consumables/spiced-pork/index.html[22m [2m(+22ms)[22m 
[2m22:31:31[22m   [34m├─[39m [2m/consumables/spiced-slivers/index.html[22m [2m(+22ms)[22m 
[2m22:31:31[22m   [34m├─[39m [2m/consumables/spiced-soup/index.html[22m [2m(+24ms)[22m 
[2m22:31:31[22m   [34m├─[39m [2m/consumables/spiced-steak/index.html[22m [2m(+23ms)[22m 
[2m22:31:31[22m   [34m├─[39m [2m/consumables/spiced-tea/index.html[22m [2m(+22ms)[22m 
[2m22:31:31[22m   [34m├─[39m [2m/consumables/spiced-and-shredded-roast/index.html[22m [2m(+23ms)[22m 
[2m22:31:31[22m   [34m├─[39m [2m/consumables/spicy-dried-fish-combo/index.html[22m [2m(+23ms)[22m 
[2m22:31:31[22m   [34m├─[39m [2m/consumables/spoiled-gruel/index.html[22m [2m(+23ms)[22m 
[2m22:31:31[22m   [34m├─[39m [2m/consumables/steak-and-eggs/index.html[22m [2m(+22ms)[22m 
[2m22:31:31[22m   [34m├─[39m [2m/consumables/stomach-sac/index.html[22m [2m(+23ms)[22m 
[2m22:31:31[22m   [34m├─[39m [2m/consumables/stutter-wraps/index.html[22m [2m(+23ms)[22m 
[2m22:31:31[22m   [34m├─[39m [2m/consumables/stygian-infantry-rations/index.html[22m [2m(+23ms)[22m 
[2m22:31:31[22m   [34m├─[39m [2m/consumables/stygian-liquor/index.html[22m [2m(+22ms)[22m 
[2m22:31:31[22m   [34m├─[39m [2m/consumables/stygian-recipe-stygian-army-rations/index.html[22m [2m(+24ms)[22m 
[2m22:31:31[22m   [34m├─[39m [2m/consumables/stygian-schematic-archer-post/index.html[22m [2m(+23ms)[22m 
[2m22:31:31[22m   [34m├─[39m [2m/consumables/stygian-schematic-battering-ram/index.html[22m [2m(+23ms)[22m 
[2m22:31:31[22m   [34m├─[39m [2m/consumables/stygian-schematic-burning-cauldron/index.html[22m [2m(+23ms)[22m 
[2m22:31:31[22m   [34m├─[39m [2m/consumables/stygian-schematic-elite-stygian-vanguard-armor/index.html[22m [2m(+22ms)[22m 
[2m22:31:31[22m   [34m├─[39m [2m/consumables/stygian-schematic-siege-foundation/index.html[22m [2m(+23ms)[22m 
[2m22:31:31[22m   [34m├─[39m [2m/consumables/stygian-schematic-stygian-coffer/index.html[22m [2m(+23ms)[22m 
[2m22:31:31[22m   [34m├─[39m [2m/consumables/stygian-schematic-stygian-strategist-table/index.html[22m [2m(+22ms)[22m 
[2m22:31:31[22m   [34m├─[39m [2m/consumables/stygian-schematic-stygian-vanguard-armor/index.html[22m [2m(+22ms)[22m 
[2m22:31:31[22m   [34m├─[39m [2m/consumables/supply-materials-variant-a/index.html[22m [2m(+23ms)[22m 
[2m22:31:31[22m   [34m├─[39m [2m/consumables/supply-materials-variant-b/index.html[22m [2m(+22ms)[22m 
[2m22:31:31[22m   [34m├─[39m [2m/consumables/supply-materials-variant-c/index.html[22m [2m(+22ms)[22m 
[2m22:31:31[22m   [34m├─[39m [2m/consumables/supply-materials-variant-d/index.html[22m [2m(+22ms)[22m 
[2m22:31:31[22m   [34m├─[39m [2m/consumables/supply-materials-variant-e/index.html[22m [2m(+23ms)[22m 
[2m22:31:31[22m   [34m├─[39m [2m/consumables/supply-materials-variant-f/index.html[22m [2m(+23ms)[22m 
[2m22:31:31[22m   [34m├─[39m [2m/consumables/supply-materials-variant-g/index.html[22m [2m(+22ms)[22m 
[2m22:31:31[22m   [34m├─[39m [2m/consumables/supply-materials-variant-h/index.html[22m [2m(+23ms)[22m 
[2m22:31:31[22m   [34m├─[39m [2m/consumables/supply-materials-variant-i/index.html[22m [2m(+23ms)[22m 
[2m22:31:31[22m   [34m├─[39m [2m/consumables/supply-materials-variant-j/index.html[22m [2m(+22ms)[22m 
[2m22:31:31[22m   [34m├─[39m [2m/consumables/survival-kit/index.html[22m [2m(+22ms)[22m 
[2m22:31:31[22m   [34m├─[39m [2m/consumables/survivors-waterskin/index.html[22m [2m(+23ms)[22m 
[2m22:31:31[22m   [34m├─[39m [2m/consumables/tablet-of-derketo/index.html[22m [2m(+23ms)[22m 
[2m22:31:31[22m   [34m├─[39m [2m/consumables/tablet-of-power/index.html[22m [2m(+22ms)[22m 
[2m22:31:31[22m   [34m├─[39m [2m/consumables/tainted-fodder/index.html[22m [2m(+22ms)[22m 
[2m22:31:31[22m   [34m├─[39m [2m/consumables/tapestry-of-zath/index.html[22m [2m(+23ms)[22m 
[2m22:31:31[22m   [34m├─[39m [2m/consumables/tears-of-gullah/index.html[22m [2m(+22ms)[22m 
[2m22:31:31[22m   [34m├─[39m [2m/consumables/ten-sided-die/index.html[22m [2m(+23ms)[22m 
[2m22:31:31[22m   [34m├─[39m [2m/consumables/the-daughter-of-ymir/index.html[22m [2m(+22ms)[22m 
[2m22:31:31[22m   [34m├─[39m [2m/consumables/the-mastodonts-tower/index.html[22m [2m(+23ms)[22m 
[2m22:31:31[22m   [34m├─[39m [2m/consumables/thinkers-notes/index.html[22m [2m(+22ms)[22m 
[2m22:31:32[22m   [34m├─[39m [2m/consumables/time-of-the-scaled-lizard/index.html[22m [2m(+22ms)[22m 
[2m22:31:32[22m   [34m├─[39m [2m/consumables/tinkers-notebook/index.html[22m [2m(+23ms)[22m 
[2m22:31:32[22m   [34m├─[39m [2m/consumables/totemic-fodder/index.html[22m [2m(+24ms)[22m 
[2m22:31:32[22m   [34m├─[39m [2m/consumables/trail-jerky/index.html[22m [2m(+22ms)[22m 
[2m22:31:32[22m   [34m├─[39m [2m/consumables/true-name-of-derketo-variant-a/index.html[22m [2m(+22ms)[22m 
[2m22:31:32[22m   [34m├─[39m [2m/consumables/true-name-of-derketo-variant-b/index.html[22m [2m(+22ms)[22m 
[2m22:31:32[22m   [34m├─[39m [2m/consumables/true-name-of-jhebbal-sag-variant-a/index.html[22m [2m(+23ms)[22m 
[2m22:31:32[22m   [34m├─[39m [2m/consumables/true-name-of-jhebbal-sag-variant-b/index.html[22m [2m(+23ms)[22m 
[2m22:31:32[22m   [34m├─[39m [2m/consumables/true-name-of-mitra-variant-a/index.html[22m [2m(+23ms)[22m 
[2m22:31:32[22m   [34m├─[39m [2m/consumables/true-name-of-mitra-variant-b/index.html[22m [2m(+23ms)[22m 
[2m22:31:32[22m   [34m├─[39m [2m/consumables/true-name-of-set-variant-a/index.html[22m [2m(+23ms)[22m 
[2m22:31:32[22m   [34m├─[39m [2m/consumables/true-name-of-set-variant-b/index.html[22m [2m(+23ms)[22m 
[2m22:31:32[22m   [34m├─[39m [2m/consumables/true-name-of-ymir-variant-a/index.html[22m [2m(+23ms)[22m 
[2m22:31:32[22m   [34m├─[39m [2m/consumables/true-name-of-ymir-variant-b/index.html[22m [2m(+22ms)[22m 
[2m22:31:32[22m   [34m├─[39m [2m/consumables/true-name-of-yog/index.html[22m [2m(+23ms)[22m 
[2m22:31:32[22m   [34m├─[39m [2m/consumables/true-name-of-zath/index.html[22m [2m(+23ms)[22m 
[2m22:31:32[22m   [34m├─[39m [2m/consumables/turanian-fodder/index.html[22m [2m(+23ms)[22m 
[2m22:31:32[22m   [34m├─[39m [2m/consumables/twelve-sided-die/index.html[22m [2m(+22ms)[22m 
[2m22:31:32[22m   [34m├─[39m [2m/consumables/twenty-sided-die/index.html[22m [2m(+23ms)[22m 
[2m22:31:32[22m   [34m├─[39m [2m/consumables/unappetizing-fish/index.html[22m [2m(+23ms)[22m 
[2m22:31:32[22m   [34m├─[39m [2m/consumables/unappetizing-shellfish/index.html[22m [2m(+23ms)[22m 
[2m22:31:32[22m   [34m├─[39m [2m/consumables/unblemished-human-meat/index.html[22m [2m(+23ms)[22m 
[2m22:31:32[22m   [34m├─[39m [2m/consumables/vehemence-elixir/index.html[22m [2m(+22ms)[22m 
[2m22:31:32[22m   [34m├─[39m [2m/consumables/venom-sac/index.html[22m [2m(+23ms)[22m 
[2m22:31:32[22m   [34m├─[39m [2m/consumables/violet-curative/index.html[22m [2m(+23ms)[22m 
[2m22:31:32[22m   [34m├─[39m [2m/consumables/war-torn-fodder/index.html[22m [2m(+22ms)[22m 
[2m22:31:32[22m   [34m├─[39m [2m/consumables/weak-aloe-extract/index.html[22m [2m(+22ms)[22m 
[2m22:31:32[22m   [34m├─[39m [2m/consumables/weapon-schematic-acidic-knives/index.html[22m [2m(+23ms)[22m 
[2m22:31:32[22m   [34m├─[39m [2m/consumables/weapon-schematic-angerspike/index.html[22m [2m(+23ms)[22m 
[2m22:31:32[22m   [34m├─[39m [2m/consumables/weapon-schematic-axe-of-the-adventurer/index.html[22m [2m(+23ms)[22m 
[2m22:31:32[22m   [34m├─[39m [2m/consumables/weapon-schematic-axe-of-the-savage/index.html[22m [2m(+22ms)[22m 
[2m22:31:32[22m   [34m├─[39m [2m/consumables/weapon-schematic-bad-karma/index.html[22m [2m(+22ms)[22m 
[2m22:31:32[22m   [34m├─[39m [2m/consumables/weapon-schematic-balancing-daggers/index.html[22m [2m(+23ms)[22m 
[2m22:31:32[22m   [34m├─[39m [2m/consumables/weapon-schematic-bane-of-the-dead/index.html[22m [2m(+22ms)[22m 
[2m22:31:32[22m   [34m├─[39m [2m/consumables/weapon-schematic-barbaric-great-sword/index.html[22m [2m(+22ms)[22m 
[2m22:31:32[22m   [34m├─[39m [2m/consumables/weapon-schematic-berserkers-blade/index.html[22m [2m(+22ms)[22m 
[2m22:31:32[22m   [34m├─[39m [2m/consumables/weapon-schematic-bite/index.html[22m [2m(+24ms)[22m 
[2m22:31:32[22m   [34m├─[39m [2m/consumables/weapon-schematic-bitter-bite/index.html[22m [2m(+22ms)[22m 
[2m22:31:32[22m   [34m├─[39m [2m/consumables/weapon-schematic-blasphemous-spear/index.html[22m [2m(+23ms)[22m 
[2m22:31:32[22m   [34m├─[39m [2m/consumables/weapon-schematic-bloodsoaked-daggers/index.html[22m [2m(+23ms)[22m 
[2m22:31:32[22m   [34m├─[39m [2m/consumables/weapon-schematic-blunt-daggers/index.html[22m [2m(+22ms)[22m 
[2m22:31:32[22m   [34m├─[39m [2m/consumables/weapon-schematic-bonebreaker-mace/index.html[22m [2m(+22ms)[22m 
[2m22:31:32[22m   [34m├─[39m [2m/consumables/weapon-schematic-bonesplinter-bow/index.html[22m [2m(+23ms)[22m 
[2m22:31:32[22m   [34m├─[39m [2m/consumables/weapon-schematic-bright-slice/index.html[22m [2m(+23ms)[22m 
[2m22:31:33[22m   [34m├─[39m [2m/consumables/weapon-schematic-coldheart/index.html[22m [2m(+22ms)[22m 
[2m22:31:33[22m   [34m├─[39m [2m/consumables/weapon-schematic-corroding-sword/index.html[22m [2m(+23ms)[22m 
[2m22:31:33[22m   [34m├─[39m [2m/consumables/weapon-schematic-corruptor-of-souls/index.html[22m [2m(+23ms)[22m 
[2m22:31:33[22m   [34m├─[39m [2m/consumables/weapon-schematic-curved-blade-of-the-legion/index.html[22m [2m(+23ms)[22m 
[2m22:31:33[22m   [34m├─[39m [2m/consumables/weapon-schematic-daggers-of-the-legion/index.html[22m [2m(+23ms)[22m 
[2m22:31:33[22m   [34m├─[39m [2m/consumables/weapon-schematic-daggers-of-the-warsmith/index.html[22m [2m(+23ms)[22m 
[2m22:31:33[22m   [34m├─[39m [2m/consumables/weapon-schematic-death-to-trees/index.html[22m [2m(+23ms)[22m 
[2m22:31:33[22m   [34m├─[39m [2m/consumables/weapon-schematic-deceiver/index.html[22m [2m(+23ms)[22m 
[2m22:31:33[22m   [34m├─[39m [2m/consumables/weapon-schematic-depraved-spear/index.html[22m [2m(+23ms)[22m 
[2m22:31:33[22m   [34m├─[39m [2m/consumables/weapon-schematic-despicable-maul/index.html[22m [2m(+23ms)[22m 
[2m22:31:33[22m   [34m├─[39m [2m/consumables/weapon-schematic-draining-knives/index.html[22m [2m(+23ms)[22m 
[2m22:31:33[22m   [34m├─[39m [2m/consumables/weapon-schematic-draining-maul/index.html[22m [2m(+23ms)[22m 
[2m22:31:33[22m   [34m├─[39m [2m/consumables/weapon-schematic-draining-will/index.html[22m [2m(+23ms)[22m 
[2m22:31:33[22m   [34m├─[39m [2m/consumables/weapon-schematic-dripping-longsword/index.html[22m [2m(+23ms)[22m 
[2m22:31:33[22m   [34m├─[39m [2m/consumables/weapon-schematic-enraged-sword/index.html[22m [2m(+23ms)[22m 
[2m22:31:33[22m   [34m├─[39m [2m/consumables/weapon-schematic-eye-piercer/index.html[22m [2m(+23ms)[22m 
[2m22:31:33[22m   [34m├─[39m [2m/consumables/weapon-schematic-fervor/index.html[22m [2m(+23ms)[22m 
[2m22:31:33[22m   [34m├─[39m [2m/consumables/weapon-schematic-fever/index.html[22m [2m(+24ms)[22m 
[2m22:31:33[22m   [34m├─[39m [2m/consumables/weapon-schematic-fleshtearer/index.html[22m [2m(+24ms)[22m 
[2m22:31:33[22m   [34m├─[39m [2m/consumables/weapon-schematic-frenzied-bow/index.html[22m [2m(+22ms)[22m 
[2m22:31:33[22m   [34m├─[39m [2m/consumables/weapon-schematic-frenzied-edge/index.html[22m [2m(+23ms)[22m 
[2m22:31:33[22m   [34m├─[39m [2m/consumables/weapon-schematic-gouging-blade/index.html[22m [2m(+23ms)[22m 
[2m22:31:33[22m   [34m├─[39m [2m/consumables/weapon-schematic-gravebane/index.html[22m [2m(+23ms)[22m 
[2m22:31:33[22m   [34m├─[39m [2m/consumables/weapon-schematic-great-axe-of-the-legion/index.html[22m [2m(+23ms)[22m 
[2m22:31:33[22m   [34m├─[39m [2m/consumables/weapon-schematic-great-sword-of-the-legion/index.html[22m [2m(+23ms)[22m 
[2m22:31:33[22m   [34m├─[39m [2m/consumables/weapon-schematic-grief/index.html[22m [2m(+23ms)[22m 
[2m22:31:33[22m   [34m├─[39m [2m/consumables/weapon-schematic-guardsmans-sword/index.html[22m [2m(+23ms)[22m 
[2m22:31:33[22m   [34m├─[39m [2m/consumables/weapon-schematic-hamstringing-great-axe/index.html[22m [2m(+23ms)[22m 
[2m22:31:33[22m   [34m├─[39m [2m/consumables/weapon-schematic-harm/index.html[22m [2m(+23ms)[22m 
[2m22:31:33[22m   [34m├─[39m [2m/consumables/weapon-schematic-headache/index.html[22m [2m(+22ms)[22m 
[2m22:31:33[22m   [34m├─[39m [2m/consumables/weapon-schematic-headcracker/index.html[22m [2m(+22ms)[22m 
[2m22:31:33[22m   [34m├─[39m [2m/consumables/weapon-schematic-heartfreezer/index.html[22m [2m(+23ms)[22m 
[2m22:31:33[22m   [34m├─[39m [2m/consumables/weapon-schematic-hearthblade/index.html[22m [2m(+23ms)[22m 
[2m22:31:33[22m   [34m├─[39m [2m/consumables/weapon-schematic-heritance/index.html[22m [2m(+23ms)[22m 
[2m22:31:33[22m   [34m├─[39m [2m/consumables/weapon-schematic-hunters-spear/index.html[22m [2m(+23ms)[22m 
[2m22:31:33[22m   [34m├─[39m [2m/consumables/weapon-schematic-huntress/index.html[22m [2m(+24ms)[22m 
[2m22:31:33[22m   [34m├─[39m [2m/consumables/weapon-schematic-ice-core/index.html[22m [2m(+23ms)[22m 
[2m22:31:33[22m   [34m├─[39m [2m/consumables/weapon-schematic-impaling-spear/index.html[22m [2m(+23ms)[22m 
[2m22:31:33[22m   [34m├─[39m [2m/consumables/weapon-schematic-legslicer/index.html[22m [2m(+22ms)[22m 
[2m22:31:33[22m   [34m├─[39m [2m/consumables/weapon-schematic-lion-slayer/index.html[22m [2m(+23ms)[22m 
[2m22:31:33[22m   [34m├─[39m [2m/consumables/weapon-schematic-long-shortsword/index.html[22m [2m(+23ms)[22m 
[2m22:31:33[22m   [34m├─[39m [2m/consumables/weapon-schematic-longshot/index.html[22m [2m(+22ms)[22m 
[2m22:31:33[22m   [34m├─[39m [2m/consumables/weapon-schematic-mace-of-the-legion/index.html[22m [2m(+23ms)[22m 
[2m22:31:34[22m   [34m├─[39m [2m/consumables/weapon-schematic-massacre/index.html[22m [2m(+22ms)[22m 
[2m22:31:34[22m   [34m├─[39m [2m/consumables/weapon-schematic-masterful-bow/index.html[22m [2m(+22ms)[22m 
[2m22:31:34[22m   [34m├─[39m [2m/consumables/weapon-schematic-mercenary/index.html[22m [2m(+22ms)[22m 
[2m22:31:34[22m   [34m├─[39m [2m/consumables/weapon-schematic-metal-eater/index.html[22m [2m(+23ms)[22m 
[2m22:31:34[22m   [34m├─[39m [2m/consumables/weapon-schematic-night-light/index.html[22m [2m(+23ms)[22m 
[2m22:31:34[22m   [34m├─[39m [2m/consumables/weapon-schematic-once-upon-a-string/index.html[22m [2m(+22ms)[22m 
[2m22:31:34[22m   [34m├─[39m [2m/consumables/weapon-schematic-penetrator/index.html[22m [2m(+23ms)[22m 
[2m22:31:34[22m   [34m├─[39m [2m/consumables/weapon-schematic-pike-of-the-legion/index.html[22m [2m(+23ms)[22m 
[2m22:31:34[22m   [34m├─[39m [2m/consumables/weapon-schematic-razorshard/index.html[22m [2m(+24ms)[22m 
[2m22:31:34[22m   [34m├─[39m [2m/consumables/weapon-schematic-reach-of-the-warrior/index.html[22m [2m(+23ms)[22m 
[2m22:31:34[22m   [34m├─[39m [2m/consumables/weapon-schematic-rebel/index.html[22m [2m(+23ms)[22m 
[2m22:31:34[22m   [34m├─[39m [2m/consumables/weapon-schematic-revealed-truth/index.html[22m [2m(+22ms)[22m 
[2m22:31:34[22m   [34m├─[39m [2m/consumables/weapon-schematic-rime/index.html[22m [2m(+23ms)[22m 
[2m22:31:34[22m   [34m├─[39m [2m/consumables/weapon-schematic-ripping-great-axe/index.html[22m [2m(+23ms)[22m 
[2m22:31:34[22m   [34m├─[39m [2m/consumables/weapon-schematic-rushing-edge/index.html[22m [2m(+23ms)[22m 
[2m22:31:34[22m   [34m├─[39m [2m/consumables/weapon-schematic-sapping-blade/index.html[22m [2m(+23ms)[22m 
[2m22:31:34[22m   [34m├─[39m [2m/consumables/weapon-schematic-scepter-of-the-unclean/index.html[22m [2m(+23ms)[22m 
[2m22:31:34[22m   [34m├─[39m [2m/consumables/weapon-schematic-shines-like-silver/index.html[22m [2m(+23ms)[22m 
[2m22:31:34[22m   [34m├─[39m [2m/consumables/weapon-schematic-short-sword-of-the-legion/index.html[22m [2m(+23ms)[22m 
[2m22:31:34[22m   [34m├─[39m [2m/consumables/weapon-schematic-slayers-blades/index.html[22m [2m(+23ms)[22m 
[2m22:31:34[22m   [34m├─[39m [2m/consumables/weapon-schematic-song-of-iron/index.html[22m [2m(+23ms)[22m 
[2m22:31:34[22m   [34m├─[39m [2m/consumables/weapon-schematic-sorcerers-great-axe/index.html[22m [2m(+24ms)[22m 
[2m22:31:34[22m   [34m├─[39m [2m/consumables/weapon-schematic-sovereign/index.html[22m [2m(+22ms)[22m 
[2m22:31:34[22m   [34m├─[39m [2m/consumables/weapon-schematic-spire/index.html[22m [2m(+23ms)[22m 
[2m22:31:34[22m   [34m├─[39m [2m/consumables/weapon-schematic-strange-mace/index.html[22m [2m(+22ms)[22m 
[2m22:31:34[22m   [34m├─[39m [2m/consumables/weapon-schematic-string-of-the-legion/index.html[22m [2m(+22ms)[22m 
[2m22:31:34[22m   [34m├─[39m [2m/consumables/weapon-schematic-sunburn/index.html[22m [2m(+23ms)[22m 
[2m22:31:34[22m   [34m├─[39m [2m/consumables/weapon-schematic-surprise-blow/index.html[22m [2m(+22ms)[22m 
[2m22:31:34[22m   [34m├─[39m [2m/consumables/weapon-schematic-survivors-axe/index.html[22m [2m(+23ms)[22m 
[2m22:31:34[22m   [34m├─[39m [2m/consumables/weapon-schematic-swift-blow/index.html[22m [2m(+23ms)[22m 
[2m22:31:34[22m   [34m├─[39m [2m/consumables/weapon-schematic-sword-of-the-legion/index.html[22m [2m(+23ms)[22m 
[2m22:31:34[22m   [34m├─[39m [2m/consumables/weapon-schematic-sword-of-the-reaver/index.html[22m [2m(+22ms)[22m 
[2m22:31:34[22m   [34m├─[39m [2m/consumables/weapon-schematic-the-annoying-shard/index.html[22m [2m(+22ms)[22m 
[2m22:31:34[22m   [34m├─[39m [2m/consumables/weapon-schematic-the-oak/index.html[22m [2m(+23ms)[22m 
[2m22:31:34[22m   [34m├─[39m [2m/consumables/weapon-schematic-thrashing-maul/index.html[22m [2m(+23ms)[22m 
[2m22:31:34[22m   [34m├─[39m [2m/consumables/weapon-schematic-titans-fingernail/index.html[22m [2m(+23ms)[22m 
[2m22:31:34[22m   [34m├─[39m [2m/consumables/weapon-schematic-transferrance/index.html[22m [2m(+23ms)[22m 
[2m22:31:34[22m   [34m├─[39m [2m/consumables/weapon-schematic-tundra/index.html[22m [2m(+23ms)[22m 
[2m22:31:34[22m   [34m├─[39m [2m/consumables/weapon-schematic-twice-upon-an-arrow/index.html[22m [2m(+22ms)[22m 
[2m22:31:34[22m   [34m├─[39m [2m/consumables/weapon-schematic-universal-mace/index.html[22m [2m(+22ms)[22m 
[2m22:31:34[22m   [34m├─[39m [2m/consumables/weapon-schematic-vein-cut/index.html[22m [2m(+23ms)[22m 
[2m22:31:34[22m   [34m├─[39m [2m/consumables/weapon-schematic-venomcoated-blade/index.html[22m [2m(+23ms)[22m 
[2m22:31:34[22m   [34m├─[39m [2m/consumables/weapon-schematic-venomdrenched-gladius/index.html[22m [2m(+23ms)[22m 
[2m22:31:34[22m   [34m├─[39m [2m/consumables/weapon-schematic-war--axe-of-the-legion/index.html[22m [2m(+36ms)[22m 
[2m22:31:35[22m   [34m├─[39m [2m/consumables/weapon-schematic-war-axe-of-the-warlord/index.html[22m [2m(+23ms)[22m 
[2m22:31:35[22m   [34m├─[39m [2m/consumables/weapon-schematic-warhammer-of-the-legion/index.html[22m [2m(+23ms)[22m 
[2m22:31:35[22m   [34m├─[39m [2m/consumables/weapon-schematic-warlords-hammer/index.html[22m [2m(+23ms)[22m 
[2m22:31:35[22m   [34m├─[39m [2m/consumables/weapon-schematic-well-forged-axe/index.html[22m [2m(+24ms)[22m 
[2m22:31:35[22m   [34m├─[39m [2m/consumables/weapon-schematic-wicked-edge/index.html[22m [2m(+24ms)[22m 
[2m22:31:35[22m   [34m├─[39m [2m/consumables/weapon-schematic-wild-swing/index.html[22m [2m(+22ms)[22m 
[2m22:31:35[22m   [34m├─[39m [2m/consumables/wine/index.html[22m [2m(+23ms)[22m 
[2m22:31:35[22m   [34m├─[39m [2m/consumables/withered-heart/index.html[22m [2m(+23ms)[22m 
[2m22:31:35[22m   [34m├─[39m [2m/consumables/wolf-eye/index.html[22m [2m(+23ms)[22m 
[2m22:31:35[22m   [34m├─[39m [2m/consumables/yamatai-fodder/index.html[22m [2m(+22ms)[22m 
[2m22:31:35[22m   [34m├─[39m [2m/consumables/yellow-lotus-potion/index.html[22m [2m(+22ms)[22m 
[2m22:31:35[22m   [34m├─[39m [2m/consumables/yellow-lotus-soup/index.html[22m [2m(+23ms)[22m 
[2m22:31:35[22m   [34m└─[39m [2m/consumables/zathite-bag/index.html[22m [2m(+22ms)[22m 
[2m22:31:35[22m [32m▶[39m src/pages/consumables/index.astro
[2m22:31:35[22m   [34m└─[39m [2m/consumables/index.html[22m [2m(+20ms)[22m 
[2m22:31:35[22m [32m▶[39m src/pages/index.astro
[2m22:31:35[22m   [34m└─[39m [2m/index.html[22m [2m(+13ms)[22m 
[2m22:31:35[22m [32m▶[39m src/pages/privacy-policy.astro
[2m22:31:35[22m   [34m└─[39m [2m/privacy-policy/index.html[22m [2m(+17ms)[22m 
[2m22:31:35[22m [32m▶[39m src/pages/rankings.astro
[2m22:31:35[22m   [34m└─[39m [2m/rankings/index.html[22m [2m(+19ms)[22m 
[2m22:31:35[22m [35mλ[39m src/pages/search-index.json.ts
[2m22:31:35[22m   [34m└─[39m [2m/search-index.json[22m [2m(+21ms)[22m 
[2m22:31:35[22m [32m▶[39m src/pages/search.astro
[2m22:31:35[22m   [34m└─[39m [2m/search/index.html[22m [2m(+20ms)[22m 
[2m22:31:35[22m [32m▶[39m src/pages/thrall-finder.astro
[2m22:31:35[22m   [34m└─[39m [2m/thrall-finder/index.html[22m [2m(+20ms)[22m 
[2m22:31:35[22m [32m▶[39m src/pages/thralls/[slug].astro
[2m22:31:35[22m   [34m├─[39m [2m/thralls/aardwolf-packleader/index.html[22m [2m(+19ms)[22m 
[2m22:31:35[22m   [34m├─[39m [2m/thralls/abama-the-frostbitten/index.html[22m [2m(+23ms)[22m 
[2m22:31:35[22m   [34m├─[39m [2m/thralls/abna-the-voracious/index.html[22m [2m(+23ms)[22m 
[2m22:31:35[22m   [34m├─[39m [2m/thralls/abras-the-smelter/index.html[22m [2m(+23ms)[22m 
[2m22:31:35[22m   [34m├─[39m [2m/thralls/absak-highstrung/index.html[22m [2m(+23ms)[22m 
[2m22:31:35[22m   [34m├─[39m [2m/thralls/acastel-ninefingers/index.html[22m [2m(+22ms)[22m 
[2m22:31:35[22m   [34m├─[39m [2m/thralls/acastel-the-accursed/index.html[22m [2m(+24ms)[22m 
[2m22:31:35[22m   [34m├─[39m [2m/thralls/accursed-berserker/index.html[22m [2m(+23ms)[22m 
[2m22:31:35[22m   [34m├─[39m [2m/thralls/ada-frostbite/index.html[22m [2m(+22ms)[22m 
[2m22:31:35[22m   [34m├─[39m [2m/thralls/adris-of-the-true-faith/index.html[22m [2m(+22ms)[22m 
[2m22:31:35[22m   [34m├─[39m [2m/thralls/aelara-tong-grip/index.html[22m [2m(+22ms)[22m 
[2m22:31:35[22m   [34m├─[39m [2m/thralls/aesir-berserker/index.html[22m [2m(+22ms)[22m 
[2m22:31:35[22m   [34m├─[39m [2m/thralls/aesir-veteran/index.html[22m [2m(+22ms)[22m 
[2m22:31:35[22m   [34m├─[39m [2m/thralls/aesir-warrior/index.html[22m [2m(+22ms)[22m 
[2m22:31:35[22m   [34m├─[39m [2m/thralls/agn-clatter-teeth/index.html[22m [2m(+22ms)[22m 
[2m22:31:35[22m   [34m├─[39m [2m/thralls/agra-the-taskmaster/index.html[22m [2m(+22ms)[22m 
[2m22:31:35[22m   [34m├─[39m [2m/thralls/ahna-of-stygia/index.html[22m [2m(+23ms)[22m 
[2m22:31:35[22m   [34m├─[39m [2m/thralls/ail-the-demonologist/index.html[22m [2m(+23ms)[22m 
[2m22:31:35[22m   [34m├─[39m [2m/thralls/airk-strong-in-the-arm/index.html[22m [2m(+23ms)[22m 
[2m22:31:35[22m   [34m├─[39m [2m/thralls/airk-the-slayer/index.html[22m [2m(+23ms)[22m 
[2m22:31:35[22m   [34m├─[39m [2m/thralls/aisss/index.html[22m [2m(+23ms)[22m 
[2m22:31:35[22m   [34m├─[39m [2m/thralls/ak-the-hatchet/index.html[22m [2m(+24ms)[22m 
[2m22:31:35[22m   [34m├─[39m [2m/thralls/akit-the-armorer/index.html[22m [2m(+23ms)[22m 
[2m22:31:36[22m   [34m├─[39m [2m/thralls/akon-the-bloodletter/index.html[22m [2m(+23ms)[22m 
[2m22:31:36[22m   [34m├─[39m [2m/thralls/aktua-lypreti-the-taskmaster/index.html[22m [2m(+23ms)[22m 
[2m22:31:36[22m   [34m├─[39m [2m/thralls/alakar-burning-hands/index.html[22m [2m(+22ms)[22m 
[2m22:31:36[22m   [34m├─[39m [2m/thralls/alchemist-auru/index.html[22m [2m(+23ms)[22m 
[2m22:31:36[22m   [34m├─[39m [2m/thralls/alchemist-thungra/index.html[22m [2m(+23ms)[22m 
[2m22:31:36[22m   [34m├─[39m [2m/thralls/aldia-of-the-gloom/index.html[22m [2m(+23ms)[22m 
[2m22:31:36[22m   [34m├─[39m [2m/thralls/aldrik-of-the-north-sea/index.html[22m [2m(+22ms)[22m 
[2m22:31:36[22m   [34m├─[39m [2m/thralls/algrid-swordbreaker/index.html[22m [2m(+23ms)[22m 
[2m22:31:36[22m   [34m├─[39m [2m/thralls/alitt-brokenbow/index.html[22m [2m(+22ms)[22m 
[2m22:31:36[22m   [34m├─[39m [2m/thralls/almira-the-wicked/index.html[22m [2m(+23ms)[22m 
[2m22:31:36[22m   [34m├─[39m [2m/thralls/alphonz-of-zingara/index.html[22m [2m(+23ms)[22m 
[2m22:31:36[22m   [34m├─[39m [2m/thralls/alphonze-the-hammer/index.html[22m [2m(+23ms)[22m 
[2m22:31:36[22m   [34m├─[39m [2m/thralls/alren-storm/index.html[22m [2m(+23ms)[22m 
[2m22:31:36[22m   [34m├─[39m [2m/thralls/altar-axe-grinder/index.html[22m [2m(+23ms)[22m 
[2m22:31:36[22m   [34m├─[39m [2m/thralls/alterra-the-baker/index.html[22m [2m(+23ms)[22m 
[2m22:31:36[22m   [34m├─[39m [2m/thralls/alumit-anvilbrow/index.html[22m [2m(+24ms)[22m 
[2m22:31:36[22m   [34m├─[39m [2m/thralls/alzit-of-the-foul-smell/index.html[22m [2m(+23ms)[22m 
[2m22:31:36[22m   [34m├─[39m [2m/thralls/am-hatep-of-the-timber/index.html[22m [2m(+22ms)[22m 
[2m22:31:36[22m   [34m├─[39m [2m/thralls/ama-the-seductress/index.html[22m [2m(+23ms)[22m 
[2m22:31:36[22m   [34m├─[39m [2m/thralls/amara-soot-finger/index.html[22m [2m(+23ms)[22m 
[2m22:31:36[22m   [34m├─[39m [2m/thralls/ambros-helmet-maker/index.html[22m [2m(+24ms)[22m 
[2m22:31:36[22m   [34m├─[39m [2m/thralls/ambusher-tyra/index.html[22m [2m(+23ms)[22m 
[2m22:31:36[22m   [34m├─[39m [2m/thralls/amnet-the-alchemist/index.html[22m [2m(+23ms)[22m 
[2m22:31:36[22m   [34m├─[39m [2m/thralls/amnut-the-blessed/index.html[22m [2m(+23ms)[22m 
[2m22:31:36[22m   [34m├─[39m [2m/thralls/amni-bark-skin/index.html[22m [2m(+23ms)[22m 
[2m22:31:36[22m   [34m├─[39m [2m/thralls/amorr-bringer-of-dark/index.html[22m [2m(+23ms)[22m 
[2m22:31:36[22m   [34m├─[39m [2m/thralls/amurath-the-swift/index.html[22m [2m(+22ms)[22m 
[2m22:31:36[22m   [34m├─[39m [2m/thralls/amzadi-the-wanderer/index.html[22m [2m(+23ms)[22m 
[2m22:31:36[22m   [34m├─[39m [2m/thralls/ana-the-reaver/index.html[22m [2m(+22ms)[22m 
[2m22:31:36[22m   [34m├─[39m [2m/thralls/ana-the-torturer/index.html[22m [2m(+23ms)[22m 
[2m22:31:36[22m   [34m├─[39m [2m/thralls/anastera-the-seeress/index.html[22m [2m(+22ms)[22m 
[2m22:31:36[22m   [34m├─[39m [2m/thralls/ancor-the-thaumaturgist/index.html[22m [2m(+22ms)[22m 
[2m22:31:36[22m   [34m├─[39m [2m/thralls/angh-of-shem/index.html[22m [2m(+23ms)[22m 
[2m22:31:36[22m   [34m├─[39m [2m/thralls/angry-drunk-pirate/index.html[22m [2m(+23ms)[22m 
[2m22:31:36[22m   [34m├─[39m [2m/thralls/angvarr/index.html[22m [2m(+23ms)[22m 
[2m22:31:36[22m   [34m├─[39m [2m/thralls/anja-the-dervish/index.html[22m [2m(+22ms)[22m 
[2m22:31:36[22m   [34m├─[39m [2m/thralls/annan-of-the-lost-tribe/index.html[22m [2m(+23ms)[22m 
[2m22:31:36[22m   [34m├─[39m [2m/thralls/anora-steelfingers/index.html[22m [2m(+23ms)[22m 
[2m22:31:36[22m   [34m├─[39m [2m/thralls/anos-preyfinder/index.html[22m [2m(+23ms)[22m 
[2m22:31:36[22m   [34m├─[39m [2m/thralls/ansgar-blackfinger/index.html[22m [2m(+22ms)[22m 
[2m22:31:36[22m   [34m├─[39m [2m/thralls/ansgar-the-faithful/index.html[22m [2m(+23ms)[22m 
[2m22:31:36[22m   [34m├─[39m [2m/thralls/ansina-hidden-daggers/index.html[22m [2m(+23ms)[22m 
[2m22:31:36[22m   [34m├─[39m [2m/thralls/antu-the-blacksmith/index.html[22m [2m(+22ms)[22m 
[2m22:31:36[22m   [34m├─[39m [2m/thralls/anutis-the-limber/index.html[22m [2m(+22ms)[22m 
[2m22:31:37[22m   [34m├─[39m [2m/thralls/anzia-master-armorer/index.html[22m [2m(+23ms)[22m 
[2m22:31:37[22m   [34m├─[39m [2m/thralls/anziel-the-carrier/index.html[22m [2m(+23ms)[22m 
[2m22:31:37[22m   [34m├─[39m [2m/thralls/ao-the-carpenter/index.html[22m [2m(+22ms)[22m 
[2m22:31:37[22m   [34m├─[39m [2m/thralls/aoda-maneater/index.html[22m [2m(+23ms)[22m 
[2m22:31:37[22m   [34m├─[39m [2m/thralls/ap-the-dressmaker/index.html[22m [2m(+22ms)[22m 
[2m22:31:37[22m   [34m├─[39m [2m/thralls/apshara-the-summoner/index.html[22m [2m(+22ms)[22m 
[2m22:31:37[22m   [34m├─[39m [2m/thralls/apet-the-smith/index.html[22m [2m(+23ms)[22m 
[2m22:31:37[22m   [34m├─[39m [2m/thralls/aphria-the-growling/index.html[22m [2m(+23ms)[22m 
[2m22:31:37[22m   [34m├─[39m [2m/thralls/apos-the-sorcerer/index.html[22m [2m(+22ms)[22m 
[2m22:31:37[22m   [34m├─[39m [2m/thralls/apra-thousand-cuts/index.html[22m [2m(+23ms)[22m 
[2m22:31:37[22m   [34m├─[39m [2m/thralls/apra-of-kush/index.html[22m [2m(+23ms)[22m 
[2m22:31:37[22m   [34m├─[39m [2m/thralls/apra-master-blacksmith/index.html[22m [2m(+23ms)[22m 
[2m22:31:37[22m   [34m├─[39m [2m/thralls/aran-the-howler/index.html[22m [2m(+23ms)[22m 
[2m22:31:37[22m   [34m├─[39m [2m/thralls/arcen-brokenfingers/index.html[22m [2m(+23ms)[22m 
[2m22:31:37[22m   [34m├─[39m [2m/thralls/arfan-the-torturer/index.html[22m [2m(+23ms)[22m 
[2m22:31:37[22m   [34m├─[39m [2m/thralls/arkhu-the-mad/index.html[22m [2m(+23ms)[22m 
[2m22:31:37[22m   [34m├─[39m [2m/thralls/arkos-the-armorer/index.html[22m [2m(+23ms)[22m 
[2m22:31:37[22m   [34m├─[39m [2m/thralls/armorer-estra/index.html[22m [2m(+23ms)[22m 
[2m22:31:37[22m   [34m├─[39m [2m/thralls/armorer-imth/index.html[22m [2m(+23ms)[22m 
[2m22:31:37[22m   [34m├─[39m [2m/thralls/arnak-the-smith/index.html[22m [2m(+22ms)[22m 
[2m22:31:37[22m   [34m├─[39m [2m/thralls/arnos-of-cimmeria/index.html[22m [2m(+23ms)[22m 
[2m22:31:37[22m   [34m├─[39m [2m/thralls/aronic-the-summoner/index.html[22m [2m(+23ms)[22m 
[2m22:31:37[22m   [34m├─[39m [2m/thralls/arron-of-kush/index.html[22m [2m(+23ms)[22m 
[2m22:31:37[22m   [34m├─[39m [2m/thralls/arrot-the-clairvoyant/index.html[22m [2m(+23ms)[22m 
[2m22:31:37[22m   [34m├─[39m [2m/thralls/arsk-son-of-barsk/index.html[22m [2m(+23ms)[22m 
[2m22:31:37[22m   [34m├─[39m [2m/thralls/arthis-stretching-hide/index.html[22m [2m(+23ms)[22m 
[2m22:31:37[22m   [34m├─[39m [2m/thralls/arthis-the-sorcerer/index.html[22m [2m(+24ms)[22m 
[2m22:31:37[22m   [34m├─[39m [2m/thralls/artificer-galen/index.html[22m [2m(+23ms)[22m 
[2m22:31:37[22m   [34m├─[39m [2m/thralls/arvad-of-akbitan/index.html[22m [2m(+23ms)[22m 
[2m22:31:37[22m   [34m├─[39m [2m/thralls/arvild-the-terror/index.html[22m [2m(+22ms)[22m 
[2m22:31:37[22m   [34m├─[39m [2m/thralls/asil-yellow-fingers/index.html[22m [2m(+23ms)[22m 
[2m22:31:37[22m   [34m├─[39m [2m/thralls/askra-the-woodworker/index.html[22m [2m(+23ms)[22m 
[2m22:31:37[22m   [34m├─[39m [2m/thralls/astak-blackfoot/index.html[22m [2m(+23ms)[22m 
[2m22:31:37[22m   [34m├─[39m [2m/thralls/astak-wild-kin/index.html[22m [2m(+22ms)[22m 
[2m22:31:37[22m   [34m├─[39m [2m/thralls/astarus-the-smith/index.html[22m [2m(+22ms)[22m 
[2m22:31:37[22m   [34m├─[39m [2m/thralls/aster-of-zingara/index.html[22m [2m(+23ms)[22m 
[2m22:31:37[22m   [34m├─[39m [2m/thralls/aster-master-taskmaster/index.html[22m [2m(+22ms)[22m 
[2m22:31:37[22m   [34m├─[39m [2m/thralls/aster-taskmaster-master/index.html[22m [2m(+22ms)[22m 
[2m22:31:37[22m   [34m├─[39m [2m/thralls/astia-the-spotter/index.html[22m [2m(+22ms)[22m 
[2m22:31:37[22m   [34m├─[39m [2m/thralls/astra-polisher-of-wood/index.html[22m [2m(+23ms)[22m 
[2m22:31:37[22m   [34m├─[39m [2m/thralls/astrid-of-the-forge/index.html[22m [2m(+23ms)[22m 
[2m22:31:37[22m   [34m├─[39m [2m/thralls/asunkur-of-the-weald/index.html[22m [2m(+22ms)[22m 
[2m22:31:37[22m   [34m├─[39m [2m/thralls/atlar-the-swarthy/index.html[22m [2m(+22ms)[22m 
[2m22:31:37[22m   [34m├─[39m [2m/thralls/augurer-dewain/index.html[22m [2m(+23ms)[22m 
[2m22:31:38[22m   [34m├─[39m [2m/thralls/aun-ptah-the-forester/index.html[22m [2m(+22ms)[22m 
[2m22:31:38[22m   [34m├─[39m [2m/thralls/azor-of-zingara/index.html[22m [2m(+22ms)[22m 
[2m22:31:38[22m   [34m├─[39m [2m/thralls/bnaru-heavyhands/index.html[22m [2m(+23ms)[22m 
[2m22:31:38[22m   [34m├─[39m [2m/thralls/backpacker-henrik/index.html[22m [2m(+23ms)[22m 
[2m22:31:38[22m   [34m├─[39m [2m/thralls/bakt-the-smelter/index.html[22m [2m(+22ms)[22m 
[2m22:31:38[22m   [34m├─[39m [2m/thralls/bakh/index.html[22m [2m(+23ms)[22m 
[2m22:31:38[22m   [34m├─[39m [2m/thralls/bandra/index.html[22m [2m(+23ms)[22m 
[2m22:31:38[22m   [34m├─[39m [2m/thralls/barks-at-moon/index.html[22m [2m(+22ms)[22m 
[2m22:31:38[22m   [34m├─[39m [2m/thralls/barna-the-gullet/index.html[22m [2m(+23ms)[22m 
[2m22:31:38[22m   [34m├─[39m [2m/thralls/barnes-of-asura/index.html[22m [2m(+22ms)[22m 
[2m22:31:38[22m   [34m├─[39m [2m/thralls/barram-the-faithful/index.html[22m [2m(+23ms)[22m 
[2m22:31:38[22m   [34m├─[39m [2m/thralls/barsk-the-slaver/index.html[22m [2m(+22ms)[22m 
[2m22:31:38[22m   [34m├─[39m [2m/thralls/bassan-steeltoe/index.html[22m [2m(+22ms)[22m 
[2m22:31:38[22m   [34m├─[39m [2m/thralls/bearer-tycho/index.html[22m [2m(+23ms)[22m 
[2m22:31:38[22m   [34m├─[39m [2m/thralls/beast-tamer-frida/index.html[22m [2m(+23ms)[22m 
[2m22:31:38[22m   [34m├─[39m [2m/thralls/beast-tamer-frida-the-accursed/index.html[22m [2m(+23ms)[22m 
[2m22:31:38[22m   [34m├─[39m [2m/thralls/beast-tamer-ulfarn/index.html[22m [2m(+23ms)[22m 
[2m22:31:38[22m   [34m├─[39m [2m/thralls/beast-tamer-ulfarn-the-accursed/index.html[22m [2m(+23ms)[22m 
[2m22:31:38[22m   [34m├─[39m [2m/thralls/beast-tamer-varet/index.html[22m [2m(+24ms)[22m 
[2m22:31:38[22m   [34m├─[39m [2m/thralls/beast-tamer-varet-the-accursed/index.html[22m [2m(+22ms)[22m 
[2m22:31:38[22m   [34m├─[39m [2m/thralls/beastmaster-teimos/index.html[22m [2m(+22ms)[22m 
[2m22:31:38[22m   [34m├─[39m [2m/thralls/begra-the-blessed/index.html[22m [2m(+23ms)[22m 
[2m22:31:38[22m   [34m├─[39m [2m/thralls/beli-the-breaker/index.html[22m [2m(+23ms)[22m 
[2m22:31:38[22m   [34m├─[39m [2m/thralls/bent-snowblind/index.html[22m [2m(+23ms)[22m 
[2m22:31:38[22m   [34m├─[39m [2m/thralls/beri/index.html[22m [2m(+22ms)[22m 
[2m22:31:38[22m   [34m├─[39m [2m/thralls/bernard-the-artisan/index.html[22m [2m(+23ms)[22m 
[2m22:31:38[22m   [34m├─[39m [2m/thralls/bessie/index.html[22m [2m(+22ms)[22m 
[2m22:31:38[22m   [34m├─[39m [2m/thralls/bira-of-zamoria/index.html[22m [2m(+23ms)[22m 
[2m22:31:38[22m   [34m├─[39m [2m/thralls/birger-birch-bow/index.html[22m [2m(+22ms)[22m 
[2m22:31:38[22m   [34m├─[39m [2m/thralls/bit-tarkin-the-whip/index.html[22m [2m(+23ms)[22m 
[2m22:31:38[22m   [34m├─[39m [2m/thralls/black-dragon-archer/index.html[22m [2m(+23ms)[22m 
[2m22:31:38[22m   [34m├─[39m [2m/thralls/black-dragon-master-archer/index.html[22m [2m(+23ms)[22m 
[2m22:31:38[22m   [34m├─[39m [2m/thralls/black-dragon-veteran/index.html[22m [2m(+23ms)[22m 
[2m22:31:38[22m   [34m├─[39m [2m/thralls/black-hand-captain/index.html[22m [2m(+22ms)[22m 
[2m22:31:38[22m   [34m├─[39m [2m/thralls/black-hand-master-alchemist/index.html[22m [2m(+23ms)[22m 
[2m22:31:38[22m   [34m├─[39m [2m/thralls/black-markel/index.html[22m [2m(+22ms)[22m 
[2m22:31:38[22m   [34m├─[39m [2m/thralls/blacksmith-enthra/index.html[22m [2m(+23ms)[22m 
[2m22:31:38[22m   [34m├─[39m [2m/thralls/blacksmith-kapt/index.html[22m [2m(+22ms)[22m 
[2m22:31:38[22m   [34m├─[39m [2m/thralls/blacksmith-nepta/index.html[22m [2m(+23ms)[22m 
[2m22:31:38[22m   [34m├─[39m [2m/thralls/bohdan-the-flexible/index.html[22m [2m(+23ms)[22m 
[2m22:31:38[22m   [34m├─[39m [2m/thralls/bold-agra/index.html[22m [2m(+22ms)[22m 
[2m22:31:38[22m   [34m├─[39m [2m/thralls/boreanaz-the-shrouded/index.html[22m [2m(+23ms)[22m 
[2m22:31:38[22m   [34m├─[39m [2m/thralls/braggi-the-bold/index.html[22m [2m(+23ms)[22m 
[2m22:31:38[22m   [34m├─[39m [2m/thralls/bragoras-the-baker/index.html[22m [2m(+23ms)[22m 
[2m22:31:39[22m   [34m├─[39m [2m/thralls/bregg-hide-flayer/index.html[22m [2m(+23ms)[22m 
[2m22:31:39[22m   [34m├─[39m [2m/thralls/brengel-coalstoker/index.html[22m [2m(+22ms)[22m 
[2m22:31:39[22m   [34m├─[39m [2m/thralls/brewer-mavelle/index.html[22m [2m(+23ms)[22m 
[2m22:31:39[22m   [34m├─[39m [2m/thralls/broodwarden-raiss/index.html[22m [2m(+22ms)[22m 
[2m22:31:39[22m   [34m├─[39m [2m/thralls/broodwarden-vaeldis/index.html[22m [2m(+23ms)[22m 
[2m22:31:39[22m   [34m├─[39m [2m/thralls/buna-the-packrat/index.html[22m [2m(+23ms)[22m 
[2m22:31:39[22m   [34m├─[39m [2m/thralls/bunoab-bloody-skull/index.html[22m [2m(+23ms)[22m 
[2m22:31:39[22m   [34m├─[39m [2m/thralls/burnt-nose/index.html[22m [2m(+22ms)[22m 
[2m22:31:39[22m   [34m├─[39m [2m/thralls/cannibal-brute/index.html[22m [2m(+22ms)[22m 
[2m22:31:39[22m   [34m├─[39m [2m/thralls/captain/index.html[22m [2m(+23ms)[22m 
[2m22:31:39[22m   [34m├─[39m [2m/thralls/captain-bree/index.html[22m [2m(+23ms)[22m 
[2m22:31:39[22m   [34m├─[39m [2m/thralls/captain-dref/index.html[22m [2m(+22ms)[22m 
[2m22:31:39[22m   [34m├─[39m [2m/thralls/captain-ermetius/index.html[22m [2m(+22ms)[22m 
[2m22:31:39[22m   [34m├─[39m [2m/thralls/captain-ioushuwa/index.html[22m [2m(+23ms)[22m 
[2m22:31:39[22m   [34m├─[39m [2m/thralls/captain-marus/index.html[22m [2m(+23ms)[22m 
[2m22:31:39[22m   [34m├─[39m [2m/thralls/captain-oda/index.html[22m [2m(+23ms)[22m 
[2m22:31:39[22m   [34m├─[39m [2m/thralls/captain-poscore/index.html[22m [2m(+22ms)[22m 
[2m22:31:39[22m   [34m├─[39m [2m/thralls/captains-bodyguard-undina/index.html[22m [2m(+23ms)[22m 
[2m22:31:39[22m   [34m├─[39m [2m/thralls/carpenter-ara/index.html[22m [2m(+22ms)[22m 
[2m22:31:39[22m   [34m├─[39m [2m/thralls/carpenter-draks/index.html[22m [2m(+23ms)[22m 
[2m22:31:39[22m   [34m├─[39m [2m/thralls/carpenter-gia/index.html[22m [2m(+23ms)[22m 
[2m22:31:39[22m   [34m├─[39m [2m/thralls/carpenter-kira/index.html[22m [2m(+24ms)[22m 
[2m22:31:39[22m   [34m├─[39m [2m/thralls/carries-others-through-storms/index.html[22m [2m(+23ms)[22m 
[2m22:31:39[22m   [34m├─[39m [2m/thralls/cau-feet-eater/index.html[22m [2m(+22ms)[22m 
[2m22:31:39[22m   [34m├─[39m [2m/thralls/chepi-eater-of-man-flesh/index.html[22m [2m(+23ms)[22m 
[2m22:31:39[22m   [34m├─[39m [2m/thralls/chelkus-the-smith/index.html[22m [2m(+24ms)[22m 
[2m22:31:39[22m   [34m├─[39m [2m/thralls/chewin-the-hammer/index.html[22m [2m(+23ms)[22m 
[2m22:31:39[22m   [34m├─[39m [2m/thralls/chieftain-alfhild/index.html[22m [2m(+23ms)[22m 
[2m22:31:39[22m   [34m├─[39m [2m/thralls/chieftain-alva/index.html[22m [2m(+23ms)[22m 
[2m22:31:39[22m   [34m├─[39m [2m/thralls/chieftain-arvid/index.html[22m [2m(+22ms)[22m 
[2m22:31:39[22m   [34m├─[39m [2m/thralls/chieftain-asger/index.html[22m [2m(+23ms)[22m 
[2m22:31:39[22m   [34m├─[39m [2m/thralls/chieftain-aslaug/index.html[22m [2m(+23ms)[22m 
[2m22:31:39[22m   [34m├─[39m [2m/thralls/chieftain-derulf/index.html[22m [2m(+22ms)[22m 
[2m22:31:39[22m   [34m├─[39m [2m/thralls/chieftain-didrik/index.html[22m [2m(+22ms)[22m 
[2m22:31:39[22m   [34m├─[39m [2m/thralls/chieftain-rada/index.html[22m [2m(+23ms)[22m 
[2m22:31:39[22m   [34m├─[39m [2m/thralls/chieftain-valda/index.html[22m [2m(+22ms)[22m 
[2m22:31:39[22m   [34m├─[39m [2m/thralls/chieftain-varulf/index.html[22m [2m(+22ms)[22m 
[2m22:31:39[22m   [34m├─[39m [2m/thralls/chopper-airk/index.html[22m [2m(+23ms)[22m 
[2m22:31:39[22m   [34m├─[39m [2m/thralls/chosen-of-set/index.html[22m [2m(+24ms)[22m 
[2m22:31:39[22m   [34m├─[39m [2m/thralls/chritis-the-tracker/index.html[22m [2m(+23ms)[22m 
[2m22:31:39[22m   [34m├─[39m [2m/thralls/chulin-the-brutal/index.html[22m [2m(+22ms)[22m 
[2m22:31:39[22m   [34m├─[39m [2m/thralls/cimmerian-berserker/index.html[22m [2m(+22ms)[22m 
[2m22:31:39[22m   [34m├─[39m [2m/thralls/cinos-silverstring/index.html[22m [2m(+23ms)[22m 
[2m22:31:39[22m   [34m├─[39m [2m/thralls/ciria-the-cook/index.html[22m [2m(+22ms)[22m 
[2m22:31:40[22m   [34m├─[39m [2m/thralls/ciria-the-mad/index.html[22m [2m(+23ms)[22m 
[2m22:31:40[22m   [34m├─[39m [2m/thralls/colvic-the-armorer/index.html[22m [2m(+23ms)[22m 
[2m22:31:40[22m   [34m├─[39m [2m/thralls/colvric-the-blade/index.html[22m [2m(+23ms)[22m 
[2m22:31:40[22m   [34m├─[39m [2m/thralls/conall-the-hammer/index.html[22m [2m(+22ms)[22m 
[2m22:31:40[22m   [34m├─[39m [2m/thralls/conchaka-of-hyrkania/index.html[22m [2m(+22ms)[22m 
[2m22:31:40[22m   [34m├─[39m [2m/thralls/cora-master-armorer/index.html[22m [2m(+23ms)[22m 
[2m22:31:40[22m   [34m├─[39m [2m/thralls/cormag-beastblood/index.html[22m [2m(+23ms)[22m 
[2m22:31:40[22m   [34m├─[39m [2m/thralls/cormag-the-accursed/index.html[22m [2m(+22ms)[22m 
[2m22:31:40[22m   [34m├─[39m [2m/thralls/corms-the-faithful/index.html[22m [2m(+22ms)[22m 
[2m22:31:40[22m   [34m├─[39m [2m/thralls/cornahn-nimblefingers/index.html[22m [2m(+22ms)[22m 
[2m22:31:40[22m   [34m├─[39m [2m/thralls/cristian-the-blade/index.html[22m [2m(+23ms)[22m 
[2m22:31:40[22m   [34m├─[39m [2m/thralls/cruaidh-the-crusher/index.html[22m [2m(+22ms)[22m 
[2m22:31:40[22m   [34m├─[39m [2m/thralls/daar-the-touched/index.html[22m [2m(+23ms)[22m 
[2m22:31:40[22m   [34m├─[39m [2m/thralls/dniz-the-menacing/index.html[22m [2m(+23ms)[22m 
[2m22:31:40[22m   [34m├─[39m [2m/thralls/dagon-cult-leader/index.html[22m [2m(+22ms)[22m 
[2m22:31:40[22m   [34m├─[39m [2m/thralls/daicas-the-sharp/index.html[22m [2m(+23ms)[22m 
[2m22:31:40[22m   [34m├─[39m [2m/thralls/dalina-the-shielded/index.html[22m [2m(+23ms)[22m 
[2m22:31:40[22m   [34m├─[39m [2m/thralls/dalinsia-snowhunter/index.html[22m [2m(+23ms)[22m 
[2m22:31:40[22m   [34m├─[39m [2m/thralls/dalinsia-the-accursed/index.html[22m [2m(+23ms)[22m 
[2m22:31:40[22m   [34m├─[39m [2m/thralls/dances-with-bears/index.html[22m [2m(+23ms)[22m 
[2m22:31:40[22m   [34m├─[39m [2m/thralls/dann-the-insomniac/index.html[22m [2m(+24ms)[22m 
[2m22:31:40[22m   [34m├─[39m [2m/thralls/danyo-the-seductive/index.html[22m [2m(+23ms)[22m 
[2m22:31:40[22m   [34m├─[39m [2m/thralls/darek-broken-finger/index.html[22m [2m(+23ms)[22m 
[2m22:31:40[22m   [34m├─[39m [2m/thralls/darfari-witch-doctor/index.html[22m [2m(+23ms)[22m 
[2m22:31:40[22m   [34m├─[39m [2m/thralls/darmok-the-accursed/index.html[22m [2m(+23ms)[22m 
[2m22:31:40[22m   [34m├─[39m [2m/thralls/darmok-the-experimenter/index.html[22m [2m(+23ms)[22m 
[2m22:31:40[22m   [34m├─[39m [2m/thralls/daya-leaddrinker/index.html[22m [2m(+23ms)[22m 
[2m22:31:40[22m   [34m├─[39m [2m/thralls/deirdre-deathbringer/index.html[22m [2m(+22ms)[22m 
[2m22:31:40[22m   [34m├─[39m [2m/thralls/devwir-filthy-rags/index.html[22m [2m(+23ms)[22m 
[2m22:31:40[22m   [34m├─[39m [2m/thralls/dewain-the-accursed/index.html[22m [2m(+22ms)[22m 
[2m22:31:40[22m   [34m├─[39m [2m/thralls/deyn-of-kush/index.html[22m [2m(+23ms)[22m 
[2m22:31:40[22m   [34m├─[39m [2m/thralls/diana-steelshaper/index.html[22m [2m(+22ms)[22m 
[2m22:31:40[22m   [34m├─[39m [2m/thralls/digger-ykon/index.html[22m [2m(+22ms)[22m 
[2m22:31:40[22m   [34m├─[39m [2m/thralls/dina-master-huntress/index.html[22m [2m(+23ms)[22m 
[2m22:31:40[22m   [34m├─[39m [2m/thralls/diviner-enea/index.html[22m [2m(+23ms)[22m 
[2m22:31:40[22m   [34m├─[39m [2m/thralls/djira-the-steady/index.html[22m [2m(+22ms)[22m 
[2m22:31:40[22m   [34m├─[39m [2m/thralls/donia-keeper-of-the-sacred-hides/index.html[22m [2m(+22ms)[22m 
[2m22:31:40[22m   [34m├─[39m [2m/thralls/donothelpup/index.html[22m [2m(+23ms)[22m 
[2m22:31:40[22m   [34m├─[39m [2m/thralls/dook-the-cook/index.html[22m [2m(+23ms)[22m 
[2m22:31:40[22m   [34m├─[39m [2m/thralls/doria-the-whipper/index.html[22m [2m(+23ms)[22m 
[2m22:31:40[22m   [34m├─[39m [2m/thralls/dreev-manhunter/index.html[22m [2m(+23ms)[22m 
[2m22:31:40[22m   [34m├─[39m [2m/thralls/drem-the-occultist/index.html[22m [2m(+22ms)[22m 
[2m22:31:40[22m   [34m├─[39m [2m/thralls/drunken-pirate-captain/index.html[22m [2m(+23ms)[22m 
[2m22:31:40[22m   [34m├─[39m [2m/thralls/drunken-pirate-veteran/index.html[22m [2m(+22ms)[22m 
[2m22:31:41[22m   [34m├─[39m [2m/thralls/duneman-the-dragoon/index.html[22m [2m(+23ms)[22m 
[2m22:31:41[22m   [34m├─[39m [2m/thralls/dvai-maggot-eater/index.html[22m [2m(+23ms)[22m 
[2m22:31:41[22m   [34m├─[39m [2m/thralls/eda-arrow-tooth/index.html[22m [2m(+22ms)[22m 
[2m22:31:41[22m   [34m├─[39m [2m/thralls/edric-the-holy/index.html[22m [2m(+22ms)[22m 
[2m22:31:41[22m   [34m├─[39m [2m/thralls/egil-of-the-true-faith/index.html[22m [2m(+23ms)[22m 
[2m22:31:41[22m   [34m├─[39m [2m/thralls/eina-furlicker/index.html[22m [2m(+22ms)[22m 
[2m22:31:41[22m   [34m├─[39m [2m/thralls/eina-the-light/index.html[22m [2m(+22ms)[22m 
[2m22:31:41[22m   [34m├─[39m [2m/thralls/elles-the-medium/index.html[22m [2m(+23ms)[22m 
[2m22:31:41[22m   [34m├─[39m [2m/thralls/emorio-the-smith/index.html[22m [2m(+23ms)[22m 
[2m22:31:41[22m   [34m├─[39m [2m/thralls/enaro-of-the-slithering-doom/index.html[22m [2m(+23ms)[22m 
[2m22:31:41[22m   [34m├─[39m [2m/thralls/enika-of-cimmeria/index.html[22m [2m(+23ms)[22m 
[2m22:31:41[22m   [34m├─[39m [2m/thralls/enis-ironwrought/index.html[22m [2m(+23ms)[22m 
[2m22:31:41[22m   [34m├─[39m [2m/thralls/ennis-the-gobbler/index.html[22m [2m(+22ms)[22m 
[2m22:31:41[22m   [34m├─[39m [2m/thralls/enslaver-mikria/index.html[22m [2m(+22ms)[22m 
[2m22:31:41[22m   [34m├─[39m [2m/thralls/epis-the-armorer/index.html[22m [2m(+23ms)[22m 
[2m22:31:41[22m   [34m├─[39m [2m/thralls/epos-the-torturer/index.html[22m [2m(+24ms)[22m 
[2m22:31:41[22m   [34m├─[39m [2m/thralls/erek-twice-cursed/index.html[22m [2m(+23ms)[22m 
[2m22:31:41[22m   [34m├─[39m [2m/thralls/erii-the-ravager/index.html[22m [2m(+23ms)[22m 
[2m22:31:41[22m   [34m├─[39m [2m/thralls/erika-the-reliable/index.html[22m [2m(+23ms)[22m 
[2m22:31:41[22m   [34m├─[39m [2m/thralls/espel-the-glorious/index.html[22m [2m(+23ms)[22m 
[2m22:31:41[22m   [34m├─[39m [2m/thralls/esz-of-the-brood/index.html[22m [2m(+23ms)[22m 
[2m22:31:41[22m   [34m├─[39m [2m/thralls/ethros-the-sturdy/index.html[22m [2m(+22ms)[22m 
[2m22:31:41[22m   [34m├─[39m [2m/thralls/examiner-bnor/index.html[22m [2m(+23ms)[22m 
[2m22:31:41[22m   [34m├─[39m [2m/thralls/excavator-darius/index.html[22m [2m(+23ms)[22m 
[2m22:31:41[22m   [34m├─[39m [2m/thralls/experimenter-sulis/index.html[22m [2m(+23ms)[22m 
[2m22:31:41[22m   [34m├─[39m [2m/thralls/extremely-drunk-pirate/index.html[22m [2m(+22ms)[22m 
[2m22:31:41[22m   [34m├─[39m [2m/thralls/ezeeap-skingrafter/index.html[22m [2m(+23ms)[22m 
[2m22:31:41[22m   [34m├─[39m [2m/thralls/ezkiel-the-mad/index.html[22m [2m(+23ms)[22m 
[2m22:31:41[22m   [34m├─[39m [2m/thralls/faergh-fleetfoot/index.html[22m [2m(+23ms)[22m 
[2m22:31:41[22m   [34m├─[39m [2m/thralls/fairin-of-the-wild-coast/index.html[22m [2m(+23ms)[22m 
[2m22:31:41[22m   [34m├─[39m [2m/thralls/fakad-hide-stretcher/index.html[22m [2m(+22ms)[22m 
[2m22:31:41[22m   [34m├─[39m [2m/thralls/fann-deg/index.html[22m [2m(+22ms)[22m 
[2m22:31:41[22m   [34m├─[39m [2m/thralls/faren-stone-fist/index.html[22m [2m(+23ms)[22m 
[2m22:31:41[22m   [34m├─[39m [2m/thralls/faros-the-ravager/index.html[22m [2m(+23ms)[22m 
[2m22:31:41[22m   [34m├─[39m [2m/thralls/farrier-ulphur/index.html[22m [2m(+22ms)[22m 
[2m22:31:41[22m   [34m├─[39m [2m/thralls/fell-mak-tet/index.html[22m [2m(+22ms)[22m 
[2m22:31:41[22m   [34m├─[39m [2m/thralls/fer-the-rotund/index.html[22m [2m(+22ms)[22m 
[2m22:31:41[22m   [34m├─[39m [2m/thralls/ferrus-the-butcher/index.html[22m [2m(+22ms)[22m 
[2m22:31:41[22m   [34m├─[39m [2m/thralls/fia/index.html[22m [2m(+22ms)[22m 
[2m22:31:41[22m   [34m├─[39m [2m/thralls/filetooth/index.html[22m [2m(+22ms)[22m 
[2m22:31:41[22m   [34m├─[39m [2m/thralls/fingal-firetender/index.html[22m [2m(+23ms)[22m 
[2m22:31:41[22m   [34m├─[39m [2m/thralls/finnbar-of-cimmeria/index.html[22m [2m(+22ms)[22m 
[2m22:31:41[22m   [34m├─[39m [2m/thralls/finnbar-the-accursed/index.html[22m [2m(+23ms)[22m 
[2m22:31:41[22m   [34m├─[39m [2m/thralls/firis-flickertongue/index.html[22m [2m(+23ms)[22m 
[2m22:31:42[22m   [34m├─[39m [2m/thralls/flametender-khet/index.html[22m [2m(+22ms)[22m 
[2m22:31:42[22m   [34m├─[39m [2m/thralls/fleet-foot/index.html[22m [2m(+22ms)[22m 
[2m22:31:42[22m   [34m├─[39m [2m/thralls/frae-steelgrasp/index.html[22m [2m(+22ms)[22m 
[2m22:31:42[22m   [34m├─[39m [2m/thralls/freebooter-argus/index.html[22m [2m(+22ms)[22m 
[2m22:31:42[22m   [34m├─[39m [2m/thralls/freebooter-arkos/index.html[22m [2m(+23ms)[22m 
[2m22:31:42[22m   [34m├─[39m [2m/thralls/freebooter-marcus/index.html[22m [2m(+23ms)[22m 
[2m22:31:42[22m   [34m├─[39m [2m/thralls/freebooter-mirak/index.html[22m [2m(+22ms)[22m 
[2m22:31:42[22m   [34m├─[39m [2m/thralls/fric-the-trapster/index.html[22m [2m(+23ms)[22m 
[2m22:31:42[22m   [34m├─[39m [2m/thralls/frigga-falsehope/index.html[22m [2m(+23ms)[22m 
[2m22:31:42[22m   [34m├─[39m [2m/thralls/fulnio-of-the-plate/index.html[22m [2m(+23ms)[22m 
[2m22:31:42[22m   [34m├─[39m [2m/thralls/gabbus-master-smith/index.html[22m [2m(+22ms)[22m 
[2m22:31:42[22m   [34m├─[39m [2m/thralls/galacus-the-gourmand/index.html[22m [2m(+22ms)[22m 
[2m22:31:42[22m   [34m├─[39m [2m/thralls/galana-the-experimenter/index.html[22m [2m(+23ms)[22m 
[2m22:31:42[22m   [34m├─[39m [2m/thralls/gall-o-the-spear-din/index.html[22m [2m(+22ms)[22m 
[2m22:31:42[22m   [34m├─[39m [2m/thralls/galodona-the-seamstress/index.html[22m [2m(+23ms)[22m 
[2m22:31:42[22m   [34m├─[39m [2m/thralls/galter-of-bossonia/index.html[22m [2m(+22ms)[22m 
[2m22:31:42[22m   [34m├─[39m [2m/thralls/gars-the-smith/index.html[22m [2m(+24ms)[22m 
[2m22:31:42[22m   [34m├─[39m [2m/thralls/gavin-the-wolf/index.html[22m [2m(+22ms)[22m 
[2m22:31:42[22m   [34m├─[39m [2m/thralls/gerin-the-smelter/index.html[22m [2m(+22ms)[22m 
[2m22:31:42[22m   [34m├─[39m [2m/thralls/gezhe-the-blasphemer/index.html[22m [2m(+22ms)[22m 
[2m22:31:42[22m   [34m├─[39m [2m/thralls/ghordon-the-chef/index.html[22m [2m(+23ms)[22m 
[2m22:31:42[22m   [34m├─[39m [2m/thralls/ghamm-the-worn/index.html[22m [2m(+23ms)[22m 
[2m22:31:42[22m   [34m├─[39m [2m/thralls/ghatha-of-the-dark/index.html[22m [2m(+22ms)[22m 
[2m22:31:42[22m   [34m├─[39m [2m/thralls/ghuriel-the-wicked/index.html[22m [2m(+23ms)[22m 
[2m22:31:42[22m   [34m├─[39m [2m/thralls/gilumtun-asuras-chosen/index.html[22m [2m(+22ms)[22m 
[2m22:31:42[22m   [34m├─[39m [2m/thralls/gircan-ironbender/index.html[22m [2m(+22ms)[22m 
[2m22:31:42[22m   [34m├─[39m [2m/thralls/gizzard-gnasher/index.html[22m [2m(+22ms)[22m 
[2m22:31:42[22m   [34m├─[39m [2m/thralls/gnash-the-hungry/index.html[22m [2m(+23ms)[22m 
[2m22:31:42[22m   [34m├─[39m [2m/thralls/gnashteeth-burning-meat/index.html[22m [2m(+23ms)[22m 
[2m22:31:42[22m   [34m├─[39m [2m/thralls/gonn-of-the-wild-hide/index.html[22m [2m(+23ms)[22m 
[2m22:31:42[22m   [34m├─[39m [2m/thralls/gothrad-the-oathbreaker/index.html[22m [2m(+24ms)[22m 
[2m22:31:42[22m   [34m├─[39m [2m/thralls/gratt-stinkfinger/index.html[22m [2m(+23ms)[22m 
[2m22:31:42[22m   [34m├─[39m [2m/thralls/gratt-the-accursed/index.html[22m [2m(+25ms)[22m 
[2m22:31:42[22m   [34m├─[39m [2m/thralls/grennel-the-piercing-storm/index.html[22m [2m(+23ms)[22m 
[2m22:31:42[22m   [34m├─[39m [2m/thralls/gretchen-the-weaver/index.html[22m [2m(+24ms)[22m 
[2m22:31:42[22m   [34m├─[39m [2m/thralls/grigg-of-the-desert/index.html[22m [2m(+23ms)[22m 
[2m22:31:42[22m   [34m├─[39m [2m/thralls/gronn-ymirs-chosen/index.html[22m [2m(+24ms)[22m 
[2m22:31:42[22m   [34m├─[39m [2m/thralls/grrr-legbiter/index.html[22m [2m(+23ms)[22m 
[2m22:31:42[22m   [34m├─[39m [2m/thralls/gruth-dead-eater/index.html[22m [2m(+23ms)[22m 
[2m22:31:42[22m   [34m├─[39m [2m/thralls/guinji-the-architect/index.html[22m [2m(+23ms)[22m 
[2m22:31:42[22m   [34m├─[39m [2m/thralls/gula-of-zamboula/index.html[22m [2m(+23ms)[22m 
[2m22:31:42[22m   [34m├─[39m [2m/thralls/gunnar-the-smith/index.html[22m [2m(+23ms)[22m 
[2m22:31:42[22m   [34m├─[39m [2m/thralls/gustaf-the-reliable/index.html[22m [2m(+24ms)[22m 
[2m22:31:42[22m   [34m├─[39m [2m/thralls/guzala-the-worshipful/index.html[22m [2m(+22ms)[22m 
[2m22:31:43[22m   [34m├─[39m [2m/thralls/gwhasar-straight-arrow/index.html[22m [2m(+22ms)[22m 
[2m22:31:43[22m   [34m├─[39m [2m/thralls/hagar-hawkeye/index.html[22m [2m(+22ms)[22m 
[2m22:31:43[22m   [34m├─[39m [2m/thralls/hakiz-the-bane/index.html[22m [2m(+23ms)[22m 
[2m22:31:43[22m   [34m├─[39m [2m/thralls/hakka-sixfingers/index.html[22m [2m(+23ms)[22m 
[2m22:31:43[22m   [34m├─[39m [2m/thralls/hamar-the-carpenter/index.html[22m [2m(+22ms)[22m 
[2m22:31:43[22m   [34m├─[39m [2m/thralls/hana-of-kush/index.html[22m [2m(+22ms)[22m 
[2m22:31:43[22m   [34m├─[39m [2m/thralls/hanar-of-bossonia/index.html[22m [2m(+23ms)[22m 
[2m22:31:43[22m   [34m├─[39m [2m/thralls/hanar-the-bold/index.html[22m [2m(+23ms)[22m 
[2m22:31:43[22m   [34m├─[39m [2m/thralls/hanar-the-hammer/index.html[22m [2m(+23ms)[22m 
[2m22:31:43[22m   [34m├─[39m [2m/thralls/hans-the-brute/index.html[22m [2m(+22ms)[22m 
[2m22:31:43[22m   [34m├─[39m [2m/thralls/hansel-of-the-blue-seas/index.html[22m [2m(+23ms)[22m 
[2m22:31:43[22m   [34m├─[39m [2m/thralls/hapzebat-of-the-furnace/index.html[22m [2m(+23ms)[22m 
[2m22:31:43[22m   [34m├─[39m [2m/thralls/hap-zepet-forgeguard/index.html[22m [2m(+22ms)[22m 
[2m22:31:43[22m   [34m├─[39m [2m/thralls/hap-zebah/index.html[22m [2m(+22ms)[22m 
[2m22:31:43[22m   [34m├─[39m [2m/thralls/haral-of-the-nether/index.html[22m [2m(+23ms)[22m 
[2m22:31:43[22m   [34m├─[39m [2m/thralls/harald-the-white/index.html[22m [2m(+22ms)[22m 
[2m22:31:43[22m   [34m├─[39m [2m/thralls/harkin-the-fleecer/index.html[22m [2m(+22ms)[22m 
[2m22:31:43[22m   [34m├─[39m [2m/thralls/haruk-blackened-teeth/index.html[22m [2m(+23ms)[22m 
[2m22:31:43[22m   [34m├─[39m [2m/thralls/harus-flickerfinger/index.html[22m [2m(+23ms)[22m 
[2m22:31:43[22m   [34m├─[39m [2m/thralls/hasis-of-zamoria/index.html[22m [2m(+23ms)[22m 
[2m22:31:43[22m   [34m├─[39m [2m/thralls/hathem-the-dreaded/index.html[22m [2m(+23ms)[22m 
[2m22:31:43[22m   [34m├─[39m [2m/thralls/haur-the-devoted/index.html[22m [2m(+23ms)[22m 
[2m22:31:43[22m   [34m├─[39m [2m/thralls/head-chef-neavan/index.html[22m [2m(+23ms)[22m 
[2m22:31:43[22m   [34m├─[39m [2m/thralls/head-chef-taradis/index.html[22m [2m(+22ms)[22m 
[2m22:31:43[22m   [34m├─[39m [2m/thralls/hebanen-the-quack/index.html[22m [2m(+22ms)[22m 
[2m22:31:43[22m   [34m├─[39m [2m/thralls/heker-the-henpecked/index.html[22m [2m(+23ms)[22m 
[2m22:31:43[22m   [34m├─[39m [2m/thralls/hekkr-waverunner/index.html[22m [2m(+24ms)[22m 
[2m22:31:43[22m   [34m├─[39m [2m/thralls/helga/index.html[22m [2m(+22ms)[22m 
[2m22:31:43[22m   [34m├─[39m [2m/thralls/hell-breath/index.html[22m [2m(+22ms)[22m 
[2m22:31:43[22m   [34m├─[39m [2m/thralls/hena-the-survivor/index.html[22m [2m(+22ms)[22m 
[2m22:31:43[22m   [34m├─[39m [2m/thralls/henk-the-blacksmith/index.html[22m [2m(+23ms)[22m 
[2m22:31:43[22m   [34m├─[39m [2m/thralls/hennek-the-sharp/index.html[22m [2m(+23ms)[22m 
[2m22:31:43[22m   [34m├─[39m [2m/thralls/henrietta-the-armorer/index.html[22m [2m(+22ms)[22m 
[2m22:31:43[22m   [34m├─[39m [2m/thralls/henwas-blacknails/index.html[22m [2m(+23ms)[22m 
[2m22:31:43[22m   [34m├─[39m [2m/thralls/heria-of-tarantia/index.html[22m [2m(+24ms)[22m 
[2m22:31:43[22m   [34m├─[39m [2m/thralls/herman-von-blat/index.html[22m [2m(+23ms)[22m 
[2m22:31:43[22m   [34m├─[39m [2m/thralls/herra-of-the-woods/index.html[22m [2m(+22ms)[22m 
[2m22:31:43[22m   [34m├─[39m [2m/thralls/herric-the-fletcher/index.html[22m [2m(+23ms)[22m 
[2m22:31:43[22m   [34m├─[39m [2m/thralls/hesth-plainswalker/index.html[22m [2m(+22ms)[22m 
[2m22:31:43[22m   [34m├─[39m [2m/thralls/high-priestess-chet/index.html[22m [2m(+25ms)[22m 
[2m22:31:43[22m   [34m├─[39m [2m/thralls/high-priestess-mai/index.html[22m [2m(+23ms)[22m 
[2m22:31:43[22m   [34m├─[39m [2m/thralls/high-priestess-shira/index.html[22m [2m(+23ms)[22m 
[2m22:31:43[22m   [34m├─[39m [2m/thralls/hith-silverfinger/index.html[22m [2m(+23ms)[22m 
[2m22:31:43[22m   [34m├─[39m [2m/thralls/hodur-the-humble/index.html[22m [2m(+23ms)[22m 
[2m22:31:44[22m   [34m├─[39m [2m/thralls/holgir-of-the-dark-arts/index.html[22m [2m(+23ms)[22m 
[2m22:31:44[22m   [34m├─[39m [2m/thralls/hortapesh-the-smelter/index.html[22m [2m(+23ms)[22m 
[2m22:31:44[22m   [34m├─[39m [2m/thralls/hoshun-the-fang/index.html[22m [2m(+23ms)[22m 
[2m22:31:44[22m   [34m├─[39m [2m/thralls/hoss-gristlebiter/index.html[22m [2m(+23ms)[22m 
[2m22:31:44[22m   [34m├─[39m [2m/thralls/hosth-shark-eye/index.html[22m [2m(+23ms)[22m 
[2m22:31:44[22m   [34m├─[39m [2m/thralls/hosth-the-venomous/index.html[22m [2m(+23ms)[22m 
[2m22:31:44[22m   [34m├─[39m [2m/thralls/hragn-mad-with-fumes/index.html[22m [2m(+24ms)[22m 
[2m22:31:44[22m   [34m├─[39m [2m/thralls/hrogert-of-the-frozen-north/index.html[22m [2m(+23ms)[22m 
[2m22:31:44[22m   [34m├─[39m [2m/thralls/hrugn-raging-fire/index.html[22m [2m(+23ms)[22m 
[2m22:31:44[22m   [34m├─[39m [2m/thralls/hundra-the-aesir/index.html[22m [2m(+25ms)[22m 
[2m22:31:44[22m   [34m├─[39m [2m/thralls/hunter-dennu/index.html[22m [2m(+23ms)[22m 
[2m22:31:44[22m   [34m├─[39m [2m/thralls/hunter-maro/index.html[22m [2m(+23ms)[22m 
[2m22:31:44[22m   [34m├─[39m [2m/thralls/huntsmaster-flisa/index.html[22m [2m(+23ms)[22m 
[2m22:31:44[22m   [34m├─[39m [2m/thralls/huntsmaster-ragnar/index.html[22m [2m(+23ms)[22m 
[2m22:31:44[22m   [34m├─[39m [2m/thralls/hyam-hammerhand/index.html[22m [2m(+23ms)[22m 
[2m22:31:44[22m   [34m├─[39m [2m/thralls/iblis-of-zingara/index.html[22m [2m(+23ms)[22m 
[2m22:31:44[22m   [34m├─[39m [2m/thralls/ibrin-metal-hater/index.html[22m [2m(+23ms)[22m 
[2m22:31:44[22m   [34m├─[39m [2m/thralls/idra-sparkeyes/index.html[22m [2m(+23ms)[22m 
[2m22:31:44[22m   [34m├─[39m [2m/thralls/iekika-the-visionary/index.html[22m [2m(+24ms)[22m 
[2m22:31:44[22m   [34m├─[39m [2m/thralls/ilda-fireweaver/index.html[22m [2m(+22ms)[22m 
[2m22:31:44[22m   [34m├─[39m [2m/thralls/ilo-ironbar/index.html[22m [2m(+23ms)[22m 
[2m22:31:44[22m   [34m├─[39m [2m/thralls/imigo-the-carpenter/index.html[22m [2m(+23ms)[22m 
[2m22:31:44[22m   [34m├─[39m [2m/thralls/imis-stained-blade/index.html[22m [2m(+23ms)[22m 
[2m22:31:44[22m   [34m├─[39m [2m/thralls/imiu-of-derketo/index.html[22m [2m(+23ms)[22m 
[2m22:31:44[22m   [34m├─[39m [2m/thralls/immis-of-zamora/index.html[22m [2m(+23ms)[22m 
[2m22:31:44[22m   [34m├─[39m [2m/thralls/inigo-the-vengeful/index.html[22m [2m(+23ms)[22m 
[2m22:31:44[22m   [34m├─[39m [2m/thralls/io-the-mad/index.html[22m [2m(+23ms)[22m 
[2m22:31:44[22m   [34m├─[39m [2m/thralls/iohann-the-dream-weaver/index.html[22m [2m(+23ms)[22m 
[2m22:31:44[22m   [34m├─[39m [2m/thralls/ionna-the-seductress/index.html[22m [2m(+23ms)[22m 
[2m22:31:44[22m   [34m├─[39m [2m/thralls/iria-soot-face/index.html[22m [2m(+23ms)[22m 
[2m22:31:44[22m   [34m├─[39m [2m/thralls/iria-of-zamoria/index.html[22m [2m(+23ms)[22m 
[2m22:31:44[22m   [34m├─[39m [2m/thralls/irniz-of-the-furnace/index.html[22m [2m(+22ms)[22m 
[2m22:31:44[22m   [34m├─[39m [2m/thralls/iron-eater-gnaar/index.html[22m [2m(+22ms)[22m 
[2m22:31:44[22m   [34m├─[39m [2m/thralls/ironmouth/index.html[22m [2m(+22ms)[22m 
[2m22:31:44[22m   [34m├─[39m [2m/thralls/irue-the-flinger/index.html[22m [2m(+23ms)[22m 
[2m22:31:44[22m   [34m├─[39m [2m/thralls/isthis-the-witch/index.html[22m [2m(+22ms)[22m 
[2m22:31:44[22m   [34m├─[39m [2m/thralls/itria-peeling-skin/index.html[22m [2m(+22ms)[22m 
[2m22:31:44[22m   [34m├─[39m [2m/thralls/ivasel-the-sacred/index.html[22m [2m(+24ms)[22m 
[2m22:31:44[22m   [34m├─[39m [2m/thralls/iza-tinderfinger/index.html[22m [2m(+23ms)[22m 
[2m22:31:44[22m   [34m├─[39m [2m/thralls/jonn-farseek/index.html[22m [2m(+24ms)[22m 
[2m22:31:44[22m   [34m├─[39m [2m/thralls/jaal-yogs-chosen/index.html[22m [2m(+24ms)[22m 
[2m22:31:44[22m   [34m├─[39m [2m/thralls/jaden-rousch-the-epiphaneous/index.html[22m [2m(+22ms)[22m 
[2m22:31:44[22m   [34m├─[39m [2m/thralls/jaespliis/index.html[22m [2m(+22ms)[22m 
[2m22:31:44[22m   [34m├─[39m [2m/thralls/jaiss-the-culinarian/index.html[22m [2m(+22ms)[22m 
[2m22:31:45[22m   [34m├─[39m [2m/thralls/janos/index.html[22m [2m(+23ms)[22m 
[2m22:31:45[22m   [34m├─[39m [2m/thralls/jehungir-horseshoe/index.html[22m [2m(+22ms)[22m 
[2m22:31:45[22m   [34m├─[39m [2m/thralls/jelal-the-builder/index.html[22m [2m(+23ms)[22m 
[2m22:31:45[22m   [34m├─[39m [2m/thralls/jerik-the-accursed/index.html[22m [2m(+23ms)[22m 
[2m22:31:45[22m   [34m├─[39m [2m/thralls/jerik-the-biter/index.html[22m [2m(+23ms)[22m 
[2m22:31:45[22m   [34m├─[39m [2m/thralls/jobim-the-mad-prophet/index.html[22m [2m(+22ms)[22m 
[2m22:31:45[22m   [34m├─[39m [2m/thralls/johan-farseek/index.html[22m [2m(+23ms)[22m 
[2m22:31:45[22m   [34m├─[39m [2m/thralls/johann-of-nordheim/index.html[22m [2m(+22ms)[22m 
[2m22:31:45[22m   [34m├─[39m [2m/thralls/joka-ironfist/index.html[22m [2m(+22ms)[22m 
[2m22:31:45[22m   [34m├─[39m [2m/thralls/jon-the-tinkerer/index.html[22m [2m(+23ms)[22m 
[2m22:31:45[22m   [34m├─[39m [2m/thralls/jotha-spinebreaker/index.html[22m [2m(+23ms)[22m 
[2m22:31:45[22m   [34m├─[39m [2m/thralls/jukona-the-accursed/index.html[22m [2m(+24ms)[22m 
[2m22:31:45[22m   [34m├─[39m [2m/thralls/jukona-the-fool/index.html[22m [2m(+22ms)[22m 
[2m22:31:45[22m   [34m├─[39m [2m/thralls/kaput-the-blacksmith/index.html[22m [2m(+22ms)[22m 
[2m22:31:45[22m   [34m├─[39m [2m/thralls/kalima-shuktde-of-the-seven-fires/index.html[22m [2m(+23ms)[22m 
[2m22:31:45[22m   [34m├─[39m [2m/thralls/kallas-of-the-rack/index.html[22m [2m(+23ms)[22m 
[2m22:31:45[22m   [34m├─[39m [2m/thralls/kamut-the-tanner/index.html[22m [2m(+22ms)[22m 
[2m22:31:45[22m   [34m├─[39m [2m/thralls/kapellez-noose-maker/index.html[22m [2m(+23ms)[22m 
[2m22:31:45[22m   [34m├─[39m [2m/thralls/kapta-seeker-of-hearts/index.html[22m [2m(+23ms)[22m 
[2m22:31:45[22m   [34m├─[39m [2m/thralls/karamheb-of-the-larder/index.html[22m [2m(+23ms)[22m 
[2m22:31:45[22m   [34m├─[39m [2m/thralls/karis-the-terror-of-kush/index.html[22m [2m(+23ms)[22m 
[2m22:31:45[22m   [34m├─[39m [2m/thralls/karl-black-hand/index.html[22m [2m(+22ms)[22m 
[2m22:31:45[22m   [34m├─[39m [2m/thralls/karl-smallwood-the-taskmaster/index.html[22m [2m(+22ms)[22m 
[2m22:31:45[22m   [34m├─[39m [2m/thralls/karl-of-the-north/index.html[22m [2m(+23ms)[22m 
[2m22:31:45[22m   [34m├─[39m [2m/thralls/karlus-the-binder/index.html[22m [2m(+22ms)[22m 
[2m22:31:45[22m   [34m├─[39m [2m/thralls/karthok-of-the-great-beast/index.html[22m [2m(+22ms)[22m 
[2m22:31:45[22m   [34m├─[39m [2m/thralls/kaspa-of-the-forest/index.html[22m [2m(+23ms)[22m 
[2m22:31:45[22m   [34m├─[39m [2m/thralls/kat-of-the-thousand-lashes/index.html[22m [2m(+24ms)[22m 
[2m22:31:45[22m   [34m├─[39m [2m/thralls/katerina-of-the-wild-seas/index.html[22m [2m(+23ms)[22m 
[2m22:31:45[22m   [34m├─[39m [2m/thralls/kathibria-featherstep/index.html[22m [2m(+23ms)[22m 
[2m22:31:45[22m   [34m├─[39m [2m/thralls/kaud-the-leatherworker/index.html[22m [2m(+22ms)[22m 
[2m22:31:45[22m   [34m├─[39m [2m/thralls/kavara-of-the-hides/index.html[22m [2m(+22ms)[22m 
[2m22:31:45[22m   [34m├─[39m [2m/thralls/kelvan-the-accursed/index.html[22m [2m(+23ms)[22m 
[2m22:31:45[22m   [34m├─[39m [2m/thralls/kelvan-the-bringer-of-suffering/index.html[22m [2m(+23ms)[22m 
[2m22:31:45[22m   [34m├─[39m [2m/thralls/kep-amut-the-merciless/index.html[22m [2m(+23ms)[22m 
[2m22:31:45[22m   [34m├─[39m [2m/thralls/keprel-the-buccaneer/index.html[22m [2m(+23ms)[22m 
[2m22:31:45[22m   [34m├─[39m [2m/thralls/keston-the-tree-whisperer/index.html[22m [2m(+23ms)[22m 
[2m22:31:45[22m   [34m├─[39m [2m/thralls/ketmet-the-whisperer/index.html[22m [2m(+23ms)[22m 
[2m22:31:45[22m   [34m├─[39m [2m/thralls/keyim-of-asura/index.html[22m [2m(+23ms)[22m 
[2m22:31:45[22m   [34m├─[39m [2m/thralls/khafra-the-mixer/index.html[22m [2m(+22ms)[22m 
[2m22:31:45[22m   [34m├─[39m [2m/thralls/khalid-the-maniac/index.html[22m [2m(+23ms)[22m 
[2m22:31:45[22m   [34m├─[39m [2m/thralls/khat-cauldron-tender/index.html[22m [2m(+23ms)[22m 
[2m22:31:45[22m   [34m├─[39m [2m/thralls/kheph-steelbender/index.html[22m [2m(+22ms)[22m 
[2m22:31:46[22m   [34m├─[39m [2m/thralls/kheral-the-tanner/index.html[22m [2m(+23ms)[22m 
[2m22:31:46[22m   [34m├─[39m [2m/thralls/khon-trast-sizzlefinger/index.html[22m [2m(+22ms)[22m 
[2m22:31:46[22m   [34m├─[39m [2m/thralls/khorim-of-the-sands/index.html[22m [2m(+23ms)[22m 
[2m22:31:46[22m   [34m├─[39m [2m/thralls/kirik-master-armorer/index.html[22m [2m(+23ms)[22m 
[2m22:31:46[22m   [34m├─[39m [2m/thralls/kisthis-fleshtearer/index.html[22m [2m(+23ms)[22m 
[2m22:31:46[22m   [34m├─[39m [2m/thralls/kol-true-strike/index.html[22m [2m(+24ms)[22m 
[2m22:31:46[22m   [34m├─[39m [2m/thralls/kopris-the-hide-stretcher/index.html[22m [2m(+23ms)[22m 
[2m22:31:46[22m   [34m├─[39m [2m/thralls/koros-the-feral/index.html[22m [2m(+23ms)[22m 
[2m22:31:46[22m   [34m├─[39m [2m/thralls/kot-arok-steelbender/index.html[22m [2m(+23ms)[22m 
[2m22:31:46[22m   [34m├─[39m [2m/thralls/krathos-of-kush/index.html[22m [2m(+23ms)[22m 
[2m22:31:46[22m   [34m├─[39m [2m/thralls/krug-the-inbred/index.html[22m [2m(+23ms)[22m 
[2m22:31:46[22m   [34m├─[39m [2m/thralls/kruth-one-blow/index.html[22m [2m(+23ms)[22m 
[2m22:31:46[22m   [34m├─[39m [2m/thralls/kunar-the-invader/index.html[22m [2m(+23ms)[22m 
[2m22:31:46[22m   [34m├─[39m [2m/thralls/kursk-the-flesheater/index.html[22m [2m(+23ms)[22m 
[2m22:31:46[22m   [34m├─[39m [2m/thralls/kushir-crackedskull/index.html[22m [2m(+23ms)[22m 
[2m22:31:46[22m   [34m├─[39m [2m/thralls/kysira/index.html[22m [2m(+23ms)[22m 
[2m22:31:46[22m   [34m├─[39m [2m/thralls/lapu-the-caller/index.html[22m [2m(+23ms)[22m 
[2m22:31:46[22m   [34m├─[39m [2m/thralls/lar-the-loadbearer/index.html[22m [2m(+23ms)[22m 
[2m22:31:46[22m   [34m├─[39m [2m/thralls/larathiel-of-asura/index.html[22m [2m(+22ms)[22m 
[2m22:31:46[22m   [34m├─[39m [2m/thralls/larth-the-sinister/index.html[22m [2m(+23ms)[22m 
[2m22:31:46[22m   [34m├─[39m [2m/thralls/leatherworker-khurt/index.html[22m [2m(+23ms)[22m 
[2m22:31:46[22m   [34m├─[39m [2m/thralls/leo-the-monster/index.html[22m [2m(+23ms)[22m 
[2m22:31:46[22m   [34m├─[39m [2m/thralls/lesteret-the-accursed/index.html[22m [2m(+23ms)[22m 
[2m22:31:46[22m   [34m├─[39m [2m/thralls/lesteret-the-unsung-hero/index.html[22m [2m(+22ms)[22m 
[2m22:31:46[22m   [34m├─[39m [2m/thralls/lethandra/index.html[22m [2m(+23ms)[22m 
[2m22:31:46[22m   [34m├─[39m [2m/thralls/lethdol-twox-speaker-of-asura/index.html[22m [2m(+23ms)[22m 
[2m22:31:46[22m   [34m├─[39m [2m/thralls/lian/index.html[22m [2m(+23ms)[22m 
[2m22:31:46[22m   [34m├─[39m [2m/thralls/lianeele/index.html[22m [2m(+24ms)[22m 
[2m22:31:46[22m   [34m├─[39m [2m/thralls/lianeele-the-accursed/index.html[22m [2m(+23ms)[22m 
[2m22:31:46[22m   [34m├─[39m [2m/thralls/lierik-the-hatchet/index.html[22m [2m(+22ms)[22m 
[2m22:31:46[22m   [34m├─[39m [2m/thralls/lirli-the-sorceress/index.html[22m [2m(+23ms)[22m 
[2m22:31:46[22m   [34m├─[39m [2m/thralls/lissa-o-the-longbow/index.html[22m [2m(+24ms)[22m 
[2m22:31:46[22m   [34m├─[39m [2m/thralls/lissi-barkskin/index.html[22m [2m(+23ms)[22m 
[2m22:31:46[22m   [34m├─[39m [2m/thralls/lissira/index.html[22m [2m(+22ms)[22m 
[2m22:31:46[22m   [34m├─[39m [2m/thralls/llarn-steeltoe/index.html[22m [2m(+22ms)[22m 
[2m22:31:46[22m   [34m├─[39m [2m/thralls/llor-the-accursed/index.html[22m [2m(+23ms)[22m 
[2m22:31:46[22m   [34m├─[39m [2m/thralls/llor-the-preyseeker/index.html[22m [2m(+23ms)[22m 
[2m22:31:46[22m   [34m├─[39m [2m/thralls/lodrik-the-tanner/index.html[22m [2m(+22ms)[22m 
[2m22:31:46[22m   [34m├─[39m [2m/thralls/lohar-the-burned/index.html[22m [2m(+23ms)[22m 
[2m22:31:46[22m   [34m├─[39m [2m/thralls/loich-molten-hand/index.html[22m [2m(+24ms)[22m 
[2m22:31:46[22m   [34m├─[39m [2m/thralls/lone-fisherman/index.html[22m [2m(+24ms)[22m 
[2m22:31:46[22m   [34m├─[39m [2m/thralls/lookout-cassia/index.html[22m [2m(+23ms)[22m 
[2m22:31:46[22m   [34m├─[39m [2m/thralls/lot-frostspeaker/index.html[22m [2m(+22ms)[22m 
[2m22:31:46[22m   [34m├─[39m [2m/thralls/lotkanut-the-sous-chef/index.html[22m [2m(+23ms)[22m 
[2m22:31:47[22m   [34m├─[39m [2m/thralls/luba-the-luscious/index.html[22m [2m(+23ms)[22m 
[2m22:31:47[22m   [34m├─[39m [2m/thralls/maath-the-fleshtearer/index.html[22m [2m(+23ms)[22m 
[2m22:31:47[22m   [34m├─[39m [2m/thralls/macrin-black-hand/index.html[22m [2m(+23ms)[22m 
[2m22:31:47[22m   [34m├─[39m [2m/thralls/mad-experimenter-grol/index.html[22m [2m(+23ms)[22m 
[2m22:31:47[22m   [34m├─[39m [2m/thralls/maev-the-magnificent/index.html[22m [2m(+22ms)[22m 
[2m22:31:47[22m   [34m├─[39m [2m/thralls/makes-waves/index.html[22m [2m(+23ms)[22m 
[2m22:31:47[22m   [34m├─[39m [2m/thralls/makiela-hide-ripper/index.html[22m [2m(+23ms)[22m 
[2m22:31:47[22m   [34m├─[39m [2m/thralls/mandughai-hundred-arrow/index.html[22m [2m(+22ms)[22m 
[2m22:31:47[22m   [34m├─[39m [2m/thralls/manos-the-handful/index.html[22m [2m(+23ms)[22m 
[2m22:31:47[22m   [34m├─[39m [2m/thralls/mar-the-maker/index.html[22m [2m(+23ms)[22m 
[2m22:31:47[22m   [34m├─[39m [2m/thralls/marius-beast-skinner/index.html[22m [2m(+23ms)[22m 
[2m22:31:47[22m   [34m├─[39m [2m/thralls/markos-the-accursed/index.html[22m [2m(+23ms)[22m 
[2m22:31:47[22m   [34m├─[39m [2m/thralls/markos-bane-of-beasts/index.html[22m [2m(+23ms)[22m 
[2m22:31:47[22m   [34m├─[39m [2m/thralls/marn-the-accursed/index.html[22m [2m(+23ms)[22m 
[2m22:31:47[22m   [34m├─[39m [2m/thralls/marn-the-breaker/index.html[22m [2m(+22ms)[22m 
[2m22:31:47[22m   [34m├─[39m [2m/thralls/marrakhul-the-blackhearted/index.html[22m [2m(+22ms)[22m 
[2m22:31:47[22m   [34m├─[39m [2m/thralls/maru-the-cannibal/index.html[22m [2m(+23ms)[22m 
[2m22:31:47[22m   [34m├─[39m [2m/thralls/marys-blackfingers/index.html[22m [2m(+23ms)[22m 
[2m22:31:47[22m   [34m├─[39m [2m/thralls/master-alchemist-harth/index.html[22m [2m(+23ms)[22m 
[2m22:31:47[22m   [34m├─[39m [2m/thralls/master-alchemist-rashida/index.html[22m [2m(+23ms)[22m 
[2m22:31:47[22m   [34m├─[39m [2m/thralls/master-archer-thak/index.html[22m [2m(+23ms)[22m 
[2m22:31:47[22m   [34m├─[39m [2m/thralls/master-armorer-alnor/index.html[22m [2m(+22ms)[22m 
[2m22:31:47[22m   [34m├─[39m [2m/thralls/master-armorer-enzel/index.html[22m [2m(+23ms)[22m 
[2m22:31:47[22m   [34m├─[39m [2m/thralls/master-armorer-keel/index.html[22m [2m(+22ms)[22m 
[2m22:31:47[22m   [34m├─[39m [2m/thralls/master-armorer-sasai/index.html[22m [2m(+23ms)[22m 
[2m22:31:47[22m   [34m├─[39m [2m/thralls/master-armorer-surn/index.html[22m [2m(+23ms)[22m 
[2m22:31:47[22m   [34m├─[39m [2m/thralls/master-armorer-tialus/index.html[22m [2m(+22ms)[22m 
[2m22:31:47[22m   [34m├─[39m [2m/thralls/master-armorer-tulos/index.html[22m [2m(+23ms)[22m 
[2m22:31:47[22m   [34m├─[39m [2m/thralls/master-artisan-marb/index.html[22m [2m(+22ms)[22m 
[2m22:31:47[22m   [34m├─[39m [2m/thralls/master-blacksmith-kiris/index.html[22m [2m(+23ms)[22m 
[2m22:31:47[22m   [34m├─[39m [2m/thralls/master-blacksmith-ulfric/index.html[22m [2m(+22ms)[22m 
[2m22:31:47[22m   [34m├─[39m [2m/thralls/master-carpenter-anthor/index.html[22m [2m(+23ms)[22m 
[2m22:31:47[22m   [34m├─[39m [2m/thralls/master-carpenter-bernt/index.html[22m [2m(+24ms)[22m 
[2m22:31:47[22m   [34m├─[39m [2m/thralls/master-carpenter-gira/index.html[22m [2m(+24ms)[22m 
[2m22:31:47[22m   [34m├─[39m [2m/thralls/master-carpenter-hamar/index.html[22m [2m(+23ms)[22m 
[2m22:31:47[22m   [34m├─[39m [2m/thralls/master-carpenter-milz/index.html[22m [2m(+23ms)[22m 
[2m22:31:47[22m   [34m├─[39m [2m/thralls/master-carpenter-negan/index.html[22m [2m(+23ms)[22m 
[2m22:31:47[22m   [34m├─[39m [2m/thralls/master-chef-thab/index.html[22m [2m(+23ms)[22m 
[2m22:31:47[22m   [34m├─[39m [2m/thralls/master-crafter-shanya/index.html[22m [2m(+22ms)[22m 
[2m22:31:47[22m   [34m├─[39m [2m/thralls/master-smelter-ealis/index.html[22m [2m(+23ms)[22m 
[2m22:31:47[22m   [34m├─[39m [2m/thralls/master-smelter-jius/index.html[22m [2m(+23ms)[22m 
[2m22:31:47[22m   [34m├─[39m [2m/thralls/master-smelter-nuiss/index.html[22m [2m(+24ms)[22m 
[2m22:31:47[22m   [34m├─[39m [2m/thralls/master-smelter-waas/index.html[22m [2m(+24ms)[22m 
[2m22:31:47[22m   [34m├─[39m [2m/thralls/master-tanner-callele/index.html[22m [2m(+22ms)[22m 
[2m22:31:48[22m   [34m├─[39m [2m/thralls/master-tanner-ghazin/index.html[22m [2m(+23ms)[22m 
[2m22:31:48[22m   [34m├─[39m [2m/thralls/master-tanner-hina/index.html[22m [2m(+22ms)[22m 
[2m22:31:48[22m   [34m├─[39m [2m/thralls/master-tanner-ryi/index.html[22m [2m(+22ms)[22m 
[2m22:31:48[22m   [34m├─[39m [2m/thralls/master-tanner-trak/index.html[22m [2m(+23ms)[22m 
[2m22:31:48[22m   [34m├─[39m [2m/thralls/matara-thrall-maker/index.html[22m [2m(+23ms)[22m 
[2m22:31:48[22m   [34m├─[39m [2m/thralls/matias-snowmelt/index.html[22m [2m(+23ms)[22m 
[2m22:31:48[22m   [34m├─[39m [2m/thralls/matias-the-accursed/index.html[22m [2m(+23ms)[22m 
[2m22:31:48[22m   [34m├─[39m [2m/thralls/maximillian-the-mad/index.html[22m [2m(+22ms)[22m 
[2m22:31:48[22m   [34m├─[39m [2m/thralls/mei-the-blade/index.html[22m [2m(+23ms)[22m 
[2m22:31:48[22m   [34m├─[39m [2m/thralls/mekri-of-stygia/index.html[22m [2m(+24ms)[22m 
[2m22:31:48[22m   [34m├─[39m [2m/thralls/melandra-the-cook/index.html[22m [2m(+23ms)[22m 
[2m22:31:48[22m   [34m├─[39m [2m/thralls/melicoma-the-watcher/index.html[22m [2m(+22ms)[22m 
[2m22:31:48[22m   [34m├─[39m [2m/thralls/mene-faithbringer/index.html[22m [2m(+23ms)[22m 
[2m22:31:48[22m   [34m├─[39m [2m/thralls/menhas-walker-of-the-path/index.html[22m [2m(+22ms)[22m 
[2m22:31:48[22m   [34m├─[39m [2m/thralls/mercenary-protector/index.html[22m [2m(+23ms)[22m 
[2m22:31:48[22m   [34m├─[39m [2m/thralls/merkel-the-edgesmith/index.html[22m [2m(+22ms)[22m 
[2m22:31:48[22m   [34m├─[39m [2m/thralls/merram-the-accursed/index.html[22m [2m(+23ms)[22m 
[2m22:31:48[22m   [34m├─[39m [2m/thralls/merram-the-cook/index.html[22m [2m(+23ms)[22m 
[2m22:31:48[22m   [34m├─[39m [2m/thralls/migor-the-reliable/index.html[22m [2m(+24ms)[22m 
[2m22:31:48[22m   [34m├─[39m [2m/thralls/miia-the-enslaver/index.html[22m [2m(+23ms)[22m 
[2m22:31:48[22m   [34m├─[39m [2m/thralls/mij-of-asura/index.html[22m [2m(+23ms)[22m 
[2m22:31:48[22m   [34m├─[39m [2m/thralls/mikri---cleric-of-the-fourth-level/index.html[22m [2m(+23ms)[22m 
[2m22:31:48[22m   [34m├─[39m [2m/thralls/misery-bringer-artan/index.html[22m [2m(+23ms)[22m 
[2m22:31:48[22m   [34m├─[39m [2m/thralls/missing-fingers/index.html[22m [2m(+22ms)[22m 
[2m22:31:48[22m   [34m├─[39m [2m/thralls/mitras-chosen/index.html[22m [2m(+23ms)[22m 
[2m22:31:48[22m   [34m├─[39m [2m/thralls/mixmaster-festus/index.html[22m [2m(+24ms)[22m 
[2m22:31:48[22m   [34m├─[39m [2m/thralls/moku-the-smelly/index.html[22m [2m(+23ms)[22m 
[2m22:31:48[22m   [34m├─[39m [2m/thralls/morena-master-armorer/index.html[22m [2m(+23ms)[22m 
[2m22:31:48[22m   [34m├─[39m [2m/thralls/morina-fish-eye/index.html[22m [2m(+24ms)[22m 
[2m22:31:48[22m   [34m├─[39m [2m/thralls/moryn--dye-master/index.html[22m [2m(+23ms)[22m 
[2m22:31:48[22m   [34m├─[39m [2m/thralls/muhingo-war-maker/index.html[22m [2m(+23ms)[22m 
[2m22:31:48[22m   [34m├─[39m [2m/thralls/mulai-the-secretkeeper/index.html[22m [2m(+23ms)[22m 
[2m22:31:48[22m   [34m├─[39m [2m/thralls/munches-on-noses/index.html[22m [2m(+23ms)[22m 
[2m22:31:48[22m   [34m├─[39m [2m/thralls/murzi-smolderfinger/index.html[22m [2m(+24ms)[22m 
[2m22:31:48[22m   [34m├─[39m [2m/thralls/mut-of-stygia/index.html[22m [2m(+23ms)[22m 
[2m22:31:48[22m   [34m├─[39m [2m/thralls/ngal-the-cannibal/index.html[22m [2m(+23ms)[22m 
[2m22:31:48[22m   [34m├─[39m [2m/thralls/nbatu/index.html[22m [2m(+23ms)[22m 
[2m22:31:48[22m   [34m├─[39m [2m/thralls/nput-forgebound/index.html[22m [2m(+23ms)[22m 
[2m22:31:48[22m   [34m├─[39m [2m/thralls/naek-the-slaver/index.html[22m [2m(+23ms)[22m 
[2m22:31:48[22m   [34m├─[39m [2m/thralls/naralia-of-the-desert-seas/index.html[22m [2m(+23ms)[22m 
[2m22:31:48[22m   [34m├─[39m [2m/thralls/narcissa-farsight/index.html[22m [2m(+23ms)[22m 
[2m22:31:48[22m   [34m├─[39m [2m/thralls/narr-goatfoot/index.html[22m [2m(+22ms)[22m 
[2m22:31:48[22m   [34m├─[39m [2m/thralls/nasa-the-unholy/index.html[22m [2m(+23ms)[22m 
[2m22:31:49[22m   [34m├─[39m [2m/thralls/nepthea-of-the-shade/index.html[22m [2m(+23ms)[22m 
[2m22:31:49[22m   [34m├─[39m [2m/thralls/nessa-of-the-brood/index.html[22m [2m(+23ms)[22m 
[2m22:31:49[22m   [34m├─[39m [2m/thralls/nimbletoe/index.html[22m [2m(+23ms)[22m 
[2m22:31:49[22m   [34m├─[39m [2m/thralls/njoror-battleborn/index.html[22m [2m(+23ms)[22m 
[2m22:31:49[22m   [34m├─[39m [2m/thralls/noam-of-akkharia/index.html[22m [2m(+24ms)[22m 
[2m22:31:49[22m   [34m├─[39m [2m/thralls/nordheimer-berserker/index.html[22m [2m(+24ms)[22m 
[2m22:31:49[22m   [34m├─[39m [2m/thralls/noss-the-murderer/index.html[22m [2m(+22ms)[22m 
[2m22:31:49[22m   [34m├─[39m [2m/thralls/nurus-the-back-stabber/index.html[22m [2m(+23ms)[22m 
[2m22:31:49[22m   [34m├─[39m [2m/thralls/nutmakra-blackened-fingers/index.html[22m [2m(+24ms)[22m 
[2m22:31:49[22m   [34m├─[39m [2m/thralls/nutshep-master-carpenter/index.html[22m [2m(+23ms)[22m 
[2m22:31:49[22m   [34m├─[39m [2m/thralls/nydal-the-spinner/index.html[22m [2m(+23ms)[22m 
[2m22:31:49[22m   [34m├─[39m [2m/thralls/nyle-wolf-pelt/index.html[22m [2m(+23ms)[22m 
[2m22:31:49[22m   [34m├─[39m [2m/thralls/nyle-the-accursed/index.html[22m [2m(+23ms)[22m 
[2m22:31:49[22m   [34m├─[39m [2m/thralls/ogra-the-headcleaver/index.html[22m [2m(+23ms)[22m 
[2m22:31:49[22m   [34m├─[39m [2m/thralls/ogris-tenderfinger/index.html[22m [2m(+23ms)[22m 
[2m22:31:49[22m   [34m├─[39m [2m/thralls/ogrus-iron-eater/index.html[22m [2m(+23ms)[22m 
[2m22:31:49[22m   [34m├─[39m [2m/thralls/oisun-the-smith/index.html[22m [2m(+23ms)[22m 
[2m22:31:49[22m   [34m├─[39m [2m/thralls/okkun-wild-hide/index.html[22m [2m(+23ms)[22m 
[2m22:31:49[22m   [34m├─[39m [2m/thralls/ola-the-mad-hollow/index.html[22m [2m(+23ms)[22m 
[2m22:31:49[22m   [34m├─[39m [2m/thralls/olena-the-oathmaker/index.html[22m [2m(+23ms)[22m 
[2m22:31:49[22m   [34m├─[39m [2m/thralls/olivya-the-hammer/index.html[22m [2m(+24ms)[22m 
[2m22:31:49[22m   [34m├─[39m [2m/thralls/olva-of-the-lashes/index.html[22m [2m(+23ms)[22m 
[2m22:31:49[22m   [34m├─[39m [2m/thralls/olve-the-chef/index.html[22m [2m(+23ms)[22m 
[2m22:31:49[22m   [34m├─[39m [2m/thralls/ona/index.html[22m [2m(+22ms)[22m 
[2m22:31:49[22m   [34m├─[39m [2m/thralls/onis-the-quite-angry/index.html[22m [2m(+23ms)[22m 
[2m22:31:49[22m   [34m├─[39m [2m/thralls/onna-wild-arrow/index.html[22m [2m(+23ms)[22m 
[2m22:31:49[22m   [34m├─[39m [2m/thralls/ontra-the-blacksmith/index.html[22m [2m(+24ms)[22m 
[2m22:31:49[22m   [34m├─[39m [2m/thralls/onun-of-the-scales/index.html[22m [2m(+23ms)[22m 
[2m22:31:49[22m   [34m├─[39m [2m/thralls/onuz-brittlebone/index.html[22m [2m(+22ms)[22m 
[2m22:31:49[22m   [34m├─[39m [2m/thralls/ori-the-blind/index.html[22m [2m(+23ms)[22m 
[2m22:31:49[22m   [34m├─[39m [2m/thralls/orik-birdcatcher/index.html[22m [2m(+23ms)[22m 
[2m22:31:49[22m   [34m├─[39m [2m/thralls/orqina-steeltongue/index.html[22m [2m(+23ms)[22m 
[2m22:31:49[22m   [34m├─[39m [2m/thralls/ortha-the-flayer/index.html[22m [2m(+22ms)[22m 
[2m22:31:49[22m   [34m├─[39m [2m/thralls/orvar-battleborn/index.html[22m [2m(+23ms)[22m 
[2m22:31:49[22m   [34m├─[39m [2m/thralls/orvar-the-accursed/index.html[22m [2m(+24ms)[22m 
[2m22:31:49[22m   [34m├─[39m [2m/thralls/oskar-blackheart/index.html[22m [2m(+23ms)[22m 
[2m22:31:49[22m   [34m├─[39m [2m/thralls/oskar-thunderhead/index.html[22m [2m(+24ms)[22m 
[2m22:31:49[22m   [34m├─[39m [2m/thralls/oyvind-ironshoe/index.html[22m [2m(+23ms)[22m 
[2m22:31:49[22m   [34m├─[39m [2m/thralls/oyvind-tall-tree/index.html[22m [2m(+23ms)[22m 
[2m22:31:49[22m   [34m├─[39m [2m/thralls/oyvind-the-accursed/index.html[22m [2m(+22ms)[22m 
[2m22:31:49[22m   [34m├─[39m [2m/thralls/pres-aniki-master-carpenter/index.html[22m [2m(+23ms)[22m 
[2m22:31:49[22m   [34m├─[39m [2m/thralls/packbearer-altis/index.html[22m [2m(+23ms)[22m 
[2m22:31:49[22m   [34m├─[39m [2m/thralls/packrat-ortha/index.html[22m [2m(+22ms)[22m 
[2m22:31:49[22m   [34m├─[39m [2m/thralls/paket-of-the-hammer/index.html[22m [2m(+23ms)[22m 
[2m22:31:50[22m   [34m├─[39m [2m/thralls/palu-the-bloodletter/index.html[22m [2m(+22ms)[22m 
[2m22:31:50[22m   [34m├─[39m [2m/thralls/para-strongbow/index.html[22m [2m(+23ms)[22m 
[2m22:31:50[22m   [34m├─[39m [2m/thralls/parfat-camelback/index.html[22m [2m(+23ms)[22m 
[2m22:31:50[22m   [34m├─[39m [2m/thralls/parin-of-the-blood-moon/index.html[22m [2m(+23ms)[22m 
[2m22:31:50[22m   [34m├─[39m [2m/thralls/parkel-torched-bottom/index.html[22m [2m(+22ms)[22m 
[2m22:31:50[22m   [34m├─[39m [2m/thralls/patep-the-soothsayer/index.html[22m [2m(+24ms)[22m 
[2m22:31:50[22m   [34m├─[39m [2m/thralls/pauna-piercing-arrow/index.html[22m [2m(+23ms)[22m 
[2m22:31:50[22m   [34m├─[39m [2m/thralls/pelor-the-well-travelled/index.html[22m [2m(+22ms)[22m 
[2m22:31:50[22m   [34m├─[39m [2m/thralls/pelt-master-itak/index.html[22m [2m(+22ms)[22m 
[2m22:31:50[22m   [34m├─[39m [2m/thralls/peshra-the-wood-rubber/index.html[22m [2m(+23ms)[22m 
[2m22:31:50[22m   [34m├─[39m [2m/thralls/petr-master-carpenter/index.html[22m [2m(+23ms)[22m 
[2m22:31:50[22m   [34m├─[39m [2m/thralls/phalia-the-blacksmith/index.html[22m [2m(+22ms)[22m 
[2m22:31:50[22m   [34m├─[39m [2m/thralls/pixel-the-cave-siren/index.html[22m [2m(+23ms)[22m 
[2m22:31:50[22m   [34m├─[39m [2m/thralls/pia-of-the-wild-hide/index.html[22m [2m(+23ms)[22m 
[2m22:31:50[22m   [34m├─[39m [2m/thralls/piksel-voice-of-the-caverns/index.html[22m [2m(+23ms)[22m 
[2m22:31:50[22m   [34m├─[39m [2m/thralls/pitre-master-armorer/index.html[22m [2m(+23ms)[22m 
[2m22:31:50[22m   [34m├─[39m [2m/thralls/polenis-of-aquilonia/index.html[22m [2m(+22ms)[22m 
[2m22:31:50[22m   [34m├─[39m [2m/thralls/polgora-master-sorceress/index.html[22m [2m(+23ms)[22m 
[2m22:31:50[22m   [34m├─[39m [2m/thralls/poris-master-carpenter/index.html[22m [2m(+22ms)[22m 
[2m22:31:50[22m   [34m├─[39m [2m/thralls/pormis-wooden-teeth/index.html[22m [2m(+22ms)[22m 
[2m22:31:50[22m   [34m├─[39m [2m/thralls/poscore-nimblefingers/index.html[22m [2m(+24ms)[22m 
[2m22:31:50[22m   [34m├─[39m [2m/thralls/poscore-the-lost/index.html[22m [2m(+23ms)[22m 
[2m22:31:50[22m   [34m├─[39m [2m/thralls/proth-the-armorer/index.html[22m [2m(+23ms)[22m 
[2m22:31:50[22m   [34m├─[39m [2m/thralls/proy-the-chopper/index.html[22m [2m(+22ms)[22m 
[2m22:31:50[22m   [34m├─[39m [2m/thralls/qoth-of-the-night/index.html[22m [2m(+23ms)[22m 
[2m22:31:50[22m   [34m├─[39m [2m/thralls/rafnir-straight-arrow/index.html[22m [2m(+23ms)[22m 
[2m22:31:50[22m   [34m├─[39m [2m/thralls/rakh-irontooth/index.html[22m [2m(+23ms)[22m 
[2m22:31:50[22m   [34m├─[39m [2m/thralls/rasis-irongrip/index.html[22m [2m(+22ms)[22m 
[2m22:31:50[22m   [34m├─[39m [2m/thralls/rayne-o-the-rosewood/index.html[22m [2m(+23ms)[22m 
[2m22:31:50[22m   [34m├─[39m [2m/thralls/red-rorik/index.html[22m [2m(+23ms)[22m 
[2m22:31:50[22m   [34m├─[39m [2m/thralls/redil-heart-render/index.html[22m [2m(+24ms)[22m 
[2m22:31:50[22m   [34m├─[39m [2m/thralls/regan-the-accursed/index.html[22m [2m(+23ms)[22m 
[2m22:31:50[22m   [34m├─[39m [2m/thralls/relic-hunter-treasure-seeker-archer/index.html[22m [2m(+22ms)[22m 
[2m22:31:50[22m   [34m├─[39m [2m/thralls/relic-hunter-treasure-seeker-fighter/index.html[22m [2m(+23ms)[22m 
[2m22:31:50[22m   [34m├─[39m [2m/thralls/rennis-hammergrip/index.html[22m [2m(+24ms)[22m 
[2m22:31:50[22m   [34m├─[39m [2m/thralls/rethrous-the-burdened/index.html[22m [2m(+25ms)[22m 
[2m22:31:50[22m   [34m├─[39m [2m/thralls/rian-the-poisonous/index.html[22m [2m(+23ms)[22m 
[2m22:31:50[22m   [34m├─[39m [2m/thralls/rikkart-the-baker/index.html[22m [2m(+23ms)[22m 
[2m22:31:50[22m   [34m├─[39m [2m/thralls/rimar-of-hyrkania/index.html[22m [2m(+22ms)[22m 
[2m22:31:50[22m   [34m├─[39m [2m/thralls/rimel-the-shaggy/index.html[22m [2m(+22ms)[22m 
[2m22:31:50[22m   [34m├─[39m [2m/thralls/rin-the-broken/index.html[22m [2m(+23ms)[22m 
[2m22:31:50[22m   [34m├─[39m [2m/thralls/risa-the-brutal/index.html[22m [2m(+22ms)[22m 
[2m22:31:50[22m   [34m├─[39m [2m/thralls/ritualist/index.html[22m [2m(+22ms)[22m 
[2m22:31:50[22m   [34m├─[39m [2m/thralls/roknori-the-unmerciful/index.html[22m [2m(+23ms)[22m 
[2m22:31:51[22m   [34m├─[39m [2m/thralls/rokur-the-alchemist/index.html[22m [2m(+23ms)[22m 
[2m22:31:51[22m   [34m├─[39m [2m/thralls/ros-crana-o-the-dells/index.html[22m [2m(+22ms)[22m 
[2m22:31:51[22m   [34m├─[39m [2m/thralls/royal-chef-arna/index.html[22m [2m(+22ms)[22m 
[2m22:31:51[22m   [34m├─[39m [2m/thralls/ruka-the-fierce/index.html[22m [2m(+23ms)[22m 
[2m22:31:51[22m   [34m├─[39m [2m/thralls/rum-runner-vald/index.html[22m [2m(+23ms)[22m 
[2m22:31:51[22m   [34m├─[39m [2m/thralls/ruun-the-taskmaster/index.html[22m [2m(+22ms)[22m 
[2m22:31:51[22m   [34m├─[39m [2m/thralls/ston-the-shaman/index.html[22m [2m(+22ms)[22m 
[2m22:31:51[22m   [34m├─[39m [2m/thralls/saddur-the-slaver/index.html[22m [2m(+23ms)[22m 
[2m22:31:51[22m   [34m├─[39m [2m/thralls/sadeh-the-lithe/index.html[22m [2m(+23ms)[22m 
[2m22:31:51[22m   [34m├─[39m [2m/thralls/sael-the-fierce/index.html[22m [2m(+23ms)[22m 
[2m22:31:51[22m   [34m├─[39m [2m/thralls/sajara-snake-fang/index.html[22m [2m(+23ms)[22m 
[2m22:31:51[22m   [34m├─[39m [2m/thralls/saken-bristlebeard/index.html[22m [2m(+22ms)[22m 
[2m22:31:51[22m   [34m├─[39m [2m/thralls/samat-the-skinner/index.html[22m [2m(+23ms)[22m 
[2m22:31:51[22m   [34m├─[39m [2m/thralls/sarnai-thorn/index.html[22m [2m(+22ms)[22m 
[2m22:31:51[22m   [34m├─[39m [2m/thralls/sassan-anvilbreaker/index.html[22m [2m(+22ms)[22m 
[2m22:31:51[22m   [34m├─[39m [2m/thralls/sayd-secretkeeper/index.html[22m [2m(+23ms)[22m 
[2m22:31:51[22m   [34m├─[39m [2m/thralls/seamstress-jenn/index.html[22m [2m(+23ms)[22m 
[2m22:31:51[22m   [34m├─[39m [2m/thralls/secas-the-smith/index.html[22m [2m(+23ms)[22m 
[2m22:31:51[22m   [34m├─[39m [2m/thralls/secretkeeper-harus/index.html[22m [2m(+23ms)[22m 
[2m22:31:51[22m   [34m├─[39m [2m/thralls/seeker-iris/index.html[22m [2m(+23ms)[22m 
[2m22:31:51[22m   [34m├─[39m [2m/thralls/seer-pilir/index.html[22m [2m(+23ms)[22m 
[2m22:31:51[22m   [34m├─[39m [2m/thralls/seer-sso/index.html[22m [2m(+22ms)[22m 
[2m22:31:51[22m   [34m├─[39m [2m/thralls/senja/index.html[22m [2m(+27ms)[22m 
[2m22:31:51[22m   [34m├─[39m [2m/thralls/senk-the-pillowdancer/index.html[22m [2m(+24ms)[22m 
[2m22:31:51[22m   [34m├─[39m [2m/thralls/sensha-god-touched/index.html[22m [2m(+23ms)[22m 
[2m22:31:51[22m   [34m├─[39m [2m/thralls/serak-the-headhunter/index.html[22m [2m(+23ms)[22m 
[2m22:31:51[22m   [34m├─[39m [2m/thralls/serka-of-the-silk/index.html[22m [2m(+23ms)[22m 
[2m22:31:51[22m   [34m├─[39m [2m/thralls/setankmek-the-bloody/index.html[22m [2m(+23ms)[22m 
[2m22:31:51[22m   [34m├─[39m [2m/thralls/shala-the-lust-slaker/index.html[22m [2m(+24ms)[22m 
[2m22:31:51[22m   [34m├─[39m [2m/thralls/she-who-wears-mens-skin/index.html[22m [2m(+23ms)[22m 
[2m22:31:51[22m   [34m├─[39m [2m/thralls/shendelzare/index.html[22m [2m(+23ms)[22m 
[2m22:31:51[22m   [34m├─[39m [2m/thralls/shevatas-the-merciless/index.html[22m [2m(+23ms)[22m 
[2m22:31:51[22m   [34m├─[39m [2m/thralls/ship-cook-marra/index.html[22m [2m(+23ms)[22m 
[2m22:31:51[22m   [34m├─[39m [2m/thralls/shur-the-armorer/index.html[22m [2m(+23ms)[22m 
[2m22:31:51[22m   [34m├─[39m [2m/thralls/sickly-drunk-pirate/index.html[22m [2m(+23ms)[22m 
[2m22:31:51[22m   [34m├─[39m [2m/thralls/siesse-blacktongue/index.html[22m [2m(+23ms)[22m 
[2m22:31:51[22m   [34m├─[39m [2m/thralls/sigyn-the-woodworker/index.html[22m [2m(+23ms)[22m 
[2m22:31:51[22m   [34m├─[39m [2m/thralls/sikuh-the-chosen/index.html[22m [2m(+23ms)[22m 
[2m22:31:51[22m   [34m├─[39m [2m/thralls/silas-the-weathered/index.html[22m [2m(+23ms)[22m 
[2m22:31:51[22m   [34m├─[39m [2m/thralls/sir-bowen-enforcer-of-asura/index.html[22m [2m(+24ms)[22m 
[2m22:31:51[22m   [34m├─[39m [2m/thralls/sirtis-the-captor/index.html[22m [2m(+23ms)[22m 
[2m22:31:51[22m   [34m├─[39m [2m/thralls/skaldgrim-of-vanaheim/index.html[22m [2m(+22ms)[22m 
[2m22:31:51[22m   [34m├─[39m [2m/thralls/skinweaver-grath/index.html[22m [2m(+23ms)[22m 
[2m22:31:52[22m   [34m├─[39m [2m/thralls/slaid-the-scaled/index.html[22m [2m(+23ms)[22m 
[2m22:31:52[22m   [34m├─[39m [2m/thralls/slave-keeper-fighter/index.html[22m [2m(+22ms)[22m 
[2m22:31:52[22m   [34m├─[39m [2m/thralls/smelter-brius/index.html[22m [2m(+23ms)[22m 
[2m22:31:52[22m   [34m├─[39m [2m/thralls/smelter-torinn/index.html[22m [2m(+23ms)[22m 
[2m22:31:52[22m   [34m├─[39m [2m/thralls/smelter-ultann/index.html[22m [2m(+23ms)[22m 
[2m22:31:52[22m   [34m├─[39m [2m/thralls/smelter-yrkonn/index.html[22m [2m(+23ms)[22m 
[2m22:31:52[22m   [34m├─[39m [2m/thralls/smith-raden/index.html[22m [2m(+22ms)[22m 
[2m22:31:52[22m   [34m├─[39m [2m/thralls/sneer-lips/index.html[22m [2m(+23ms)[22m 
[2m22:31:52[22m   [34m├─[39m [2m/thralls/sonja-the-accursed/index.html[22m [2m(+24ms)[22m 
[2m22:31:52[22m   [34m├─[39m [2m/thralls/sonja-the-strider/index.html[22m [2m(+24ms)[22m 
[2m22:31:52[22m   [34m├─[39m [2m/thralls/sorcerer/index.html[22m [2m(+23ms)[22m 
[2m22:31:52[22m   [34m├─[39m [2m/thralls/sorschut-eyegouger/index.html[22m [2m(+22ms)[22m 
[2m22:31:52[22m   [34m├─[39m [2m/thralls/sous-chef-chursh/index.html[22m [2m(+23ms)[22m 
[2m22:31:52[22m   [34m├─[39m [2m/thralls/sparn-the-laborer/index.html[22m [2m(+23ms)[22m 
[2m22:31:52[22m   [34m├─[39m [2m/thralls/spinas-the-marauder/index.html[22m [2m(+23ms)[22m 
[2m22:31:52[22m   [34m├─[39m [2m/thralls/spris-the-fanged/index.html[22m [2m(+22ms)[22m 
[2m22:31:52[22m   [34m├─[39m [2m/thralls/squeaky-wheel/index.html[22m [2m(+22ms)[22m 
[2m22:31:52[22m   [34m├─[39m [2m/thralls/sranka-blacktooth/index.html[22m [2m(+22ms)[22m 
[2m22:31:52[22m   [34m├─[39m [2m/thralls/sssashzs-of-the-black-arts/index.html[22m [2m(+23ms)[22m 
[2m22:31:52[22m   [34m├─[39m [2m/thralls/ssss-flickertongue/index.html[22m [2m(+23ms)[22m 
[2m22:31:52[22m   [34m├─[39m [2m/thralls/stathem-the-embalmer/index.html[22m [2m(+22ms)[22m 
[2m22:31:52[22m   [34m├─[39m [2m/thralls/steelbender-hagar/index.html[22m [2m(+23ms)[22m 
[2m22:31:52[22m   [34m├─[39m [2m/thralls/stitch/index.html[22m [2m(+23ms)[22m 
[2m22:31:52[22m   [34m├─[39m [2m/thralls/stoker-bram/index.html[22m [2m(+22ms)[22m 
[2m22:31:52[22m   [34m├─[39m [2m/thralls/stoker-bram-the-accursed/index.html[22m [2m(+22ms)[22m 
[2m22:31:52[22m   [34m├─[39m [2m/thralls/stormcaller/index.html[22m [2m(+24ms)[22m 
[2m22:31:52[22m   [34m├─[39m [2m/thralls/stormsick-warrior/index.html[22m [2m(+22ms)[22m 
[2m22:31:52[22m   [34m├─[39m [2m/thralls/strab-the-herald/index.html[22m [2m(+22ms)[22m 
[2m22:31:52[22m   [34m├─[39m [2m/thralls/strai-ember-eye/index.html[22m [2m(+23ms)[22m 
[2m22:31:52[22m   [34m├─[39m [2m/thralls/strang-of-the-whip/index.html[22m [2m(+23ms)[22m 
[2m22:31:52[22m   [34m├─[39m [2m/thralls/sully/index.html[22m [2m(+22ms)[22m 
[2m22:31:52[22m   [34m├─[39m [2m/thralls/swashbuckler-gorin/index.html[22m [2m(+22ms)[22m 
[2m22:31:52[22m   [34m├─[39m [2m/thralls/swashbuckler-jira/index.html[22m [2m(+23ms)[22m 
[2m22:31:52[22m   [34m├─[39m [2m/thralls/swashbuckler-tarn/index.html[22m [2m(+23ms)[22m 
[2m22:31:52[22m   [34m├─[39m [2m/thralls/syra-brennerhet/index.html[22m [2m(+23ms)[22m 
[2m22:31:52[22m   [34m├─[39m [2m/thralls/tagyra-the-mourner/index.html[22m [2m(+22ms)[22m 
[2m22:31:52[22m   [34m├─[39m [2m/thralls/takfor-detdu/index.html[22m [2m(+22ms)[22m 
[2m22:31:52[22m   [34m├─[39m [2m/thralls/talitha-goldfingers/index.html[22m [2m(+23ms)[22m 
[2m22:31:52[22m   [34m├─[39m [2m/thralls/tanner-amara/index.html[22m [2m(+22ms)[22m 
[2m22:31:52[22m   [34m├─[39m [2m/thralls/tanner-enoi/index.html[22m [2m(+22ms)[22m 
[2m22:31:52[22m   [34m├─[39m [2m/thralls/tanner-thamid/index.html[22m [2m(+22ms)[22m 
[2m22:31:52[22m   [34m├─[39m [2m/thralls/tap-et-the-taster/index.html[22m [2m(+23ms)[22m 
[2m22:31:52[22m   [34m├─[39m [2m/thralls/taris-the-ravenous/index.html[22m [2m(+22ms)[22m 
[2m22:31:52[22m   [34m├─[39m [2m/thralls/tarman/index.html[22m [2m(+23ms)[22m 
[2m22:31:53[22m   [34m├─[39m [2m/thralls/tarqus-the-seeker/index.html[22m [2m(+23ms)[22m 
[2m22:31:53[22m   [34m├─[39m [2m/thralls/tarris-leatherbinder/index.html[22m [2m(+22ms)[22m 
[2m22:31:53[22m   [34m├─[39m [2m/thralls/taskmaster-morra/index.html[22m [2m(+22ms)[22m 
[2m22:31:53[22m   [34m├─[39m [2m/thralls/taster-pernaddun/index.html[22m [2m(+22ms)[22m 
[2m22:31:53[22m   [34m├─[39m [2m/thralls/taster-the-accursed/index.html[22m [2m(+23ms)[22m 
[2m22:31:53[22m   [34m├─[39m [2m/thralls/tayna-dreamwalker/index.html[22m [2m(+22ms)[22m 
[2m22:31:53[22m   [34m├─[39m [2m/thralls/teeth-that-eats-you/index.html[22m [2m(+23ms)[22m 
[2m22:31:53[22m   [34m├─[39m [2m/thralls/tello-of-the-splinter/index.html[22m [2m(+23ms)[22m 
[2m22:31:53[22m   [34m├─[39m [2m/thralls/tendonhacker/index.html[22m [2m(+24ms)[22m 
[2m22:31:53[22m   [34m├─[39m [2m/thralls/tep-the-unyielding/index.html[22m [2m(+23ms)[22m 
[2m22:31:53[22m   [34m├─[39m [2m/thralls/teph-steeped-in-fire/index.html[22m [2m(+22ms)[22m 
[2m22:31:53[22m   [34m├─[39m [2m/thralls/tephra/index.html[22m [2m(+23ms)[22m 
[2m22:31:53[22m   [34m├─[39m [2m/thralls/tera-the-prowler/index.html[22m [2m(+23ms)[22m 
[2m22:31:53[22m   [34m├─[39m [2m/thralls/ternis-burnbritches/index.html[22m [2m(+23ms)[22m 
[2m22:31:53[22m   [34m├─[39m [2m/thralls/tessa-the-blade/index.html[22m [2m(+22ms)[22m 
[2m22:31:53[22m   [34m├─[39m [2m/thralls/thaat-of-gazal/index.html[22m [2m(+23ms)[22m 
[2m22:31:53[22m   [34m├─[39m [2m/thralls/thashem-fingerlicker/index.html[22m [2m(+23ms)[22m 
[2m22:31:53[22m   [34m├─[39m [2m/thralls/than-hammerblow/index.html[22m [2m(+22ms)[22m 
[2m22:31:53[22m   [34m├─[39m [2m/thralls/thaumaturge-ptah-mun/index.html[22m [2m(+23ms)[22m 
[2m22:31:53[22m   [34m├─[39m [2m/thralls/the-martyr-maker/index.html[22m [2m(+22ms)[22m 
[2m22:31:53[22m   [34m├─[39m [2m/thralls/the-mongrel-taskmaster/index.html[22m [2m(+23ms)[22m 
[2m22:31:53[22m   [34m├─[39m [2m/thralls/the-one-that-walks-unknown/index.html[22m [2m(+22ms)[22m 
[2m22:31:53[22m   [34m├─[39m [2m/thralls/the-tyrant-of-kush/index.html[22m [2m(+22ms)[22m 
[2m22:31:53[22m   [34m├─[39m [2m/thralls/the-tyrant-of-pelishti/index.html[22m [2m(+23ms)[22m 
[2m22:31:53[22m   [34m├─[39m [2m/thralls/thiera-the-faithful/index.html[22m [2m(+22ms)[22m 
[2m22:31:53[22m   [34m├─[39m [2m/thralls/thorvald-tree-hater/index.html[22m [2m(+23ms)[22m 
[2m22:31:53[22m   [34m├─[39m [2m/thralls/thran-of-the-flowing-steel/index.html[22m [2m(+23ms)[22m 
[2m22:31:53[22m   [34m├─[39m [2m/thralls/thror-boozehound/index.html[22m [2m(+23ms)[22m 
[2m22:31:53[22m   [34m├─[39m [2m/thralls/thugra/index.html[22m [2m(+23ms)[22m 
[2m22:31:53[22m   [34m├─[39m [2m/thralls/thugra-of-the-black-night/index.html[22m [2m(+22ms)[22m 
[2m22:31:53[22m   [34m├─[39m [2m/thralls/thunkmek-ironwrought/index.html[22m [2m(+23ms)[22m 
[2m22:31:53[22m   [34m├─[39m [2m/thralls/thutmat-the-sorcerer/index.html[22m [2m(+23ms)[22m 
[2m22:31:53[22m   [34m├─[39m [2m/thralls/thutmekri-the-dramatist/index.html[22m [2m(+24ms)[22m 
[2m22:31:53[22m   [34m├─[39m [2m/thralls/tiberius-burning-britches/index.html[22m [2m(+23ms)[22m 
[2m22:31:53[22m   [34m├─[39m [2m/thralls/tilutan-the-indestructible/index.html[22m [2m(+22ms)[22m 
[2m22:31:53[22m   [34m├─[39m [2m/thralls/tingris-of-zingara/index.html[22m [2m(+23ms)[22m 
[2m22:31:53[22m   [34m├─[39m [2m/thralls/tma-the-slithering/index.html[22m [2m(+23ms)[22m 
[2m22:31:53[22m   [34m├─[39m [2m/thralls/too-many-teeth/index.html[22m [2m(+23ms)[22m 
[2m22:31:53[22m   [34m├─[39m [2m/thralls/tormentor-regan/index.html[22m [2m(+24ms)[22m 
[2m22:31:53[22m   [34m├─[39m [2m/thralls/touras-the-predator/index.html[22m [2m(+23ms)[22m 
[2m22:31:53[22m   [34m├─[39m [2m/thralls/trank-the-metalwright/index.html[22m [2m(+23ms)[22m 
[2m22:31:53[22m   [34m├─[39m [2m/thralls/treasure-seeker-blade-master/index.html[22m [2m(+22ms)[22m 
[2m22:31:53[22m   [34m├─[39m [2m/thralls/tritel-the-marauder/index.html[22m [2m(+23ms)[22m 
[2m22:31:53[22m   [34m├─[39m [2m/thralls/tull-coppertongue/index.html[22m [2m(+23ms)[22m 
[2m22:31:54[22m   [34m├─[39m [2m/thralls/turas-the-cook/index.html[22m [2m(+23ms)[22m 
[2m22:31:54[22m   [34m├─[39m [2m/thralls/ture-the-red/index.html[22m [2m(+22ms)[22m 
[2m22:31:54[22m   [34m├─[39m [2m/thralls/ublis-of-zingara/index.html[22m [2m(+22ms)[22m 
[2m22:31:54[22m   [34m├─[39m [2m/thralls/ulfric-the-accursed/index.html[22m [2m(+23ms)[22m 
[2m22:31:54[22m   [34m├─[39m [2m/thralls/ulgrim-the-tainted/index.html[22m [2m(+22ms)[22m 
[2m22:31:54[22m   [34m├─[39m [2m/thralls/ulric-bearbaiter/index.html[22m [2m(+22ms)[22m 
[2m22:31:54[22m   [34m├─[39m [2m/thralls/ulric-the-accursed/index.html[22m [2m(+23ms)[22m 
[2m22:31:54[22m   [34m├─[39m [2m/thralls/ulrik-the-beast/index.html[22m [2m(+23ms)[22m 
[2m22:31:54[22m   [34m├─[39m [2m/thralls/ulrik-the-mountaineer/index.html[22m [2m(+23ms)[22m 
[2m22:31:54[22m   [34m├─[39m [2m/thralls/ultic-the-woodsman/index.html[22m [2m(+22ms)[22m 
[2m22:31:54[22m   [34m├─[39m [2m/thralls/ulva-of-the-north/index.html[22m [2m(+23ms)[22m 
[2m22:31:54[22m   [34m├─[39m [2m/thralls/uma-master-armorer/index.html[22m [2m(+23ms)[22m 
[2m22:31:54[22m   [34m├─[39m [2m/thralls/umbra-the-slayer/index.html[22m [2m(+23ms)[22m 
[2m22:31:54[22m   [34m├─[39m [2m/thralls/una-of-cimmeria/index.html[22m [2m(+22ms)[22m 
[2m22:31:54[22m   [34m├─[39m [2m/thralls/una-the-venerated/index.html[22m [2m(+23ms)[22m 
[2m22:31:54[22m   [34m├─[39m [2m/thralls/uola-the-berserker/index.html[22m [2m(+23ms)[22m 
[2m22:31:54[22m   [34m├─[39m [2m/thralls/ura-flotsam-collector/index.html[22m [2m(+24ms)[22m 
[2m22:31:54[22m   [34m├─[39m [2m/thralls/uras-the-strong/index.html[22m [2m(+23ms)[22m 
[2m22:31:54[22m   [34m├─[39m [2m/thralls/uris-the-demonologist/index.html[22m [2m(+23ms)[22m 
[2m22:31:54[22m   [34m├─[39m [2m/thralls/vanarr-feasts-on-fingers/index.html[22m [2m(+23ms)[22m 
[2m22:31:54[22m   [34m├─[39m [2m/thralls/vagra-metalbender/index.html[22m [2m(+23ms)[22m 
[2m22:31:54[22m   [34m├─[39m [2m/thralls/vais-the-wayfaerer/index.html[22m [2m(+22ms)[22m 
[2m22:31:54[22m   [34m├─[39m [2m/thralls/valares/index.html[22m [2m(+22ms)[22m 
[2m22:31:54[22m   [34m├─[39m [2m/thralls/valaris-steps-on-toes/index.html[22m [2m(+23ms)[22m 
[2m22:31:54[22m   [34m├─[39m [2m/thralls/valenso-da-reyn/index.html[22m [2m(+23ms)[22m 
[2m22:31:54[22m   [34m├─[39m [2m/thralls/vankel-the-accursed/index.html[22m [2m(+23ms)[22m 
[2m22:31:54[22m   [34m├─[39m [2m/thralls/vankel-the-bringer-of-suffering/index.html[22m [2m(+23ms)[22m 
[2m22:31:54[22m   [34m├─[39m [2m/thralls/vanko-the-fearsome/index.html[22m [2m(+23ms)[22m 
[2m22:31:54[22m   [34m├─[39m [2m/thralls/varda-the-foul/index.html[22m [2m(+23ms)[22m 
[2m22:31:54[22m   [34m├─[39m [2m/thralls/vargre-of-the-grove/index.html[22m [2m(+22ms)[22m 
[2m22:31:54[22m   [34m├─[39m [2m/thralls/varia-of-the-furnace/index.html[22m [2m(+23ms)[22m 
[2m22:31:54[22m   [34m├─[39m [2m/thralls/varkin-fleetfoot/index.html[22m [2m(+23ms)[22m 
[2m22:31:54[22m   [34m├─[39m [2m/thralls/varnis-silverfinger/index.html[22m [2m(+23ms)[22m 
[2m22:31:54[22m   [34m├─[39m [2m/thralls/varpnir/index.html[22m [2m(+23ms)[22m 
[2m22:31:54[22m   [34m├─[39m [2m/thralls/vash-the-bearded/index.html[22m [2m(+23ms)[22m 
[2m22:31:54[22m   [34m├─[39m [2m/thralls/vatessa-the-potent/index.html[22m [2m(+23ms)[22m 
[2m22:31:54[22m   [34m├─[39m [2m/thralls/vathis-the-hierophant/index.html[22m [2m(+23ms)[22m 
[2m22:31:54[22m   [34m├─[39m [2m/thralls/vattende-confessor-of-asura/index.html[22m [2m(+23ms)[22m 
[2m22:31:54[22m   [34m├─[39m [2m/thralls/very-drunk-pirate/index.html[22m [2m(+23ms)[22m 
[2m22:31:54[22m   [34m├─[39m [2m/thralls/very-very-drunk-pirate/index.html[22m [2m(+24ms)[22m 
[2m22:31:54[22m   [34m├─[39m [2m/thralls/viis-of-the-divine-scales/index.html[22m [2m(+22ms)[22m 
[2m22:31:54[22m   [34m├─[39m [2m/thralls/vitel-stovebound/index.html[22m [2m(+23ms)[22m 
[2m22:31:54[22m   [34m├─[39m [2m/thralls/volera-the-sharpener/index.html[22m [2m(+24ms)[22m 
[2m22:31:55[22m   [34m├─[39m [2m/thralls/volmaris-the-righteous/index.html[22m [2m(+23ms)[22m 
[2m22:31:55[22m   [34m├─[39m [2m/thralls/vonn-of-the-wild-hide/index.html[22m [2m(+25ms)[22m 
[2m22:31:55[22m   [34m├─[39m [2m/thralls/vulfeles-the-accursed/index.html[22m [2m(+23ms)[22m 
[2m22:31:55[22m   [34m├─[39m [2m/thralls/vulfeles-the-hammer/index.html[22m [2m(+23ms)[22m 
[2m22:31:55[22m   [34m├─[39m [2m/thralls/waros-the-breaker/index.html[22m [2m(+23ms)[22m 
[2m22:31:55[22m   [34m├─[39m [2m/thralls/warrior-of-jhebbal-sag/index.html[22m [2m(+22ms)[22m 
[2m22:31:55[22m   [34m├─[39m [2m/thralls/was-daniki-master-carpenter/index.html[22m [2m(+24ms)[22m 
[2m22:31:55[22m   [34m├─[39m [2m/thralls/werk-of-the-lost-tribe/index.html[22m [2m(+23ms)[22m 
[2m22:31:55[22m   [34m├─[39m [2m/thralls/werk-the-accursed/index.html[22m [2m(+23ms)[22m 
[2m22:31:55[22m   [34m├─[39m [2m/thralls/whipper-gorh/index.html[22m [2m(+23ms)[22m 
[2m22:31:55[22m   [34m├─[39m [2m/thralls/woolly/index.html[22m [2m(+23ms)[22m 
[2m22:31:55[22m   [34m├─[39m [2m/thralls/wright-fortis/index.html[22m [2m(+24ms)[22m 
[2m22:31:55[22m   [34m├─[39m [2m/thralls/wulfrid-the-fang/index.html[22m [2m(+23ms)[22m 
[2m22:31:55[22m   [34m├─[39m [2m/thralls/wynne-thick-skin/index.html[22m [2m(+23ms)[22m 
[2m22:31:55[22m   [34m├─[39m [2m/thralls/wynne-the-accursed/index.html[22m [2m(+22ms)[22m 
[2m22:31:55[22m   [34m├─[39m [2m/thralls/xevyr-the-bard/index.html[22m [2m(+23ms)[22m 
[2m22:31:55[22m   [34m├─[39m [2m/thralls/yael-of-shem/index.html[22m [2m(+24ms)[22m 
[2m22:31:55[22m   [34m├─[39m [2m/thralls/yakinu-the-lacerator/index.html[22m [2m(+23ms)[22m 
[2m22:31:55[22m   [34m├─[39m [2m/thralls/yala-the-scarred/index.html[22m [2m(+22ms)[22m 
[2m22:31:55[22m   [34m├─[39m [2m/thralls/yela-the-siren/index.html[22m [2m(+23ms)[22m 
[2m22:31:55[22m   [34m├─[39m [2m/thralls/yelkin-the-pockmarked/index.html[22m [2m(+23ms)[22m 
[2m22:31:55[22m   [34m├─[39m [2m/thralls/yen-of-the-ferocious-wind/index.html[22m [2m(+23ms)[22m 
[2m22:31:55[22m   [34m├─[39m [2m/thralls/yndra-the-zamorian/index.html[22m [2m(+22ms)[22m 
[2m22:31:55[22m   [34m├─[39m [2m/thralls/yoggite-veteran/index.html[22m [2m(+22ms)[22m 
[2m22:31:55[22m   [34m├─[39m [2m/thralls/yorik-heir-of-the-north/index.html[22m [2m(+23ms)[22m 
[2m22:31:55[22m   [34m├─[39m [2m/thralls/yort-the-hunter/index.html[22m [2m(+22ms)[22m 
[2m22:31:55[22m   [34m├─[39m [2m/thralls/yrris-giantbane/index.html[22m [2m(+22ms)[22m 
[2m22:31:55[22m   [34m├─[39m [2m/thralls/zanjil-of-shem/index.html[22m [2m(+23ms)[22m 
[2m22:31:55[22m   [34m├─[39m [2m/thralls/zara-the-crazed/index.html[22m [2m(+24ms)[22m 
[2m22:31:55[22m   [34m├─[39m [2m/thralls/zarono-the-scented/index.html[22m [2m(+23ms)[22m 
[2m22:31:55[22m   [34m├─[39m [2m/thralls/zarus-master-of-the-dead/index.html[22m [2m(+22ms)[22m 
[2m22:31:55[22m   [34m├─[39m [2m/thralls/zavek/index.html[22m [2m(+23ms)[22m 
[2m22:31:55[22m   [34m├─[39m [2m/thralls/zoara-of-the-marshes/index.html[22m [2m(+24ms)[22m 
[2m22:31:55[22m   [34m├─[39m [2m/thralls/zoara-the-savior/index.html[22m [2m(+23ms)[22m 
[2m22:31:55[22m   [34m└─[39m [2m/thralls/zrist-of-the-blade/index.html[22m [2m(+23ms)[22m 
[2m22:31:55[22m [32m▶[39m src/pages/thralls/index.astro
[2m22:31:55[22m   [34m└─[39m [2m/thralls/index.html[22m [2m(+26ms)[22m 
[2m22:31:55[22m [32m▶[39m src/pages/weapons/[slug].astro
[2m22:31:55[22m   [34m├─[39m [2m/weapons/abysmal-blade/index.html[22m [2m(+12ms)[22m 
[2m22:31:55[22m   [34m├─[39m [2m/weapons/abysmal-blade-epic/index.html[22m [2m(+22ms)[22m 
[2m22:31:55[22m   [34m├─[39m [2m/weapons/abysmal-daggers/index.html[22m [2m(+23ms)[22m 
[2m22:31:55[22m   [34m├─[39m [2m/weapons/abysmal-shield/index.html[22m [2m(+23ms)[22m 
[2m22:31:55[22m   [34m├─[39m [2m/weapons/abysmal-shield-epic/index.html[22m [2m(+24ms)[22m 
[2m22:31:55[22m   [34m├─[39m [2m/weapons/abysmal-spear/index.html[22m [2m(+24ms)[22m 
[2m22:31:55[22m   [34m├─[39m [2m/weapons/abysmal-spear-epic/index.html[22m [2m(+23ms)[22m 
[2m22:31:55[22m   [34m├─[39m [2m/weapons/abysmal-sword/index.html[22m [2m(+22ms)[22m 
[2m22:31:56[22m   [34m├─[39m [2m/weapons/abyssal-bow/index.html[22m [2m(+25ms)[22m 
[2m22:31:56[22m   [34m├─[39m [2m/weapons/abyssal-maul/index.html[22m [2m(+23ms)[22m 
[2m22:31:56[22m   [34m├─[39m [2m/weapons/acheronian-longsword/index.html[22m [2m(+22ms)[22m 
[2m22:31:56[22m   [34m├─[39m [2m/weapons/acheronian-seer-claws/index.html[22m [2m(+23ms)[22m 
[2m22:31:56[22m   [34m├─[39m [2m/weapons/acheronian-seer-claws-epic/index.html[22m [2m(+23ms)[22m 
[2m22:31:56[22m   [34m├─[39m [2m/weapons/acheronian-shield/index.html[22m [2m(+23ms)[22m 
[2m22:31:56[22m   [34m├─[39m [2m/weapons/acheronian-spear/index.html[22m [2m(+23ms)[22m 
[2m22:31:56[22m   [34m├─[39m [2m/weapons/acheronian-two-handed-sword/index.html[22m [2m(+22ms)[22m 
[2m22:31:56[22m   [34m├─[39m [2m/weapons/acheronian-war-axe/index.html[22m [2m(+23ms)[22m 
[2m22:31:56[22m   [34m├─[39m [2m/weapons/acidic-knives/index.html[22m [2m(+23ms)[22m 
[2m22:31:56[22m   [34m├─[39m [2m/weapons/acidic-knives-epic/index.html[22m [2m(+22ms)[22m 
[2m22:31:56[22m   [34m├─[39m [2m/weapons/act-of-violence/index.html[22m [2m(+23ms)[22m 
[2m22:31:56[22m   [34m├─[39m [2m/weapons/adept-of-zar-dagger/index.html[22m [2m(+23ms)[22m 
[2m22:31:56[22m   [34m├─[39m [2m/weapons/adept-of-zar-dagger-epic/index.html[22m [2m(+22ms)[22m 
[2m22:31:56[22m   [34m├─[39m [2m/weapons/aesir-chieftain-great-axe/index.html[22m [2m(+22ms)[22m 
[2m22:31:56[22m   [34m├─[39m [2m/weapons/aesir-chieftain-great-axe-epic/index.html[22m [2m(+23ms)[22m 
[2m22:31:56[22m   [34m├─[39m [2m/weapons/aesir-chieftain-spear/index.html[22m [2m(+22ms)[22m 
[2m22:31:56[22m   [34m├─[39m [2m/weapons/aesir-chieftain-spear-epic/index.html[22m [2m(+22ms)[22m 
[2m22:31:56[22m   [34m├─[39m [2m/weapons/aesir-raider-axe/index.html[22m [2m(+23ms)[22m 
[2m22:31:56[22m   [34m├─[39m [2m/weapons/aesir-raider-axe-epic/index.html[22m [2m(+23ms)[22m 
[2m22:31:56[22m   [34m├─[39m [2m/weapons/aesir-raider-shield/index.html[22m [2m(+23ms)[22m 
[2m22:31:56[22m   [34m├─[39m [2m/weapons/aesir-raider-shield-epic/index.html[22m [2m(+23ms)[22m 
[2m22:31:56[22m   [34m├─[39m [2m/weapons/ajas-bane/index.html[22m [2m(+22ms)[22m 
[2m22:31:56[22m   [34m├─[39m [2m/weapons/akbitanan-blades/index.html[22m [2m(+23ms)[22m 
[2m22:31:56[22m   [34m├─[39m [2m/weapons/akbitanan-shield/index.html[22m [2m(+23ms)[22m 
[2m22:31:56[22m   [34m├─[39m [2m/weapons/akbitanan-throwing-knife/index.html[22m [2m(+22ms)[22m 
[2m22:31:56[22m   [34m├─[39m [2m/weapons/alligator-bite/index.html[22m [2m(+22ms)[22m 
[2m22:31:56[22m   [34m├─[39m [2m/weapons/ancient-axe/index.html[22m [2m(+23ms)[22m 
[2m22:31:56[22m   [34m├─[39m [2m/weapons/ancient-bow/index.html[22m [2m(+23ms)[22m 
[2m22:31:56[22m   [34m├─[39m [2m/weapons/ancient-daggers/index.html[22m [2m(+23ms)[22m 
[2m22:31:56[22m   [34m├─[39m [2m/weapons/ancient-javelin/index.html[22m [2m(+23ms)[22m 
[2m22:31:56[22m   [34m├─[39m [2m/weapons/ancient-khopesh/index.html[22m [2m(+23ms)[22m 
[2m22:31:56[22m   [34m├─[39m [2m/weapons/ancient-lemurian-axe/index.html[22m [2m(+22ms)[22m 
[2m22:31:56[22m   [34m├─[39m [2m/weapons/ancient-lemurian-shield/index.html[22m [2m(+23ms)[22m 
[2m22:31:56[22m   [34m├─[39m [2m/weapons/ancient-lemurian-sword/index.html[22m [2m(+23ms)[22m 
[2m22:31:56[22m   [34m├─[39m [2m/weapons/ancient-lemurian-trident/index.html[22m [2m(+23ms)[22m 
[2m22:31:56[22m   [34m├─[39m [2m/weapons/ancient-mace/index.html[22m [2m(+24ms)[22m 
[2m22:31:56[22m   [34m├─[39m [2m/weapons/ancient-pike/index.html[22m [2m(+22ms)[22m 
[2m22:31:56[22m   [34m├─[39m [2m/weapons/ancient-shield/index.html[22m [2m(+22ms)[22m 
[2m22:31:56[22m   [34m├─[39m [2m/weapons/ancient-throwing-axe/index.html[22m [2m(+23ms)[22m 
[2m22:31:56[22m   [34m├─[39m [2m/weapons/ancient-two-handed-sword/index.html[22m [2m(+23ms)[22m 
[2m22:31:56[22m   [34m├─[39m [2m/weapons/ancient-warhammer/index.html[22m [2m(+23ms)[22m 
[2m22:31:56[22m   [34m├─[39m [2m/weapons/angerspike/index.html[22m [2m(+23ms)[22m 
[2m22:31:57[22m   [34m├─[39m [2m/weapons/angerspike-epic/index.html[22m [2m(+23ms)[22m 
[2m22:31:57[22m   [34m├─[39m [2m/weapons/annihilator/index.html[22m [2m(+23ms)[22m 
[2m22:31:57[22m   [34m├─[39m [2m/weapons/anvil-keeper-axes/index.html[22m [2m(+23ms)[22m 
[2m22:31:57[22m   [34m├─[39m [2m/weapons/anvil-keeper-great-sword/index.html[22m [2m(+23ms)[22m 
[2m22:31:57[22m   [34m├─[39m [2m/weapons/anvil-keeper-greataxe/index.html[22m [2m(+23ms)[22m 
[2m22:31:57[22m   [34m├─[39m [2m/weapons/anvil-keeper-spear/index.html[22m [2m(+23ms)[22m 
[2m22:31:57[22m   [34m├─[39m [2m/weapons/aquilonian-greatsword/index.html[22m [2m(+23ms)[22m 
[2m22:31:57[22m   [34m├─[39m [2m/weapons/aquilonian-greatsword-epic/index.html[22m [2m(+23ms)[22m 
[2m22:31:57[22m   [34m├─[39m [2m/weapons/aquilonian-javelin/index.html[22m [2m(+23ms)[22m 
[2m22:31:57[22m   [34m├─[39m [2m/weapons/aquilonian-javelin-epic/index.html[22m [2m(+22ms)[22m 
[2m22:31:57[22m   [34m├─[39m [2m/weapons/aquilonian-longsword/index.html[22m [2m(+22ms)[22m 
[2m22:31:57[22m   [34m├─[39m [2m/weapons/aquilonian-longsword-epic/index.html[22m [2m(+22ms)[22m 
[2m22:31:57[22m   [34m├─[39m [2m/weapons/aquilonian-mace/index.html[22m [2m(+23ms)[22m 
[2m22:31:57[22m   [34m├─[39m [2m/weapons/aquilonian-mace-epic/index.html[22m [2m(+23ms)[22m 
[2m22:31:57[22m   [34m├─[39m [2m/weapons/aquilonian-pike/index.html[22m [2m(+23ms)[22m 
[2m22:31:57[22m   [34m├─[39m [2m/weapons/aquilonian-pike-epic/index.html[22m [2m(+22ms)[22m 
[2m22:31:57[22m   [34m├─[39m [2m/weapons/aquilonian-poniards/index.html[22m [2m(+22ms)[22m 
[2m22:31:57[22m   [34m├─[39m [2m/weapons/aquilonian-poniards-epic/index.html[22m [2m(+23ms)[22m 
[2m22:31:57[22m   [34m├─[39m [2m/weapons/aquilonian-shield/index.html[22m [2m(+23ms)[22m 
[2m22:31:57[22m   [34m├─[39m [2m/weapons/aquilonian-shield-epic/index.html[22m [2m(+22ms)[22m 
[2m22:31:57[22m   [34m├─[39m [2m/weapons/aquilonian-throwing-axe/index.html[22m [2m(+22ms)[22m 
[2m22:31:57[22m   [34m├─[39m [2m/weapons/aquilonian-throwing-axe-epic/index.html[22m [2m(+23ms)[22m 
[2m22:31:57[22m   [34m├─[39m [2m/weapons/aquilonian-war-axe/index.html[22m [2m(+23ms)[22m 
[2m22:31:57[22m   [34m├─[39m [2m/weapons/aquilonian-war-axe-epic/index.html[22m [2m(+22ms)[22m 
[2m22:31:57[22m   [34m├─[39m [2m/weapons/aquilonian-warhammer/index.html[22m [2m(+22ms)[22m 
[2m22:31:57[22m   [34m├─[39m [2m/weapons/aquilonian-warhammer-epic/index.html[22m [2m(+23ms)[22m 
[2m22:31:57[22m   [34m├─[39m [2m/weapons/arcane-dagger/index.html[22m [2m(+22ms)[22m 
[2m22:31:57[22m   [34m├─[39m [2m/weapons/arcane-dagger-epic/index.html[22m [2m(+22ms)[22m 
[2m22:31:57[22m   [34m├─[39m [2m/weapons/arcane-mace/index.html[22m [2m(+23ms)[22m 
[2m22:31:57[22m   [34m├─[39m [2m/weapons/arcane-mace-epic/index.html[22m [2m(+23ms)[22m 
[2m22:31:57[22m   [34m├─[39m [2m/weapons/arcane-staff/index.html[22m [2m(+22ms)[22m 
[2m22:31:57[22m   [34m├─[39m [2m/weapons/arcane-staff-battle-pass-epic/index.html[22m [2m(+23ms)[22m 
[2m22:31:57[22m   [34m├─[39m [2m/weapons/arcane-staff-battle-pass/index.html[22m [2m(+22ms)[22m 
[2m22:31:57[22m   [34m├─[39m [2m/weapons/arcane-staff-black-lotus-bazaar-epic/index.html[22m [2m(+23ms)[22m 
[2m22:31:57[22m   [34m├─[39m [2m/weapons/arcane-staff-black-lotus-bazaar/index.html[22m [2m(+23ms)[22m 
[2m22:31:57[22m   [34m├─[39m [2m/weapons/arcane-sword/index.html[22m [2m(+23ms)[22m 
[2m22:31:57[22m   [34m├─[39m [2m/weapons/arcane-sword-epic/index.html[22m [2m(+23ms)[22m 
[2m22:31:57[22m   [34m├─[39m [2m/weapons/arcanist-of-zar-dagger/index.html[22m [2m(+23ms)[22m 
[2m22:31:57[22m   [34m├─[39m [2m/weapons/arcanist-of-zar-dagger-epic/index.html[22m [2m(+23ms)[22m 
[2m22:31:57[22m   [34m├─[39m [2m/weapons/argossean-great-axe/index.html[22m [2m(+24ms)[22m 
[2m22:31:57[22m   [34m├─[39m [2m/weapons/argossean-great-axe-epic/index.html[22m [2m(+23ms)[22m 
[2m22:31:57[22m   [34m├─[39m [2m/weapons/argossean-great-sword/index.html[22m [2m(+23ms)[22m 
[2m22:31:57[22m   [34m├─[39m [2m/weapons/argossean-great-sword-epic/index.html[22m [2m(+23ms)[22m 
[2m22:31:57[22m   [34m├─[39m [2m/weapons/argossean-mace/index.html[22m [2m(+23ms)[22m 
[2m22:31:58[22m   [34m├─[39m [2m/weapons/argossean-mace-epic/index.html[22m [2m(+22ms)[22m 
[2m22:31:58[22m   [34m├─[39m [2m/weapons/argossean-pike/index.html[22m [2m(+23ms)[22m 
[2m22:31:58[22m   [34m├─[39m [2m/weapons/argossean-pike-epic/index.html[22m [2m(+24ms)[22m 
[2m22:31:58[22m   [34m├─[39m [2m/weapons/argossean-shield/index.html[22m [2m(+24ms)[22m 
[2m22:31:58[22m   [34m├─[39m [2m/weapons/argossean-shield-epic/index.html[22m [2m(+23ms)[22m 
[2m22:31:58[22m   [34m├─[39m [2m/weapons/argossean-short-sword/index.html[22m [2m(+22ms)[22m 
[2m22:31:58[22m   [34m├─[39m [2m/weapons/argossean-short-sword-epic/index.html[22m [2m(+24ms)[22m 
[2m22:31:58[22m   [34m├─[39m [2m/weapons/argossean-sword/index.html[22m [2m(+24ms)[22m 
[2m22:31:58[22m   [34m├─[39m [2m/weapons/argossean-sword-epic/index.html[22m [2m(+23ms)[22m 
[2m22:31:58[22m   [34m├─[39m [2m/weapons/argossean-war-axe/index.html[22m [2m(+22ms)[22m 
[2m22:31:58[22m   [34m├─[39m [2m/weapons/argossean-war-axe-epic/index.html[22m [2m(+23ms)[22m 
[2m22:31:58[22m   [34m├─[39m [2m/weapons/argossean-warhammer/index.html[22m [2m(+23ms)[22m 
[2m22:31:58[22m   [34m├─[39m [2m/weapons/argossean-warhammer-epic/index.html[22m [2m(+22ms)[22m 
[2m22:31:58[22m   [34m├─[39m [2m/weapons/ators-mace/index.html[22m [2m(+22ms)[22m 
[2m22:31:58[22m   [34m├─[39m [2m/weapons/ators-pike/index.html[22m [2m(+23ms)[22m 
[2m22:31:58[22m   [34m├─[39m [2m/weapons/axe-of-the-adventurer/index.html[22m [2m(+22ms)[22m 
[2m22:31:58[22m   [34m├─[39m [2m/weapons/axe-of-the-adventurer-epic/index.html[22m [2m(+23ms)[22m 
[2m22:31:58[22m   [34m├─[39m [2m/weapons/axe-of-the-bear/index.html[22m [2m(+23ms)[22m 
[2m22:31:58[22m   [34m├─[39m [2m/weapons/axe-of-the-gate-guardian/index.html[22m [2m(+22ms)[22m 
[2m22:31:58[22m   [34m├─[39m [2m/weapons/axe-of-the-grey-ones/index.html[22m [2m(+22ms)[22m 
[2m22:31:58[22m   [34m├─[39m [2m/weapons/axe-of-the-lion/index.html[22m [2m(+22ms)[22m 
[2m22:31:58[22m   [34m├─[39m [2m/weapons/axe-of-the-savage/index.html[22m [2m(+23ms)[22m 
[2m22:31:58[22m   [34m├─[39m [2m/weapons/axe-of-the-savage-epic/index.html[22m [2m(+22ms)[22m 
[2m22:31:58[22m   [34m├─[39m [2m/weapons/baal-pteors-lodestone/index.html[22m [2m(+23ms)[22m 
[2m22:31:58[22m   [34m├─[39m [2m/weapons/baal-pteors-razor/index.html[22m [2m(+23ms)[22m 
[2m22:31:58[22m   [34m├─[39m [2m/weapons/bad-karma/index.html[22m [2m(+22ms)[22m 
[2m22:31:58[22m   [34m├─[39m [2m/weapons/bad-karma-epic/index.html[22m [2m(+23ms)[22m 
[2m22:31:58[22m   [34m├─[39m [2m/weapons/balanced-iron-javelin/index.html[22m [2m(+23ms)[22m 
[2m22:31:58[22m   [34m├─[39m [2m/weapons/balanced-iron-poniards/index.html[22m [2m(+23ms)[22m 
[2m22:31:58[22m   [34m├─[39m [2m/weapons/balancing-daggers/index.html[22m [2m(+23ms)[22m 
[2m22:31:58[22m   [34m├─[39m [2m/weapons/balancing-daggers-epic/index.html[22m [2m(+22ms)[22m 
[2m22:31:58[22m   [34m├─[39m [2m/weapons/balias/index.html[22m [2m(+23ms)[22m 
[2m22:31:58[22m   [34m├─[39m [2m/weapons/bane-of-the-dead/index.html[22m [2m(+23ms)[22m 
[2m22:31:58[22m   [34m├─[39m [2m/weapons/bane-of-the-dead-epic/index.html[22m [2m(+23ms)[22m 
[2m22:31:58[22m   [34m├─[39m [2m/weapons/bane-of-the-voiceless-ones/index.html[22m [2m(+23ms)[22m 
[2m22:31:58[22m   [34m├─[39m [2m/weapons/barachan-brawler-bludgeon/index.html[22m [2m(+22ms)[22m 
[2m22:31:58[22m   [34m├─[39m [2m/weapons/barachan-brawler-bludgeon-epic/index.html[22m [2m(+22ms)[22m 
[2m22:31:58[22m   [34m├─[39m [2m/weapons/barbaric-great-axe/index.html[22m [2m(+22ms)[22m 
[2m22:31:58[22m   [34m├─[39m [2m/weapons/barbaric-great-sword/index.html[22m [2m(+22ms)[22m 
[2m22:31:58[22m   [34m├─[39m [2m/weapons/barbaric-great-sword-epic/index.html[22m [2m(+22ms)[22m 
[2m22:31:58[22m   [34m├─[39m [2m/weapons/battering-ram/index.html[22m [2m(+22ms)[22m 
[2m22:31:58[22m   [34m├─[39m [2m/weapons/battle-axe-of-nergal/index.html[22m [2m(+23ms)[22m 
[2m22:31:58[22m   [34m├─[39m [2m/weapons/battle-axe-of-the-outer-dark/index.html[22m [2m(+23ms)[22m 
[2m22:31:58[22m   [34m├─[39m [2m/weapons/battle-spatula/index.html[22m [2m(+23ms)[22m 
[2m22:31:59[22m   [34m├─[39m [2m/weapons/battle-axe-of-the-berserkers/index.html[22m [2m(+22ms)[22m 
[2m22:31:59[22m   [34m├─[39m [2m/weapons/bec-de-corbin/index.html[22m [2m(+22ms)[22m 
[2m22:31:59[22m   [34m├─[39m [2m/weapons/berserkers-blade/index.html[22m [2m(+23ms)[22m 
[2m22:31:59[22m   [34m├─[39m [2m/weapons/berserkers-blade-epic/index.html[22m [2m(+22ms)[22m 
[2m22:31:59[22m   [34m├─[39m [2m/weapons/berserkers-fistblades/index.html[22m [2m(+23ms)[22m 
[2m22:31:59[22m   [34m├─[39m [2m/weapons/bessies-bow/index.html[22m [2m(+23ms)[22m 
[2m22:31:59[22m   [34m├─[39m [2m/weapons/bestial-claws/index.html[22m [2m(+22ms)[22m 
[2m22:31:59[22m   [34m├─[39m [2m/weapons/bitch-scent/index.html[22m [2m(+22ms)[22m 
[2m22:31:59[22m   [34m├─[39m [2m/weapons/bite/index.html[22m [2m(+22ms)[22m 
[2m22:31:59[22m   [34m├─[39m [2m/weapons/bite-epic/index.html[22m [2m(+23ms)[22m 
[2m22:31:59[22m   [34m├─[39m [2m/weapons/bite-of-the-huntress/index.html[22m [2m(+23ms)[22m 
[2m22:31:59[22m   [34m├─[39m [2m/weapons/bitter-bite/index.html[22m [2m(+23ms)[22m 
[2m22:31:59[22m   [34m├─[39m [2m/weapons/bitter-bite-epic/index.html[22m [2m(+22ms)[22m 
[2m22:31:59[22m   [34m├─[39m [2m/weapons/black-bruarghs-fury/index.html[22m [2m(+23ms)[22m 
[2m22:31:59[22m   [34m├─[39m [2m/weapons/black-claws/index.html[22m [2m(+22ms)[22m 
[2m22:31:59[22m   [34m├─[39m [2m/weapons/black-corsair-sword/index.html[22m [2m(+22ms)[22m 
[2m22:31:59[22m   [34m├─[39m [2m/weapons/black-dragon-pike/index.html[22m [2m(+22ms)[22m 
[2m22:31:59[22m   [34m├─[39m [2m/weapons/black-ice-broadsword/index.html[22m [2m(+22ms)[22m 
[2m22:31:59[22m   [34m├─[39m [2m/weapons/black-ice-daggers/index.html[22m [2m(+23ms)[22m 
[2m22:31:59[22m   [34m├─[39m [2m/weapons/black-ice-great-sword/index.html[22m [2m(+23ms)[22m 
[2m22:31:59[22m   [34m├─[39m [2m/weapons/black-ice-javelin/index.html[22m [2m(+24ms)[22m 
[2m22:31:59[22m   [34m├─[39m [2m/weapons/black-ice-longsword/index.html[22m [2m(+23ms)[22m 
[2m22:31:59[22m   [34m├─[39m [2m/weapons/black-ice-maul/index.html[22m [2m(+23ms)[22m 
[2m22:31:59[22m   [34m├─[39m [2m/weapons/black-ice-shield/index.html[22m [2m(+23ms)[22m 
[2m22:31:59[22m   [34m├─[39m [2m/weapons/black-ice-spear/index.html[22m [2m(+23ms)[22m 
[2m22:31:59[22m   [34m├─[39m [2m/weapons/black-ice-throwing-axe/index.html[22m [2m(+23ms)[22m 
[2m22:31:59[22m   [34m├─[39m [2m/weapons/black-ice-war-axe/index.html[22m [2m(+24ms)[22m 
[2m22:31:59[22m   [34m├─[39m [2m/weapons/black-iron-bulwark/index.html[22m [2m(+24ms)[22m 
[2m22:31:59[22m   [34m├─[39m [2m/weapons/black-tusk-shield/index.html[22m [2m(+23ms)[22m 
[2m22:31:59[22m   [34m├─[39m [2m/weapons/blackheart-blade/index.html[22m [2m(+23ms)[22m 
[2m22:31:59[22m   [34m├─[39m [2m/weapons/blackheart-hammer/index.html[22m [2m(+22ms)[22m 
[2m22:31:59[22m   [34m├─[39m [2m/weapons/blackstorm-sword/index.html[22m [2m(+23ms)[22m 
[2m22:31:59[22m   [34m├─[39m [2m/weapons/blade-of-seven-winds/index.html[22m [2m(+22ms)[22m 
[2m22:31:59[22m   [34m├─[39m [2m/weapons/blade-of-the-adventurer/index.html[22m [2m(+22ms)[22m 
[2m22:31:59[22m   [34m├─[39m [2m/weapons/blade-of-the-betrayer/index.html[22m [2m(+22ms)[22m 
[2m22:31:59[22m   [34m├─[39m [2m/weapons/blasphemous-spear/index.html[22m [2m(+23ms)[22m 
[2m22:31:59[22m   [34m├─[39m [2m/weapons/blasphemous-spear-epic/index.html[22m [2m(+22ms)[22m 
[2m22:31:59[22m   [34m├─[39m [2m/weapons/blood-crystal-chakram/index.html[22m [2m(+22ms)[22m 
[2m22:31:59[22m   [34m├─[39m [2m/weapons/blood-crystal-glaive/index.html[22m [2m(+22ms)[22m 
[2m22:31:59[22m   [34m├─[39m [2m/weapons/blood-crystal-glaive-epic/index.html[22m [2m(+22ms)[22m 
[2m22:31:59[22m   [34m├─[39m [2m/weapons/blood-crystal-great-axe/index.html[22m [2m(+23ms)[22m 
[2m22:31:59[22m   [34m├─[39m [2m/weapons/blood-crystal-great-axe-epic/index.html[22m [2m(+24ms)[22m 
[2m22:31:59[22m   [34m├─[39m [2m/weapons/blood-crystal-great-sword/index.html[22m [2m(+23ms)[22m 
[2m22:31:59[22m   [34m├─[39m [2m/weapons/blood-crystal-great-sword-epic/index.html[22m [2m(+22ms)[22m 
[2m22:32:00[22m   [34m├─[39m [2m/weapons/blood-crystal-katana/index.html[22m [2m(+26ms)[22m 
[2m22:32:00[22m   [34m├─[39m [2m/weapons/blood-crystal-katana-epic/index.html[22m [2m(+22ms)[22m 
[2m22:32:00[22m   [34m├─[39m [2m/weapons/blood-crystal-mace/index.html[22m [2m(+23ms)[22m 
[2m22:32:00[22m   [34m├─[39m [2m/weapons/blood-crystal-mace-epic/index.html[22m [2m(+23ms)[22m 
[2m22:32:00[22m   [34m├─[39m [2m/weapons/blood-crystal-maul/index.html[22m [2m(+23ms)[22m 
[2m22:32:00[22m   [34m├─[39m [2m/weapons/blood-crystal-maul-epic/index.html[22m [2m(+23ms)[22m 
[2m22:32:00[22m   [34m├─[39m [2m/weapons/blood-crystal-shield/index.html[22m [2m(+23ms)[22m 
[2m22:32:00[22m   [34m├─[39m [2m/weapons/blood-crystal-shield-epic/index.html[22m [2m(+22ms)[22m 
[2m22:32:00[22m   [34m├─[39m [2m/weapons/blood-crystal-spear/index.html[22m [2m(+23ms)[22m 
[2m22:32:00[22m   [34m├─[39m [2m/weapons/blood-crystal-spear-epic/index.html[22m [2m(+23ms)[22m 
[2m22:32:00[22m   [34m├─[39m [2m/weapons/blood-crystal-sword/index.html[22m [2m(+22ms)[22m 
[2m22:32:00[22m   [34m├─[39m [2m/weapons/blood-crystal-sword-epic/index.html[22m [2m(+23ms)[22m 
[2m22:32:00[22m   [34m├─[39m [2m/weapons/blood-crystal-war-axe/index.html[22m [2m(+23ms)[22m 
[2m22:32:00[22m   [34m├─[39m [2m/weapons/blood-crystal-war-axe-epic/index.html[22m [2m(+23ms)[22m 
[2m22:32:00[22m   [34m├─[39m [2m/weapons/blood-moon-bow/index.html[22m [2m(+23ms)[22m 
[2m22:32:00[22m   [34m├─[39m [2m/weapons/blood-moon-chakram/index.html[22m [2m(+22ms)[22m 
[2m22:32:00[22m   [34m├─[39m [2m/weapons/blood-moon-punching-daggers/index.html[22m [2m(+23ms)[22m 
[2m22:32:00[22m   [34m├─[39m [2m/weapons/blooded-claws/index.html[22m [2m(+23ms)[22m 
[2m22:32:00[22m   [34m├─[39m [2m/weapons/bloodletter-bow/index.html[22m [2m(+23ms)[22m 
[2m22:32:00[22m   [34m├─[39m [2m/weapons/bloodletter-bow-epic/index.html[22m [2m(+22ms)[22m 
[2m22:32:00[22m   [34m├─[39m [2m/weapons/bloodletter-great-axe/index.html[22m [2m(+22ms)[22m 
[2m22:32:00[22m   [34m├─[39m [2m/weapons/bloodletter-great-axe-epic/index.html[22m [2m(+23ms)[22m 
[2m22:32:00[22m   [34m├─[39m [2m/weapons/bloodletter-hammer/index.html[22m [2m(+22ms)[22m 
[2m22:32:00[22m   [34m├─[39m [2m/weapons/bloodletter-hammer-epic/index.html[22m [2m(+23ms)[22m 
[2m22:32:00[22m   [34m├─[39m [2m/weapons/bloodletter-mace/index.html[22m [2m(+22ms)[22m 
[2m22:32:00[22m   [34m├─[39m [2m/weapons/bloodletter-mace-epic/index.html[22m [2m(+23ms)[22m 
[2m22:32:00[22m   [34m├─[39m [2m/weapons/bloodletter-pike/index.html[22m [2m(+22ms)[22m 
[2m22:32:00[22m   [34m├─[39m [2m/weapons/bloodletter-pike-epic/index.html[22m [2m(+22ms)[22m 
[2m22:32:00[22m   [34m├─[39m [2m/weapons/bloodletter-poniards/index.html[22m [2m(+23ms)[22m 
[2m22:32:00[22m   [34m├─[39m [2m/weapons/bloodletter-poniards-epic/index.html[22m [2m(+23ms)[22m 
[2m22:32:00[22m   [34m├─[39m [2m/weapons/bloodletter-shield/index.html[22m [2m(+22ms)[22m 
[2m22:32:00[22m   [34m├─[39m [2m/weapons/bloodletter-shield-epic/index.html[22m [2m(+23ms)[22m 
[2m22:32:00[22m   [34m├─[39m [2m/weapons/bloodletter-short-sword/index.html[22m [2m(+23ms)[22m 
[2m22:32:00[22m   [34m├─[39m [2m/weapons/bloodletter-short-sword-epic/index.html[22m [2m(+23ms)[22m 
[2m22:32:00[22m   [34m├─[39m [2m/weapons/bloodletter-sword/index.html[22m [2m(+22ms)[22m 
[2m22:32:00[22m   [34m├─[39m [2m/weapons/bloodletter-sword-epic/index.html[22m [2m(+23ms)[22m 
[2m22:32:00[22m   [34m├─[39m [2m/weapons/bloodletter-two-handed-sword/index.html[22m [2m(+23ms)[22m 
[2m22:32:00[22m   [34m├─[39m [2m/weapons/bloodletter-two-handed-sword-epic/index.html[22m [2m(+23ms)[22m 
[2m22:32:00[22m   [34m├─[39m [2m/weapons/bloodletter-war-axe/index.html[22m [2m(+22ms)[22m 
[2m22:32:00[22m   [34m├─[39m [2m/weapons/bloodletter-war-axe-epic/index.html[22m [2m(+23ms)[22m 
[2m22:32:00[22m   [34m├─[39m [2m/weapons/bloodsoaked-daggers/index.html[22m [2m(+23ms)[22m 
[2m22:32:00[22m   [34m├─[39m [2m/weapons/bloodsoaked-daggers-epic/index.html[22m [2m(+23ms)[22m 
[2m22:32:00[22m   [34m├─[39m [2m/weapons/bloodstone-sword/index.html[22m [2m(+23ms)[22m 
[2m22:32:00[22m   [34m├─[39m [2m/weapons/blunt-daggers/index.html[22m [2m(+23ms)[22m 
[2m22:32:01[22m   [34m├─[39m [2m/weapons/blunt-daggers-epic/index.html[22m [2m(+23ms)[22m 
[2m22:32:01[22m   [34m├─[39m [2m/weapons/blunted-javelin/index.html[22m [2m(+23ms)[22m 
[2m22:32:01[22m   [34m├─[39m [2m/weapons/boatswains-hook/index.html[22m [2m(+23ms)[22m 
[2m22:32:01[22m   [34m├─[39m [2m/weapons/bone-bolts/index.html[22m [2m(+23ms)[22m 
[2m22:32:01[22m   [34m├─[39m [2m/weapons/bone-claws/index.html[22m [2m(+23ms)[22m 
[2m22:32:01[22m   [34m├─[39m [2m/weapons/bone-conjurers-mace/index.html[22m [2m(+23ms)[22m 
[2m22:32:01[22m   [34m├─[39m [2m/weapons/bone-conjurers-mace-epic/index.html[22m [2m(+23ms)[22m 
[2m22:32:01[22m   [34m├─[39m [2m/weapons/bone-shield-variant-a/index.html[22m [2m(+23ms)[22m 
[2m22:32:01[22m   [34m├─[39m [2m/weapons/bone-shield-variant-b/index.html[22m [2m(+22ms)[22m 
[2m22:32:01[22m   [34m├─[39m [2m/weapons/bone-shrapnel-grenade/index.html[22m [2m(+23ms)[22m 
[2m22:32:01[22m   [34m├─[39m [2m/weapons/bonebreaker-mace/index.html[22m [2m(+23ms)[22m 
[2m22:32:01[22m   [34m├─[39m [2m/weapons/bonebreaker-mace-epic/index.html[22m [2m(+23ms)[22m 
[2m22:32:01[22m   [34m├─[39m [2m/weapons/bonesplinter-bow/index.html[22m [2m(+23ms)[22m 
[2m22:32:01[22m   [34m├─[39m [2m/weapons/bonesplinter-bow-epic/index.html[22m [2m(+23ms)[22m 
[2m22:32:01[22m   [34m├─[39m [2m/weapons/bossonian-bow/index.html[22m [2m(+22ms)[22m 
[2m22:32:01[22m   [34m├─[39m [2m/weapons/bossonian-bow-epic/index.html[22m [2m(+22ms)[22m 
[2m22:32:01[22m   [34m├─[39m [2m/weapons/bow-of-the-grey-ones/index.html[22m [2m(+22ms)[22m 
[2m22:32:01[22m   [34m├─[39m [2m/weapons/bright-slice/index.html[22m [2m(+22ms)[22m 
[2m22:32:01[22m   [34m├─[39m [2m/weapons/bright-slice-epic/index.html[22m [2m(+22ms)[22m 
[2m22:32:01[22m   [34m├─[39m [2m/weapons/brittle-edge/index.html[22m [2m(+23ms)[22m 
[2m22:32:01[22m   [34m├─[39m [2m/weapons/broken-glass/index.html[22m [2m(+22ms)[22m 
[2m22:32:01[22m   [34m├─[39m [2m/weapons/brutish-daggers/index.html[22m [2m(+22ms)[22m 
[2m22:32:01[22m   [34m├─[39m [2m/weapons/bryta/index.html[22m [2m(+23ms)[22m 
[2m22:32:01[22m   [34m├─[39m [2m/weapons/bulwark-of-bone/index.html[22m [2m(+22ms)[22m 
[2m22:32:01[22m   [34m├─[39m [2m/weapons/burning-siege-boulder/index.html[22m [2m(+22ms)[22m 
[2m22:32:01[22m   [34m├─[39m [2m/weapons/calandras-shield/index.html[22m [2m(+23ms)[22m 
[2m22:32:01[22m   [34m├─[39m [2m/weapons/calandras-sword/index.html[22m [2m(+22ms)[22m 
[2m22:32:01[22m   [34m├─[39m [2m/weapons/carapace-shield/index.html[22m [2m(+23ms)[22m 
[2m22:32:01[22m   [34m├─[39m [2m/weapons/carnage/index.html[22m [2m(+22ms)[22m 
[2m22:32:01[22m   [34m├─[39m [2m/weapons/chieftain-of-the-north-hammer/index.html[22m [2m(+22ms)[22m 
[2m22:32:01[22m   [34m├─[39m [2m/weapons/chieftain-of-the-north-hammer-epic/index.html[22m [2m(+22ms)[22m 
[2m22:32:01[22m   [34m├─[39m [2m/weapons/cimmerian-battle-axe/index.html[22m [2m(+23ms)[22m 
[2m22:32:01[22m   [34m├─[39m [2m/weapons/cimmerian-blacksmith-hammer/index.html[22m [2m(+23ms)[22m 
[2m22:32:01[22m   [34m├─[39m [2m/weapons/cimmerian-blacksmith-hammer-epic/index.html[22m [2m(+23ms)[22m 
[2m22:32:01[22m   [34m├─[39m [2m/weapons/clan-emblem-heater-shield/index.html[22m [2m(+22ms)[22m 
[2m22:32:01[22m   [34m├─[39m [2m/weapons/clan-emblem-heater-shield-epic/index.html[22m [2m(+23ms)[22m 
[2m22:32:01[22m   [34m├─[39m [2m/weapons/claws-of-jhebbal-sag/index.html[22m [2m(+23ms)[22m 
[2m22:32:01[22m   [34m├─[39m [2m/weapons/claws-of-the-great-wolf/index.html[22m [2m(+23ms)[22m 
[2m22:32:01[22m   [34m├─[39m [2m/weapons/claws-of-the-wolf/index.html[22m [2m(+22ms)[22m 
[2m22:32:01[22m   [34m├─[39m [2m/weapons/coldheart/index.html[22m [2m(+22ms)[22m 
[2m22:32:01[22m   [34m├─[39m [2m/weapons/coldheart-epic/index.html[22m [2m(+23ms)[22m 
[2m22:32:01[22m   [34m├─[39m [2m/weapons/conans-atlantean-sword/index.html[22m [2m(+22ms)[22m 
[2m22:32:01[22m   [34m├─[39m [2m/weapons/conans-atlantean-sword-epic/index.html[22m [2m(+23ms)[22m 
[2m22:32:01[22m   [34m├─[39m [2m/weapons/corinthian-scholar-mace/index.html[22m [2m(+23ms)[22m 
[2m22:32:02[22m   [34m├─[39m [2m/weapons/corinthian-scholar-mace-epic/index.html[22m [2m(+24ms)[22m 
[2m22:32:02[22m   [34m├─[39m [2m/weapons/corroding-sword/index.html[22m [2m(+21ms)[22m 
[2m22:32:02[22m   [34m├─[39m [2m/weapons/corroding-sword-epic/index.html[22m [2m(+23ms)[22m 
[2m22:32:02[22m   [34m├─[39m [2m/weapons/corrupted-axe/index.html[22m [2m(+22ms)[22m 
[2m22:32:02[22m   [34m├─[39m [2m/weapons/corruptor-of-souls/index.html[22m [2m(+23ms)[22m 
[2m22:32:02[22m   [34m├─[39m [2m/weapons/corruptor-of-souls-epic/index.html[22m [2m(+23ms)[22m 
[2m22:32:02[22m   [34m├─[39m [2m/weapons/corsair-cutlass/index.html[22m [2m(+23ms)[22m 
[2m22:32:02[22m   [34m├─[39m [2m/weapons/corsair-cutlass-epic/index.html[22m [2m(+23ms)[22m 
[2m22:32:02[22m   [34m├─[39m [2m/weapons/croms-hammer/index.html[22m [2m(+23ms)[22m 
[2m22:32:02[22m   [34m├─[39m [2m/weapons/curved-blade-of-the-legion/index.html[22m [2m(+23ms)[22m 
[2m22:32:02[22m   [34m├─[39m [2m/weapons/curved-blade-of-the-legion-epic/index.html[22m [2m(+23ms)[22m 
[2m22:32:02[22m   [34m├─[39m [2m/weapons/curved-short-sword/index.html[22m [2m(+24ms)[22m 
[2m22:32:02[22m   [34m├─[39m [2m/weapons/curved-slayer/index.html[22m [2m(+23ms)[22m 
[2m22:32:02[22m   [34m├─[39m [2m/weapons/cutlass/index.html[22m [2m(+23ms)[22m 
[2m22:32:02[22m   [34m├─[39m [2m/weapons/dagger-of-the-great-wolf/index.html[22m [2m(+23ms)[22m 
[2m22:32:02[22m   [34m├─[39m [2m/weapons/daggers-of-dagon/index.html[22m [2m(+23ms)[22m 
[2m22:32:02[22m   [34m├─[39m [2m/weapons/daggers-of-nameless-days/index.html[22m [2m(+22ms)[22m 
[2m22:32:02[22m   [34m├─[39m [2m/weapons/daggers-of-a-thousand-bites/index.html[22m [2m(+23ms)[22m 
[2m22:32:02[22m   [34m├─[39m [2m/weapons/daggers-of-the-grey-ones/index.html[22m [2m(+23ms)[22m 
[2m22:32:02[22m   [34m├─[39m [2m/weapons/daggers-of-the-legion/index.html[22m [2m(+23ms)[22m 
[2m22:32:02[22m   [34m├─[39m [2m/weapons/daggers-of-the-legion-epic/index.html[22m [2m(+22ms)[22m 
[2m22:32:02[22m   [34m├─[39m [2m/weapons/daggers-of-the-outer-dark/index.html[22m [2m(+22ms)[22m 
[2m22:32:02[22m   [34m├─[39m [2m/weapons/daggers-of-the-warsmith/index.html[22m [2m(+23ms)[22m 
[2m22:32:02[22m   [34m├─[39m [2m/weapons/daggers-of-the-warsmith-epic/index.html[22m [2m(+23ms)[22m 
[2m22:32:02[22m   [34m├─[39m [2m/weapons/darfari-axe-variant-a/index.html[22m [2m(+22ms)[22m 
[2m22:32:02[22m   [34m├─[39m [2m/weapons/darfari-axe-variant-b/index.html[22m [2m(+23ms)[22m 
[2m22:32:02[22m   [34m├─[39m [2m/weapons/darfari-cudgel-variant-a/index.html[22m [2m(+23ms)[22m 
[2m22:32:02[22m   [34m├─[39m [2m/weapons/darfari-cudgel-variant-b/index.html[22m [2m(+23ms)[22m 
[2m22:32:02[22m   [34m├─[39m [2m/weapons/darfari-sword-variant-a/index.html[22m [2m(+23ms)[22m 
[2m22:32:02[22m   [34m├─[39m [2m/weapons/darfari-sword-variant-b/index.html[22m [2m(+23ms)[22m 
[2m22:32:02[22m   [34m├─[39m [2m/weapons/dead-leg/index.html[22m [2m(+23ms)[22m 
[2m22:32:02[22m   [34m├─[39m [2m/weapons/death-to-trees/index.html[22m [2m(+23ms)[22m 
[2m22:32:02[22m   [34m├─[39m [2m/weapons/death-to-trees-epic/index.html[22m [2m(+22ms)[22m 
[2m22:32:02[22m   [34m├─[39m [2m/weapons/deathbringer-axe-epic-variant-a/index.html[22m [2m(+22ms)[22m 
[2m22:32:02[22m   [34m├─[39m [2m/weapons/deathbringer-axe-epic-variant-b/index.html[22m [2m(+24ms)[22m 
[2m22:32:02[22m   [34m├─[39m [2m/weapons/deceiver/index.html[22m [2m(+23ms)[22m 
[2m22:32:02[22m   [34m├─[39m [2m/weapons/deceiver-epic/index.html[22m [2m(+22ms)[22m 
[2m22:32:02[22m   [34m├─[39m [2m/weapons/demon-fire-barrage/index.html[22m [2m(+22ms)[22m 
[2m22:32:02[22m   [34m├─[39m [2m/weapons/demon-fire-orb/index.html[22m [2m(+23ms)[22m 
[2m22:32:02[22m   [34m├─[39m [2m/weapons/depraved-spear/index.html[22m [2m(+23ms)[22m 
[2m22:32:02[22m   [34m├─[39m [2m/weapons/depraved-spear-epic/index.html[22m [2m(+22ms)[22m 
[2m22:32:02[22m   [34m├─[39m [2m/weapons/derketos-voice/index.html[22m [2m(+22ms)[22m 
[2m22:32:02[22m   [34m├─[39m [2m/weapons/despicable-maul/index.html[22m [2m(+23ms)[22m 
[2m22:32:02[22m   [34m├─[39m [2m/weapons/despicable-maul-epic/index.html[22m [2m(+23ms)[22m 
[2m22:32:03[22m   [34m├─[39m [2m/weapons/destroyer/index.html[22m [2m(+23ms)[22m 
[2m22:32:03[22m   [34m├─[39m [2m/weapons/diseased-knives/index.html[22m [2m(+23ms)[22m 
[2m22:32:03[22m   [34m├─[39m [2m/weapons/diseased-spike/index.html[22m [2m(+22ms)[22m 
[2m22:32:03[22m   [34m├─[39m [2m/weapons/doom/index.html[22m [2m(+22ms)[22m 
[2m22:32:03[22m   [34m├─[39m [2m/weapons/dragon-katana/index.html[22m [2m(+23ms)[22m 
[2m22:32:03[22m   [34m├─[39m [2m/weapons/dragon-katana-epic/index.html[22m [2m(+23ms)[22m 
[2m22:32:03[22m   [34m├─[39m [2m/weapons/dragonbone-bow/index.html[22m [2m(+23ms)[22m 
[2m22:32:03[22m   [34m├─[39m [2m/weapons/dragonbone-daggers/index.html[22m [2m(+23ms)[22m 
[2m22:32:03[22m   [34m├─[39m [2m/weapons/dragonbone-javelin/index.html[22m [2m(+23ms)[22m 
[2m22:32:03[22m   [34m├─[39m [2m/weapons/dragonbone-maul/index.html[22m [2m(+23ms)[22m 
[2m22:32:03[22m   [34m├─[39m [2m/weapons/dragonbone-shield/index.html[22m [2m(+8ms)[22m 
[2m22:32:03[22m   [34m├─[39m [2m/weapons/dragonbone-spear/index.html[22m [2m(+23ms)[22m 
[2m22:32:03[22m   [34m├─[39m [2m/weapons/dragonbone-sword/index.html[22m [2m(+23ms)[22m 
[2m22:32:03[22m   [34m├─[39m [2m/weapons/dragonbone-throwing-axe/index.html[22m [2m(+22ms)[22m 
[2m22:32:03[22m   [34m├─[39m [2m/weapons/dragonbone-two-handed-sword/index.html[22m [2m(+23ms)[22m 
[2m22:32:03[22m   [34m├─[39m [2m/weapons/dragonbone-war-axe/index.html[22m [2m(+23ms)[22m 
[2m22:32:03[22m   [34m├─[39m [2m/weapons/draining-knives/index.html[22m [2m(+23ms)[22m 
[2m22:32:03[22m   [34m├─[39m [2m/weapons/draining-knives-epic/index.html[22m [2m(+22ms)[22m 
[2m22:32:03[22m   [34m├─[39m [2m/weapons/draining-maul/index.html[22m [2m(+23ms)[22m 
[2m22:32:03[22m   [34m├─[39m [2m/weapons/draining-maul-epic/index.html[22m [2m(+23ms)[22m 
[2m22:32:03[22m   [34m├─[39m [2m/weapons/draining-will/index.html[22m [2m(+23ms)[22m 
[2m22:32:03[22m   [34m├─[39m [2m/weapons/draining-will-epic/index.html[22m [2m(+23ms)[22m 
[2m22:32:03[22m   [34m├─[39m [2m/weapons/dripping-longsword/index.html[22m [2m(+23ms)[22m 
[2m22:32:03[22m   [34m├─[39m [2m/weapons/dripping-longsword-epic/index.html[22m [2m(+23ms)[22m 
[2m22:32:03[22m   [34m├─[39m [2m/weapons/drunkards-blade/index.html[22m [2m(+22ms)[22m 
[2m22:32:03[22m   [34m├─[39m [2m/weapons/dry-scraper/index.html[22m [2m(+23ms)[22m 
[2m22:32:03[22m   [34m├─[39m [2m/weapons/dueling-blade-of-the-hawk/index.html[22m [2m(+22ms)[22m 
[2m22:32:03[22m   [34m├─[39m [2m/weapons/els-drinker/index.html[22m [2m(+23ms)[22m 
[2m22:32:03[22m   [34m├─[39m [2m/weapons/enraged-sword/index.html[22m [2m(+23ms)[22m 
[2m22:32:03[22m   [34m├─[39m [2m/weapons/enraged-sword-epic/index.html[22m [2m(+23ms)[22m 
[2m22:32:03[22m   [34m├─[39m [2m/weapons/evening-star/index.html[22m [2m(+22ms)[22m 
[2m22:32:03[22m   [34m├─[39m [2m/weapons/executioners-axe/index.html[22m [2m(+23ms)[22m 
[2m22:32:03[22m   [34m├─[39m [2m/weapons/executioners-blade/index.html[22m [2m(+23ms)[22m 
[2m22:32:03[22m   [34m├─[39m [2m/weapons/eye-of-the-khan/index.html[22m [2m(+22ms)[22m 
[2m22:32:03[22m   [34m├─[39m [2m/weapons/eye-of-the-watcher/index.html[22m [2m(+23ms)[22m 
[2m22:32:03[22m   [34m├─[39m [2m/weapons/eye-piercer/index.html[22m [2m(+23ms)[22m 
[2m22:32:03[22m   [34m├─[39m [2m/weapons/eye-piercer-epic/index.html[22m [2m(+24ms)[22m 
[2m22:32:03[22m   [34m├─[39m [2m/weapons/falcata/index.html[22m [2m(+24ms)[22m 
[2m22:32:03[22m   [34m├─[39m [2m/weapons/fangs-of-the-red-mother/index.html[22m [2m(+24ms)[22m 
[2m22:32:03[22m   [34m├─[39m [2m/weapons/fate-of-sarnath/index.html[22m [2m(+24ms)[22m 
[2m22:32:03[22m   [34m├─[39m [2m/weapons/featherlight-battle-axe/index.html[22m [2m(+24ms)[22m 
[2m22:32:03[22m   [34m├─[39m [2m/weapons/featherlight-bow/index.html[22m [2m(+23ms)[22m 
[2m22:32:03[22m   [34m├─[39m [2m/weapons/featherlight-chakram/index.html[22m [2m(+22ms)[22m 
[2m22:32:03[22m   [34m├─[39m [2m/weapons/featherlight-daggers/index.html[22m [2m(+22ms)[22m 
[2m22:32:04[22m   [34m├─[39m [2m/weapons/feral-claws/index.html[22m [2m(+23ms)[22m 
[2m22:32:04[22m   [34m├─[39m [2m/weapons/feral-claws-epic/index.html[22m [2m(+22ms)[22m 
[2m22:32:04[22m   [34m├─[39m [2m/weapons/ferine-stalker-arcane-staff/index.html[22m [2m(+22ms)[22m 
[2m22:32:04[22m   [34m├─[39m [2m/weapons/feroxic-bow/index.html[22m [2m(+23ms)[22m 
[2m22:32:04[22m   [34m├─[39m [2m/weapons/feroxic-dagger/index.html[22m [2m(+23ms)[22m 
[2m22:32:04[22m   [34m├─[39m [2m/weapons/feroxic-great-sword/index.html[22m [2m(+23ms)[22m 
[2m22:32:04[22m   [34m├─[39m [2m/weapons/feroxic-pike/index.html[22m [2m(+23ms)[22m 
[2m22:32:04[22m   [34m├─[39m [2m/weapons/feroxic-war-axe/index.html[22m [2m(+23ms)[22m 
[2m22:32:04[22m   [34m├─[39m [2m/weapons/feroxic-warhammer/index.html[22m [2m(+23ms)[22m 
[2m22:32:04[22m   [34m├─[39m [2m/weapons/fervor/index.html[22m [2m(+23ms)[22m 
[2m22:32:04[22m   [34m├─[39m [2m/weapons/fervor-epic/index.html[22m [2m(+23ms)[22m 
[2m22:32:04[22m   [34m├─[39m [2m/weapons/fever/index.html[22m [2m(+23ms)[22m 
[2m22:32:04[22m   [34m├─[39m [2m/weapons/fever-epic/index.html[22m [2m(+24ms)[22m 
[2m22:32:04[22m   [34m├─[39m [2m/weapons/fiend-bone-battle-axe/index.html[22m [2m(+23ms)[22m 
[2m22:32:04[22m   [34m├─[39m [2m/weapons/fiend-bone-great-sword/index.html[22m [2m(+22ms)[22m 
[2m22:32:04[22m   [34m├─[39m [2m/weapons/fiend-bone-pike/index.html[22m [2m(+23ms)[22m 
[2m22:32:04[22m   [34m├─[39m [2m/weapons/fiend-bone-shield/index.html[22m [2m(+23ms)[22m 
[2m22:32:04[22m   [34m├─[39m [2m/weapons/fiend-bone-hammer/index.html[22m [2m(+23ms)[22m 
[2m22:32:04[22m   [34m├─[39m [2m/weapons/fiend-bone-mace/index.html[22m [2m(+23ms)[22m 
[2m22:32:04[22m   [34m├─[39m [2m/weapons/fire-bolts/index.html[22m [2m(+22ms)[22m 
[2m22:32:04[22m   [34m├─[39m [2m/weapons/fish-hook/index.html[22m [2m(+23ms)[22m 
[2m22:32:04[22m   [34m├─[39m [2m/weapons/flanged-iron-mace/index.html[22m [2m(+23ms)[22m 
[2m22:32:04[22m   [34m├─[39m [2m/weapons/fleshtearer/index.html[22m [2m(+23ms)[22m 
[2m22:32:04[22m   [34m├─[39m [2m/weapons/fleshtearer-epic/index.html[22m [2m(+23ms)[22m 
[2m22:32:04[22m   [34m├─[39m [2m/weapons/fling-shot/index.html[22m [2m(+22ms)[22m 
[2m22:32:04[22m   [34m├─[39m [2m/weapons/flinthead-bolts/index.html[22m [2m(+23ms)[22m 
[2m22:32:04[22m   [34m├─[39m [2m/weapons/foeshatter/index.html[22m [2m(+23ms)[22m 
[2m22:32:04[22m   [34m├─[39m [2m/weapons/forgelight/index.html[22m [2m(+22ms)[22m 
[2m22:32:04[22m   [34m├─[39m [2m/weapons/forlorn-great-axe/index.html[22m [2m(+23ms)[22m 
[2m22:32:04[22m   [34m├─[39m [2m/weapons/forlorn-great-sword/index.html[22m [2m(+23ms)[22m 
[2m22:32:04[22m   [34m├─[39m [2m/weapons/forlorn-longsword/index.html[22m [2m(+23ms)[22m 
[2m22:32:04[22m   [34m├─[39m [2m/weapons/forlorn-mace/index.html[22m [2m(+23ms)[22m 
[2m22:32:04[22m   [34m├─[39m [2m/weapons/frenzied-bow/index.html[22m [2m(+23ms)[22m 
[2m22:32:04[22m   [34m├─[39m [2m/weapons/frenzied-bow-epic/index.html[22m [2m(+23ms)[22m 
[2m22:32:04[22m   [34m├─[39m [2m/weapons/frenzied-edge/index.html[22m [2m(+23ms)[22m 
[2m22:32:04[22m   [34m├─[39m [2m/weapons/frenzied-edge-epic/index.html[22m [2m(+24ms)[22m 
[2m22:32:04[22m   [34m├─[39m [2m/weapons/frostshot/index.html[22m [2m(+22ms)[22m 
[2m22:32:04[22m   [34m├─[39m [2m/weapons/gaseous-orb/index.html[22m [2m(+23ms)[22m 
[2m22:32:04[22m   [34m├─[39m [2m/weapons/gavains-rusty-pike/index.html[22m [2m(+22ms)[22m 
[2m22:32:04[22m   [34m├─[39m [2m/weapons/ghast-axe/index.html[22m [2m(+22ms)[22m 
[2m22:32:04[22m   [34m├─[39m [2m/weapons/ghast-sword/index.html[22m [2m(+23ms)[22m 
[2m22:32:04[22m   [34m├─[39m [2m/weapons/ghoul-bone/index.html[22m [2m(+23ms)[22m 
[2m22:32:04[22m   [34m├─[39m [2m/weapons/ghoulish-blade/index.html[22m [2m(+22ms)[22m 
[2m22:32:04[22m   [34m├─[39m [2m/weapons/ghoulish-club/index.html[22m [2m(+23ms)[22m 
[2m22:32:05[22m   [34m├─[39m [2m/weapons/ghoulish-pike/index.html[22m [2m(+22ms)[22m 
[2m22:32:05[22m   [34m├─[39m [2m/weapons/giants-fingerbone/index.html[22m [2m(+23ms)[22m 
[2m22:32:05[22m   [34m├─[39m [2m/weapons/glacier-crack/index.html[22m [2m(+22ms)[22m 
[2m22:32:05[22m   [34m├─[39m [2m/weapons/glimmermoon/index.html[22m [2m(+23ms)[22m 
[2m22:32:05[22m   [34m├─[39m [2m/weapons/globe-of-yezud/index.html[22m [2m(+23ms)[22m 
[2m22:32:05[22m   [34m├─[39m [2m/weapons/goat-horn-bow/index.html[22m [2m(+23ms)[22m 
[2m22:32:05[22m   [34m├─[39m [2m/weapons/goblinfangs/index.html[22m [2m(+23ms)[22m 
[2m22:32:05[22m   [34m├─[39m [2m/weapons/gouging-blade/index.html[22m [2m(+24ms)[22m 
[2m22:32:05[22m   [34m├─[39m [2m/weapons/gouging-blade-epic/index.html[22m [2m(+23ms)[22m 
[2m22:32:05[22m   [34m├─[39m [2m/weapons/graceful-night/index.html[22m [2m(+23ms)[22m 
[2m22:32:05[22m   [34m├─[39m [2m/weapons/gravebane/index.html[22m [2m(+22ms)[22m 
[2m22:32:05[22m   [34m├─[39m [2m/weapons/gravebane-epic/index.html[22m [2m(+22ms)[22m 
[2m22:32:05[22m   [34m├─[39m [2m/weapons/gravedigger/index.html[22m [2m(+23ms)[22m 
[2m22:32:05[22m   [34m├─[39m [2m/weapons/grease-orb/index.html[22m [2m(+23ms)[22m 
[2m22:32:05[22m   [34m├─[39m [2m/weapons/great-axe-of-the-great-wolf/index.html[22m [2m(+23ms)[22m 
[2m22:32:05[22m   [34m├─[39m [2m/weapons/great-axe-of-the-legion/index.html[22m [2m(+23ms)[22m 
[2m22:32:05[22m   [34m├─[39m [2m/weapons/great-axe-of-the-legion-epic/index.html[22m [2m(+23ms)[22m 
[2m22:32:05[22m   [34m├─[39m [2m/weapons/great-axe-of-the-north/index.html[22m [2m(+23ms)[22m 
[2m22:32:05[22m   [34m├─[39m [2m/weapons/great-sword-of-nergal/index.html[22m [2m(+23ms)[22m 
[2m22:32:05[22m   [34m├─[39m [2m/weapons/great-sword-of-the-great-wolf/index.html[22m [2m(+23ms)[22m 
[2m22:32:05[22m   [34m├─[39m [2m/weapons/great-sword-of-the-legion/index.html[22m [2m(+23ms)[22m 
[2m22:32:05[22m   [34m├─[39m [2m/weapons/great-sword-of-the-legion-epic/index.html[22m [2m(+23ms)[22m 
[2m22:32:05[22m   [34m├─[39m [2m/weapons/great-sword-of-the-outer-dark/index.html[22m [2m(+23ms)[22m 
[2m22:32:05[22m   [34m├─[39m [2m/weapons/great-axe-of-the-grey-ones/index.html[22m [2m(+23ms)[22m 
[2m22:32:05[22m   [34m├─[39m [2m/weapons/great-sword-of-the-grey-ones/index.html[22m [2m(+23ms)[22m 
[2m22:32:05[22m   [34m├─[39m [2m/weapons/gremlinfangs/index.html[22m [2m(+23ms)[22m 
[2m22:32:05[22m   [34m├─[39m [2m/weapons/grief/index.html[22m [2m(+23ms)[22m 
[2m22:32:05[22m   [34m├─[39m [2m/weapons/grief-epic/index.html[22m [2m(+22ms)[22m 
[2m22:32:05[22m   [34m├─[39m [2m/weapons/guardsmans-sword/index.html[22m [2m(+23ms)[22m 
[2m22:32:05[22m   [34m├─[39m [2m/weapons/guardsmans-sword-epic/index.html[22m [2m(+24ms)[22m 
[2m22:32:05[22m   [34m├─[39m [2m/weapons/gurnakhi-axe/index.html[22m [2m(+23ms)[22m 
[2m22:32:05[22m   [34m├─[39m [2m/weapons/gurnakhi-axe-epic/index.html[22m [2m(+24ms)[22m 
[2m22:32:05[22m   [34m├─[39m [2m/weapons/gurnakhi-cleaver/index.html[22m [2m(+23ms)[22m 
[2m22:32:05[22m   [34m├─[39m [2m/weapons/gurnakhi-cleaver-epic/index.html[22m [2m(+23ms)[22m 
[2m22:32:05[22m   [34m├─[39m [2m/weapons/gurnakhi-sword/index.html[22m [2m(+23ms)[22m 
[2m22:32:05[22m   [34m├─[39m [2m/weapons/gurnakhi-sword-epic/index.html[22m [2m(+23ms)[22m 
[2m22:32:05[22m   [34m├─[39m [2m/weapons/hammer-of-thag/index.html[22m [2m(+24ms)[22m 
[2m22:32:05[22m   [34m├─[39m [2m/weapons/hammer-of-the-whale/index.html[22m [2m(+23ms)[22m 
[2m22:32:05[22m   [34m├─[39m [2m/weapons/hamstringing-great-axe/index.html[22m [2m(+22ms)[22m 
[2m22:32:05[22m   [34m├─[39m [2m/weapons/hamstringing-great-axe-epic/index.html[22m [2m(+23ms)[22m 
[2m22:32:05[22m   [34m├─[39m [2m/weapons/hanumans-gada/index.html[22m [2m(+23ms)[22m 
[2m22:32:05[22m   [34m├─[39m [2m/weapons/hardened-steel-bolts/index.html[22m [2m(+24ms)[22m 
[2m22:32:05[22m   [34m├─[39m [2m/weapons/hardened-steel-bow/index.html[22m [2m(+23ms)[22m 
[2m22:32:05[22m   [34m├─[39m [2m/weapons/hardened-steel-bow-epic/index.html[22m [2m(+23ms)[22m 
[2m22:32:06[22m   [34m├─[39m [2m/weapons/hardened-steel-daggers/index.html[22m [2m(+22ms)[22m 
[2m22:32:06[22m   [34m├─[39m [2m/weapons/hardened-steel-great-axe/index.html[22m [2m(+23ms)[22m 
[2m22:32:06[22m   [34m├─[39m [2m/weapons/hardened-steel-greatsword/index.html[22m [2m(+23ms)[22m 
[2m22:32:06[22m   [34m├─[39m [2m/weapons/hardened-steel-greatsword-epic/index.html[22m [2m(+23ms)[22m 
[2m22:32:06[22m   [34m├─[39m [2m/weapons/hardened-steel-hammer/index.html[22m [2m(+22ms)[22m 
[2m22:32:06[22m   [34m├─[39m [2m/weapons/hardened-steel-hammer-epic/index.html[22m [2m(+23ms)[22m 
[2m22:32:06[22m   [34m├─[39m [2m/weapons/hardened-steel-javelin/index.html[22m [2m(+23ms)[22m 
[2m22:32:06[22m   [34m├─[39m [2m/weapons/hardened-steel-mace/index.html[22m [2m(+22ms)[22m 
[2m22:32:06[22m   [34m├─[39m [2m/weapons/hardened-steel-mace-epic/index.html[22m [2m(+22ms)[22m 
[2m22:32:06[22m   [34m├─[39m [2m/weapons/hardened-steel-punching-daggers/index.html[22m [2m(+23ms)[22m 
[2m22:32:06[22m   [34m├─[39m [2m/weapons/hardened-steel-punching-daggers-epic/index.html[22m [2m(+24ms)[22m 
[2m22:32:06[22m   [34m├─[39m [2m/weapons/hardened-steel-shield/index.html[22m [2m(+23ms)[22m 
[2m22:32:06[22m   [34m├─[39m [2m/weapons/hardened-steel-shield-epic/index.html[22m [2m(+23ms)[22m 
[2m22:32:06[22m   [34m├─[39m [2m/weapons/hardened-steel-short-sword/index.html[22m [2m(+22ms)[22m 
[2m22:32:06[22m   [34m├─[39m [2m/weapons/hardened-steel-short-sword-epic/index.html[22m [2m(+23ms)[22m 
[2m22:32:06[22m   [34m├─[39m [2m/weapons/hardened-steel-spear/index.html[22m [2m(+23ms)[22m 
[2m22:32:06[22m   [34m├─[39m [2m/weapons/hardened-steel-spear-epic/index.html[22m [2m(+23ms)[22m 
[2m22:32:06[22m   [34m├─[39m [2m/weapons/hardened-steel-sword/index.html[22m [2m(+23ms)[22m 
[2m22:32:06[22m   [34m├─[39m [2m/weapons/hardened-steel-sword-epic/index.html[22m [2m(+23ms)[22m 
[2m22:32:06[22m   [34m├─[39m [2m/weapons/hardened-steel-throwing-axe/index.html[22m [2m(+23ms)[22m 
[2m22:32:06[22m   [34m├─[39m [2m/weapons/hardened-steel-war-axe/index.html[22m [2m(+22ms)[22m 
[2m22:32:06[22m   [34m├─[39m [2m/weapons/hardened-steel-war-axe-epic/index.html[22m [2m(+23ms)[22m 
[2m22:32:06[22m   [34m├─[39m [2m/weapons/harm/index.html[22m [2m(+23ms)[22m 
[2m22:32:06[22m   [34m├─[39m [2m/weapons/harm-epic/index.html[22m [2m(+23ms)[22m 
[2m22:32:06[22m   [34m├─[39m [2m/weapons/harpys-bow/index.html[22m [2m(+24ms)[22m 
[2m22:32:06[22m   [34m├─[39m [2m/weapons/harpys-daggers/index.html[22m [2m(+23ms)[22m 
[2m22:32:06[22m   [34m├─[39m [2m/weapons/harpys-spear/index.html[22m [2m(+23ms)[22m 
[2m22:32:06[22m   [34m├─[39m [2m/weapons/havoc-and-malice/index.html[22m [2m(+22ms)[22m 
[2m22:32:06[22m   [34m├─[39m [2m/weapons/headache/index.html[22m [2m(+22ms)[22m 
[2m22:32:06[22m   [34m├─[39m [2m/weapons/headache-epic/index.html[22m [2m(+22ms)[22m 
[2m22:32:06[22m   [34m├─[39m [2m/weapons/headcracker/index.html[22m [2m(+23ms)[22m 
[2m22:32:06[22m   [34m├─[39m [2m/weapons/headcracker-epic/index.html[22m [2m(+22ms)[22m 
[2m22:32:06[22m   [34m├─[39m [2m/weapons/heartfreezer/index.html[22m [2m(+22ms)[22m 
[2m22:32:06[22m   [34m├─[39m [2m/weapons/heartfreezer-epic/index.html[22m [2m(+22ms)[22m 
[2m22:32:06[22m   [34m├─[39m [2m/weapons/hearthblade/index.html[22m [2m(+23ms)[22m 
[2m22:32:06[22m   [34m├─[39m [2m/weapons/hearthblade-epic/index.html[22m [2m(+23ms)[22m 
[2m22:32:06[22m   [34m├─[39m [2m/weapons/heartpiercer/index.html[22m [2m(+23ms)[22m 
[2m22:32:06[22m   [34m├─[39m [2m/weapons/heartsblood/index.html[22m [2m(+23ms)[22m 
[2m22:32:06[22m   [34m├─[39m [2m/weapons/heated-argument/index.html[22m [2m(+22ms)[22m 
[2m22:32:06[22m   [34m├─[39m [2m/weapons/heritance/index.html[22m [2m(+23ms)[22m 
[2m22:32:06[22m   [34m├─[39m [2m/weapons/heritance-epic/index.html[22m [2m(+22ms)[22m 
[2m22:32:06[22m   [34m├─[39m [2m/weapons/hjorthrimul/index.html[22m [2m(+22ms)[22m 
[2m22:32:06[22m   [34m├─[39m [2m/weapons/hjorthrimul-epic/index.html[22m [2m(+23ms)[22m 
[2m22:32:06[22m   [34m├─[39m [2m/weapons/hollowbone-bow/index.html[22m [2m(+23ms)[22m 
[2m22:32:07[22m   [34m├─[39m [2m/weapons/hooked-short-sword/index.html[22m [2m(+23ms)[22m 
[2m22:32:07[22m   [34m├─[39m [2m/weapons/hooked-sword/index.html[22m [2m(+23ms)[22m 
[2m22:32:07[22m   [34m├─[39m [2m/weapons/hound-fang-daggers/index.html[22m [2m(+23ms)[22m 
[2m22:32:07[22m   [34m├─[39m [2m/weapons/hunger-blades/index.html[22m [2m(+23ms)[22m 
[2m22:32:07[22m   [34m├─[39m [2m/weapons/hunters-spear/index.html[22m [2m(+23ms)[22m 
[2m22:32:07[22m   [34m├─[39m [2m/weapons/hunters-spear-epic/index.html[22m [2m(+24ms)[22m 
[2m22:32:07[22m   [34m├─[39m [2m/weapons/hunter-in-the-moonlight/index.html[22m [2m(+22ms)[22m 
[2m22:32:07[22m   [34m├─[39m [2m/weapons/hunting-bow/index.html[22m [2m(+23ms)[22m 
[2m22:32:07[22m   [34m├─[39m [2m/weapons/huntress/index.html[22m [2m(+22ms)[22m 
[2m22:32:07[22m   [34m├─[39m [2m/weapons/huntress-epic/index.html[22m [2m(+24ms)[22m 
[2m22:32:07[22m   [34m├─[39m [2m/weapons/hyrkanian-bow/index.html[22m [2m(+23ms)[22m 
[2m22:32:07[22m   [34m├─[39m [2m/weapons/hyrkanian-pulwar/index.html[22m [2m(+22ms)[22m 
[2m22:32:07[22m   [34m├─[39m [2m/weapons/hyrkanian-pulwar-epic/index.html[22m [2m(+23ms)[22m 
[2m22:32:07[22m   [34m├─[39m [2m/weapons/ice-core/index.html[22m [2m(+23ms)[22m 
[2m22:32:07[22m   [34m├─[39m [2m/weapons/ice-core-epic/index.html[22m [2m(+24ms)[22m 
[2m22:32:07[22m   [34m├─[39m [2m/weapons/ice-shard-bolts/index.html[22m [2m(+24ms)[22m 
[2m22:32:07[22m   [34m├─[39m [2m/weapons/impaling-spear/index.html[22m [2m(+23ms)[22m 
[2m22:32:07[22m   [34m├─[39m [2m/weapons/impaling-spear-epic/index.html[22m [2m(+22ms)[22m 
[2m22:32:07[22m   [34m├─[39m [2m/weapons/improved-hunting-bow/index.html[22m [2m(+23ms)[22m 
[2m22:32:07[22m   [34m├─[39m [2m/weapons/incarmine-dagger/index.html[22m [2m(+23ms)[22m 
[2m22:32:07[22m   [34m├─[39m [2m/weapons/incarmine-great-sword/index.html[22m [2m(+23ms)[22m 
[2m22:32:07[22m   [34m├─[39m [2m/weapons/incarmine-shield/index.html[22m [2m(+22ms)[22m 
[2m22:32:07[22m   [34m├─[39m [2m/weapons/incarmine-sword/index.html[22m [2m(+24ms)[22m 
[2m22:32:07[22m   [34m├─[39m [2m/weapons/incarmine-war-axe/index.html[22m [2m(+22ms)[22m 
[2m22:32:07[22m   [34m├─[39m [2m/weapons/incarmine-warhammer/index.html[22m [2m(+23ms)[22m 
[2m22:32:07[22m   [34m├─[39m [2m/weapons/infectious-reach/index.html[22m [2m(+22ms)[22m 
[2m22:32:07[22m   [34m├─[39m [2m/weapons/iron-axe-variant-a/index.html[22m [2m(+22ms)[22m 
[2m22:32:07[22m   [34m├─[39m [2m/weapons/iron-axe-variant-b/index.html[22m [2m(+22ms)[22m 
[2m22:32:07[22m   [34m├─[39m [2m/weapons/iron-ballista-ball/index.html[22m [2m(+23ms)[22m 
[2m22:32:07[22m   [34m├─[39m [2m/weapons/iron-ballista-bolt/index.html[22m [2m(+23ms)[22m 
[2m22:32:07[22m   [34m├─[39m [2m/weapons/iron-broadsword-variant-a/index.html[22m [2m(+23ms)[22m 
[2m22:32:07[22m   [34m├─[39m [2m/weapons/iron-broadsword-variant-b/index.html[22m [2m(+23ms)[22m 
[2m22:32:07[22m   [34m├─[39m [2m/weapons/iron-corseque/index.html[22m [2m(+22ms)[22m 
[2m22:32:07[22m   [34m├─[39m [2m/weapons/iron-mace-variant-a/index.html[22m [2m(+23ms)[22m 
[2m22:32:07[22m   [34m├─[39m [2m/weapons/iron-mace-variant-b/index.html[22m [2m(+23ms)[22m 
[2m22:32:07[22m   [34m├─[39m [2m/weapons/iron-pike-variant-a/index.html[22m [2m(+22ms)[22m 
[2m22:32:07[22m   [34m├─[39m [2m/weapons/iron-pike-variant-b/index.html[22m [2m(+22ms)[22m 
[2m22:32:07[22m   [34m├─[39m [2m/weapons/iron-poniards/index.html[22m [2m(+22ms)[22m 
[2m22:32:07[22m   [34m├─[39m [2m/weapons/iron-punching-daggers/index.html[22m [2m(+23ms)[22m 
[2m22:32:07[22m   [34m├─[39m [2m/weapons/iron-short-sword-variant-a/index.html[22m [2m(+23ms)[22m 
[2m22:32:07[22m   [34m├─[39m [2m/weapons/iron-short-sword-variant-b/index.html[22m [2m(+23ms)[22m 
[2m22:32:07[22m   [34m├─[39m [2m/weapons/iron-targe-variant-a/index.html[22m [2m(+24ms)[22m 
[2m22:32:07[22m   [34m├─[39m [2m/weapons/iron-targe-variant-b/index.html[22m [2m(+22ms)[22m 
[2m22:32:07[22m   [34m├─[39m [2m/weapons/iron-war-axe-variant-a/index.html[22m [2m(+23ms)[22m 
[2m22:32:08[22m   [34m├─[39m [2m/weapons/iron-war-axe-variant-b/index.html[22m [2m(+22ms)[22m 
[2m22:32:08[22m   [34m├─[39m [2m/weapons/iron-warhammer-variant-a/index.html[22m [2m(+22ms)[22m 
[2m22:32:08[22m   [34m├─[39m [2m/weapons/iron-warhammer-variant-b/index.html[22m [2m(+23ms)[22m 
[2m22:32:08[22m   [34m├─[39m [2m/weapons/ironhead-bolts/index.html[22m [2m(+23ms)[22m 
[2m22:32:08[22m   [34m├─[39m [2m/weapons/ironstone-siege-boulder/index.html[22m [2m(+23ms)[22m 
[2m22:32:08[22m   [34m├─[39m [2m/weapons/jagged-edge/index.html[22m [2m(+23ms)[22m 
[2m22:32:08[22m   [34m├─[39m [2m/weapons/jagged-great-axe/index.html[22m [2m(+23ms)[22m 
[2m22:32:08[22m   [34m├─[39m [2m/weapons/javelin/index.html[22m [2m(+23ms)[22m 
[2m22:32:08[22m   [34m├─[39m [2m/weapons/jedias-greatsaber/index.html[22m [2m(+24ms)[22m 
[2m22:32:08[22m   [34m├─[39m [2m/weapons/jhebbal-sags-prowl/index.html[22m [2m(+23ms)[22m 
[2m22:32:08[22m   [34m├─[39m [2m/weapons/jins-adze/index.html[22m [2m(+23ms)[22m 
[2m22:32:08[22m   [34m├─[39m [2m/weapons/kambujan-champion-bow/index.html[22m [2m(+23ms)[22m 
[2m22:32:08[22m   [34m├─[39m [2m/weapons/kambujan-champion-bow-epic/index.html[22m [2m(+23ms)[22m 
[2m22:32:08[22m   [34m├─[39m [2m/weapons/kambujan-champion-greatsword/index.html[22m [2m(+23ms)[22m 
[2m22:32:08[22m   [34m├─[39m [2m/weapons/kambujan-champion-greatsword-epic/index.html[22m [2m(+23ms)[22m 
[2m22:32:08[22m   [34m├─[39m [2m/weapons/katana/index.html[22m [2m(+28ms)[22m 
[2m22:32:08[22m   [34m├─[39m [2m/weapons/katana-epic/index.html[22m [2m(+23ms)[22m 
[2m22:32:08[22m   [34m├─[39m [2m/weapons/katana-of-the-grey-ones/index.html[22m [2m(+22ms)[22m 
[2m22:32:08[22m   [34m├─[39m [2m/weapons/khari-bow/index.html[22m [2m(+23ms)[22m 
[2m22:32:08[22m   [34m├─[39m [2m/weapons/khari-daggers/index.html[22m [2m(+22ms)[22m 
[2m22:32:08[22m   [34m├─[39m [2m/weapons/khari-great-sword/index.html[22m [2m(+24ms)[22m 
[2m22:32:08[22m   [34m├─[39m [2m/weapons/khari-hammer/index.html[22m [2m(+22ms)[22m 
[2m22:32:08[22m   [34m├─[39m [2m/weapons/khari-pike/index.html[22m [2m(+23ms)[22m 
[2m22:32:08[22m   [34m├─[39m [2m/weapons/khari-war-axe/index.html[22m [2m(+23ms)[22m 
[2m22:32:08[22m   [34m├─[39m [2m/weapons/khitan-bow/index.html[22m [2m(+24ms)[22m 
[2m22:32:08[22m   [34m├─[39m [2m/weapons/khitan-bow-epic/index.html[22m [2m(+23ms)[22m 
[2m22:32:08[22m   [34m├─[39m [2m/weapons/khitan-demoncaller-arcane-staff/index.html[22m [2m(+23ms)[22m 
[2m22:32:08[22m   [34m├─[39m [2m/weapons/khitan-dual-dao/index.html[22m [2m(+22ms)[22m 
[2m22:32:08[22m   [34m├─[39m [2m/weapons/khitan-dual-dao-epic/index.html[22m [2m(+22ms)[22m 
[2m22:32:08[22m   [34m├─[39m [2m/weapons/khitan-exiled-spear/index.html[22m [2m(+23ms)[22m 
[2m22:32:08[22m   [34m├─[39m [2m/weapons/khitan-exiled-spear-epic/index.html[22m [2m(+24ms)[22m 
[2m22:32:08[22m   [34m├─[39m [2m/weapons/khitan-great-jian/index.html[22m [2m(+23ms)[22m 
[2m22:32:08[22m   [34m├─[39m [2m/weapons/khitan-great-jian-epic/index.html[22m [2m(+23ms)[22m 
[2m22:32:08[22m   [34m├─[39m [2m/weapons/khitan-head-hunter-bow/index.html[22m [2m(+22ms)[22m 
[2m22:32:08[22m   [34m├─[39m [2m/weapons/khitan-javelin/index.html[22m [2m(+23ms)[22m 
[2m22:32:08[22m   [34m├─[39m [2m/weapons/khitan-javelin-epic/index.html[22m [2m(+23ms)[22m 
[2m22:32:08[22m   [34m├─[39m [2m/weapons/khitan-jian/index.html[22m [2m(+23ms)[22m 
[2m22:32:08[22m   [34m├─[39m [2m/weapons/khitan-jian-epic/index.html[22m [2m(+23ms)[22m 
[2m22:32:08[22m   [34m├─[39m [2m/weapons/khitan-mace/index.html[22m [2m(+24ms)[22m 
[2m22:32:08[22m   [34m├─[39m [2m/weapons/khitan-mace-epic/index.html[22m [2m(+23ms)[22m 
[2m22:32:08[22m   [34m├─[39m [2m/weapons/khitan-quiang/index.html[22m [2m(+23ms)[22m 
[2m22:32:08[22m   [34m├─[39m [2m/weapons/khitan-quiang-epic/index.html[22m [2m(+22ms)[22m 
[2m22:32:08[22m   [34m├─[39m [2m/weapons/khitan-shield/index.html[22m [2m(+24ms)[22m 
[2m22:32:09[22m   [34m├─[39m [2m/weapons/khitan-shield-epic/index.html[22m [2m(+23ms)[22m 
[2m22:32:09[22m   [34m├─[39m [2m/weapons/khitan-throwing-axe/index.html[22m [2m(+23ms)[22m 
[2m22:32:09[22m   [34m├─[39m [2m/weapons/khitan-throwing-axe-epic/index.html[22m [2m(+23ms)[22m 
[2m22:32:09[22m   [34m├─[39m [2m/weapons/khitan-war-axe/index.html[22m [2m(+24ms)[22m 
[2m22:32:09[22m   [34m├─[39m [2m/weapons/khitan-war-axe-epic/index.html[22m [2m(+22ms)[22m 
[2m22:32:09[22m   [34m├─[39m [2m/weapons/khitan-warclub/index.html[22m [2m(+22ms)[22m 
[2m22:32:09[22m   [34m├─[39m [2m/weapons/khitan-warclub-epic/index.html[22m [2m(+23ms)[22m 
[2m22:32:09[22m   [34m├─[39m [2m/weapons/kingslayer-daggers/index.html[22m [2m(+22ms)[22m 
[2m22:32:09[22m   [34m├─[39m [2m/weapons/kingslayer-polearm/index.html[22m [2m(+23ms)[22m 
[2m22:32:09[22m   [34m├─[39m [2m/weapons/knaves-knives/index.html[22m [2m(+23ms)[22m 
[2m22:32:09[22m   [34m├─[39m [2m/weapons/knock/index.html[22m [2m(+23ms)[22m 
[2m22:32:09[22m   [34m├─[39m [2m/weapons/lance/index.html[22m [2m(+22ms)[22m 
[2m22:32:09[22m   [34m├─[39m [2m/weapons/lantern-shield/index.html[22m [2m(+24ms)[22m 
[2m22:32:09[22m   [34m├─[39m [2m/weapons/legacy-of-the-reaver/index.html[22m [2m(+23ms)[22m 
[2m22:32:09[22m   [34m├─[39m [2m/weapons/legslicer/index.html[22m [2m(+23ms)[22m 
[2m22:32:09[22m   [34m├─[39m [2m/weapons/legslicer-epic/index.html[22m [2m(+23ms)[22m 
[2m22:32:09[22m   [34m├─[39m [2m/weapons/lemurian-pike/index.html[22m [2m(+23ms)[22m 
[2m22:32:09[22m   [34m├─[39m [2m/weapons/lemurian-spear/index.html[22m [2m(+22ms)[22m 
[2m22:32:09[22m   [34m├─[39m [2m/weapons/lemurian-spear-epic/index.html[22m [2m(+23ms)[22m 
[2m22:32:09[22m   [34m├─[39m [2m/weapons/lemurian-sword/index.html[22m [2m(+23ms)[22m 
[2m22:32:09[22m   [34m├─[39m [2m/weapons/lifeblood-spear/index.html[22m [2m(+23ms)[22m 
[2m22:32:09[22m   [34m├─[39m [2m/weapons/light-hyrkanian-bow/index.html[22m [2m(+22ms)[22m 
[2m22:32:09[22m   [34m├─[39m [2m/weapons/lion-slayer/index.html[22m [2m(+23ms)[22m 
[2m22:32:09[22m   [34m├─[39m [2m/weapons/lion-slayer-epic/index.html[22m [2m(+23ms)[22m 
[2m22:32:09[22m   [34m├─[39m [2m/weapons/lloigor-fang/index.html[22m [2m(+23ms)[22m 
[2m22:32:09[22m   [34m├─[39m [2m/weapons/lloigor-fang-daggers/index.html[22m [2m(+22ms)[22m 
[2m22:32:09[22m   [34m├─[39m [2m/weapons/long-lloigor-fang/index.html[22m [2m(+23ms)[22m 
[2m22:32:09[22m   [34m├─[39m [2m/weapons/long-shortsword/index.html[22m [2m(+23ms)[22m 
[2m22:32:09[22m   [34m├─[39m [2m/weapons/long-shortsword-epic/index.html[22m [2m(+22ms)[22m 
[2m22:32:09[22m   [34m├─[39m [2m/weapons/longshot/index.html[22m [2m(+23ms)[22m 
[2m22:32:09[22m   [34m├─[39m [2m/weapons/longshot-epic/index.html[22m [2m(+23ms)[22m 
[2m22:32:09[22m   [34m├─[39m [2m/weapons/longsword/index.html[22m [2m(+23ms)[22m 
[2m22:32:09[22m   [34m├─[39m [2m/weapons/lovetap/index.html[22m [2m(+22ms)[22m 
[2m22:32:09[22m   [34m├─[39m [2m/weapons/lusttaker/index.html[22m [2m(+24ms)[22m 
[2m22:32:09[22m   [34m├─[39m [2m/weapons/lying-bastard-sword/index.html[22m [2m(+23ms)[22m 
[2m22:32:09[22m   [34m├─[39m [2m/weapons/mace-of-prince-kraxus/index.html[22m [2m(+23ms)[22m 
[2m22:32:09[22m   [34m├─[39m [2m/weapons/mace-of-thag/index.html[22m [2m(+7ms)[22m 
[2m22:32:09[22m   [34m├─[39m [2m/weapons/mace-of-the-grey-ones/index.html[22m [2m(+22ms)[22m 
[2m22:32:09[22m   [34m├─[39m [2m/weapons/mace-of-the-legion/index.html[22m [2m(+22ms)[22m 
[2m22:32:09[22m   [34m├─[39m [2m/weapons/mace-of-the-legion-epic/index.html[22m [2m(+23ms)[22m 
[2m22:32:09[22m   [34m├─[39m [2m/weapons/maelstrom-el/index.html[22m [2m(+22ms)[22m 
[2m22:32:09[22m   [34m├─[39m [2m/weapons/maelstrom-bulwark/index.html[22m [2m(+24ms)[22m 
[2m22:32:09[22m   [34m├─[39m [2m/weapons/massacre/index.html[22m [2m(+23ms)[22m 
[2m22:32:09[22m   [34m├─[39m [2m/weapons/massacre-epic/index.html[22m [2m(+23ms)[22m 
[2m22:32:10[22m   [34m├─[39m [2m/weapons/massive-lloigor-fang/index.html[22m [2m(+23ms)[22m 
[2m22:32:10[22m   [34m├─[39m [2m/weapons/masterful-bow/index.html[22m [2m(+23ms)[22m 
[2m22:32:10[22m   [34m├─[39m [2m/weapons/masterful-bow-epic/index.html[22m [2m(+22ms)[22m 
[2m22:32:10[22m   [34m├─[39m [2m/weapons/mastodon-killer/index.html[22m [2m(+23ms)[22m 
[2m22:32:10[22m   [34m├─[39m [2m/weapons/mercenary/index.html[22m [2m(+23ms)[22m 
[2m22:32:10[22m   [34m├─[39m [2m/weapons/mercenary-epic/index.html[22m [2m(+22ms)[22m 
[2m22:32:10[22m   [34m├─[39m [2m/weapons/metal-eater/index.html[22m [2m(+22ms)[22m 
[2m22:32:10[22m   [34m├─[39m [2m/weapons/metal-eater-epic/index.html[22m [2m(+23ms)[22m 
[2m22:32:10[22m   [34m├─[39m [2m/weapons/mishas-bite/index.html[22m [2m(+22ms)[22m 
[2m22:32:10[22m   [34m├─[39m [2m/weapons/misplaced-guardians-will-breaker/index.html[22m [2m(+22ms)[22m 
[2m22:32:10[22m   [34m├─[39m [2m/weapons/mistmourn/index.html[22m [2m(+23ms)[22m 
[2m22:32:10[22m   [34m├─[39m [2m/weapons/mitras-justice/index.html[22m [2m(+22ms)[22m 
[2m22:32:10[22m   [34m├─[39m [2m/weapons/momentum/index.html[22m [2m(+23ms)[22m 
[2m22:32:10[22m   [34m├─[39m [2m/weapons/morda/index.html[22m [2m(+22ms)[22m 
[2m22:32:10[22m   [34m├─[39m [2m/weapons/mordlun/index.html[22m [2m(+22ms)[22m 
[2m22:32:10[22m   [34m├─[39m [2m/weapons/morning-sun/index.html[22m [2m(+22ms)[22m 
[2m22:32:10[22m   [34m├─[39m [2m/weapons/musashis-black-blade/index.html[22m [2m(+23ms)[22m 
[2m22:32:10[22m   [34m├─[39m [2m/weapons/namtarite-axe/index.html[22m [2m(+22ms)[22m 
[2m22:32:10[22m   [34m├─[39m [2m/weapons/namtarite-axe-epic/index.html[22m [2m(+22ms)[22m 
[2m22:32:10[22m   [34m├─[39m [2m/weapons/nemedian-bow/index.html[22m [2m(+22ms)[22m 
[2m22:32:10[22m   [34m├─[39m [2m/weapons/nemedian-bow-epic/index.html[22m [2m(+22ms)[22m 
[2m22:32:10[22m   [34m├─[39m [2m/weapons/nemedian-great-axe/index.html[22m [2m(+23ms)[22m 
[2m22:32:10[22m   [34m├─[39m [2m/weapons/nemedian-great-axe-epic/index.html[22m [2m(+23ms)[22m 
[2m22:32:10[22m   [34m├─[39m [2m/weapons/nemedian-great-sword/index.html[22m [2m(+22ms)[22m 
[2m22:32:10[22m   [34m├─[39m [2m/weapons/nemedian-great-sword-epic/index.html[22m [2m(+22ms)[22m 
[2m22:32:10[22m   [34m├─[39m [2m/weapons/nemedian-katana/index.html[22m [2m(+23ms)[22m 
[2m22:32:10[22m   [34m├─[39m [2m/weapons/nemedian-katana-epic/index.html[22m [2m(+22ms)[22m 
[2m22:32:10[22m   [34m├─[39m [2m/weapons/nemedian-longsword/index.html[22m [2m(+22ms)[22m 
[2m22:32:10[22m   [34m├─[39m [2m/weapons/nemedian-longsword-epic/index.html[22m [2m(+22ms)[22m 
[2m22:32:10[22m   [34m├─[39m [2m/weapons/nemedian-mace/index.html[22m [2m(+23ms)[22m 
[2m22:32:10[22m   [34m├─[39m [2m/weapons/nemedian-mace-epic/index.html[22m [2m(+22ms)[22m 
[2m22:32:10[22m   [34m├─[39m [2m/weapons/nemedian-pike/index.html[22m [2m(+23ms)[22m 
[2m22:32:10[22m   [34m├─[39m [2m/weapons/nemedian-pike-epic/index.html[22m [2m(+23ms)[22m 
[2m22:32:10[22m   [34m├─[39m [2m/weapons/nemedian-poniards/index.html[22m [2m(+22ms)[22m 
[2m22:32:10[22m   [34m├─[39m [2m/weapons/nemedian-poniards-epic/index.html[22m [2m(+23ms)[22m 
[2m22:32:10[22m   [34m├─[39m [2m/weapons/nemedian-shield/index.html[22m [2m(+23ms)[22m 
[2m22:32:10[22m   [34m├─[39m [2m/weapons/nemedian-shield-epic/index.html[22m [2m(+22ms)[22m 
[2m22:32:10[22m   [34m├─[39m [2m/weapons/nemedian-short-sword/index.html[22m [2m(+22ms)[22m 
[2m22:32:10[22m   [34m├─[39m [2m/weapons/nemedian-short-sword-epic/index.html[22m [2m(+22ms)[22m 
[2m22:32:10[22m   [34m├─[39m [2m/weapons/nemedian-war-axe/index.html[22m [2m(+23ms)[22m 
[2m22:32:10[22m   [34m├─[39m [2m/weapons/nemedian-war-axe-epic/index.html[22m [2m(+23ms)[22m 
[2m22:32:10[22m   [34m├─[39m [2m/weapons/nemedian-warhammer/index.html[22m [2m(+22ms)[22m 
[2m22:32:10[22m   [34m├─[39m [2m/weapons/nemedian-warhammer-epic/index.html[22m [2m(+22ms)[22m 
[2m22:32:10[22m   [34m├─[39m [2m/weapons/nemedian-watchtower-bow/index.html[22m [2m(+22ms)[22m 
[2m22:32:10[22m   [34m├─[39m [2m/weapons/nemedian-watchtower-bow-epic/index.html[22m [2m(+23ms)[22m 
[2m22:32:11[22m   [34m├─[39m [2m/weapons/night-light/index.html[22m [2m(+22ms)[22m 
[2m22:32:11[22m   [34m├─[39m [2m/weapons/night-light-epic/index.html[22m [2m(+24ms)[22m 
[2m22:32:11[22m   [34m├─[39m [2m/weapons/nimblefinger/index.html[22m [2m(+22ms)[22m 
[2m22:32:11[22m   [34m├─[39m [2m/weapons/nkosis-daggers/index.html[22m [2m(+22ms)[22m 
[2m22:32:11[22m   [34m├─[39m [2m/weapons/nkosis-pike/index.html[22m [2m(+22ms)[22m 
[2m22:32:11[22m   [34m├─[39m [2m/weapons/nkosis-shield/index.html[22m [2m(+22ms)[22m 
[2m22:32:11[22m   [34m├─[39m [2m/weapons/nortis/index.html[22m [2m(+23ms)[22m 
[2m22:32:11[22m   [34m├─[39m [2m/weapons/oar/index.html[22m [2m(+23ms)[22m 
[2m22:32:11[22m   [34m├─[39m [2m/weapons/obsidian-bolts/index.html[22m [2m(+22ms)[22m 
[2m22:32:11[22m   [34m├─[39m [2m/weapons/obsidian-daggers/index.html[22m [2m(+23ms)[22m 
[2m22:32:11[22m   [34m├─[39m [2m/weapons/obsidian-great-sword/index.html[22m [2m(+23ms)[22m 
[2m22:32:11[22m   [34m├─[39m [2m/weapons/obsidian-hammer/index.html[22m [2m(+23ms)[22m 
[2m22:32:11[22m   [34m├─[39m [2m/weapons/obsidian-javelin/index.html[22m [2m(+23ms)[22m 
[2m22:32:11[22m   [34m├─[39m [2m/weapons/obsidian-mace/index.html[22m [2m(+23ms)[22m 
[2m22:32:11[22m   [34m├─[39m [2m/weapons/obsidian-shield/index.html[22m [2m(+22ms)[22m 
[2m22:32:11[22m   [34m├─[39m [2m/weapons/obsidian-spear/index.html[22m [2m(+23ms)[22m 
[2m22:32:11[22m   [34m├─[39m [2m/weapons/obsidian-sword/index.html[22m [2m(+22ms)[22m 
[2m22:32:11[22m   [34m├─[39m [2m/weapons/obsidian-throwing-axe/index.html[22m [2m(+23ms)[22m 
[2m22:32:11[22m   [34m├─[39m [2m/weapons/once-upon-a-string/index.html[22m [2m(+23ms)[22m 
[2m22:32:11[22m   [34m├─[39m [2m/weapons/once-upon-a-string-epic/index.html[22m [2m(+24ms)[22m 
[2m22:32:11[22m   [34m├─[39m [2m/weapons/ophidian-cultist-bow/index.html[22m [2m(+22ms)[22m 
[2m22:32:11[22m   [34m├─[39m [2m/weapons/ophidian-cultist-bow-epic/index.html[22m [2m(+22ms)[22m 
[2m22:32:11[22m   [34m├─[39m [2m/weapons/ophidian-cultist-rod/index.html[22m [2m(+23ms)[22m 
[2m22:32:11[22m   [34m├─[39m [2m/weapons/ophidian-cultist-rod-epic/index.html[22m [2m(+23ms)[22m 
[2m22:32:11[22m   [34m├─[39m [2m/weapons/ophidian-magi-bow/index.html[22m [2m(+23ms)[22m 
[2m22:32:11[22m   [34m├─[39m [2m/weapons/ophidian-magi-bow-epic/index.html[22m [2m(+23ms)[22m 
[2m22:32:11[22m   [34m├─[39m [2m/weapons/ophidian-magi-rod/index.html[22m [2m(+23ms)[22m 
[2m22:32:11[22m   [34m├─[39m [2m/weapons/ophidian-magi-rod-epic/index.html[22m [2m(+23ms)[22m 
[2m22:32:11[22m   [34m├─[39m [2m/weapons/penetrator/index.html[22m [2m(+23ms)[22m 
[2m22:32:11[22m   [34m├─[39m [2m/weapons/penetrator-epic/index.html[22m [2m(+23ms)[22m 
[2m22:32:11[22m   [34m├─[39m [2m/weapons/perfected-hardened-steel-daggers/index.html[22m [2m(+23ms)[22m 
[2m22:32:11[22m   [34m├─[39m [2m/weapons/perfected-hardened-steel-greataxe/index.html[22m [2m(+23ms)[22m 
[2m22:32:11[22m   [34m├─[39m [2m/weapons/perfected-hardened-steel-greatsword/index.html[22m [2m(+23ms)[22m 
[2m22:32:11[22m   [34m├─[39m [2m/weapons/perfected-hardened-steel-hammer/index.html[22m [2m(+23ms)[22m 
[2m22:32:11[22m   [34m├─[39m [2m/weapons/perfected-hardened-steel-mace/index.html[22m [2m(+22ms)[22m 
[2m22:32:11[22m   [34m├─[39m [2m/weapons/perfected-hardened-steel-punching-daggers/index.html[22m [2m(+23ms)[22m 
[2m22:32:11[22m   [34m├─[39m [2m/weapons/perfected-hardened-steel-short-sword/index.html[22m [2m(+23ms)[22m 
[2m22:32:11[22m   [34m├─[39m [2m/weapons/perfected-hardened-steel-spear/index.html[22m [2m(+22ms)[22m 
[2m22:32:11[22m   [34m├─[39m [2m/weapons/perfected-hardened-steel-sword/index.html[22m [2m(+24ms)[22m 
[2m22:32:11[22m   [34m├─[39m [2m/weapons/perfected-hardened-steel-war-axe/index.html[22m [2m(+23ms)[22m 
[2m22:32:11[22m   [34m├─[39m [2m/weapons/perfected-steel-battle-axe/index.html[22m [2m(+23ms)[22m 
[2m22:32:11[22m   [34m├─[39m [2m/weapons/perfected-steel-greatsword/index.html[22m [2m(+22ms)[22m 
[2m22:32:11[22m   [34m├─[39m [2m/weapons/perfected-steel-longsword/index.html[22m [2m(+22ms)[22m 
[2m22:32:11[22m   [34m├─[39m [2m/weapons/perfected-steel-mace/index.html[22m [2m(+23ms)[22m 
[2m22:32:12[22m   [34m├─[39m [2m/weapons/perfected-steel-poniards/index.html[22m [2m(+23ms)[22m 
[2m22:32:12[22m   [34m├─[39m [2m/weapons/perfected-steel-spear/index.html[22m [2m(+23ms)[22m 
[2m22:32:12[22m   [34m├─[39m [2m/weapons/perfected-steel-warhammer/index.html[22m [2m(+23ms)[22m 
[2m22:32:12[22m   [34m├─[39m [2m/weapons/phoenix-engraved-sword/index.html[22m [2m(+22ms)[22m 
[2m22:32:12[22m   [34m├─[39m [2m/weapons/pictish-axe/index.html[22m [2m(+24ms)[22m 
[2m22:32:12[22m   [34m├─[39m [2m/weapons/pictish-axe-epic/index.html[22m [2m(+23ms)[22m 
[2m22:32:12[22m   [34m├─[39m [2m/weapons/pictish-bow/index.html[22m [2m(+23ms)[22m 
[2m22:32:12[22m   [34m├─[39m [2m/weapons/pictish-bow-epic/index.html[22m [2m(+22ms)[22m 
[2m22:32:12[22m   [34m├─[39m [2m/weapons/pictish-club/index.html[22m [2m(+23ms)[22m 
[2m22:32:12[22m   [34m├─[39m [2m/weapons/pictish-club-epic/index.html[22m [2m(+22ms)[22m 
[2m22:32:12[22m   [34m├─[39m [2m/weapons/pictish-daggers/index.html[22m [2m(+23ms)[22m 
[2m22:32:12[22m   [34m├─[39m [2m/weapons/pictish-daggers-epic/index.html[22m [2m(+22ms)[22m 
[2m22:32:12[22m   [34m├─[39m [2m/weapons/pictish-greatsword/index.html[22m [2m(+22ms)[22m 
[2m22:32:12[22m   [34m├─[39m [2m/weapons/pictish-greatsword-epic/index.html[22m [2m(+22ms)[22m 
[2m22:32:12[22m   [34m├─[39m [2m/weapons/pictish-javelin/index.html[22m [2m(+22ms)[22m 
[2m22:32:12[22m   [34m├─[39m [2m/weapons/pictish-javelin-epic/index.html[22m [2m(+22ms)[22m 
[2m22:32:12[22m   [34m├─[39m [2m/weapons/pictish-longspear/index.html[22m [2m(+22ms)[22m 
[2m22:32:12[22m   [34m├─[39m [2m/weapons/pictish-longspear-epic/index.html[22m [2m(+22ms)[22m 
[2m22:32:12[22m   [34m├─[39m [2m/weapons/pictish-longsword/index.html[22m [2m(+22ms)[22m 
[2m22:32:12[22m   [34m├─[39m [2m/weapons/pictish-longsword-epic/index.html[22m [2m(+22ms)[22m 
[2m22:32:12[22m   [34m├─[39m [2m/weapons/pictish-shield/index.html[22m [2m(+23ms)[22m 
[2m22:32:12[22m   [34m├─[39m [2m/weapons/pictish-shield-epic/index.html[22m [2m(+22ms)[22m 
[2m22:32:12[22m   [34m├─[39m [2m/weapons/pictish-stalker-cudgel/index.html[22m [2m(+22ms)[22m 
[2m22:32:12[22m   [34m├─[39m [2m/weapons/pictish-stalker-cudgel-epic/index.html[22m [2m(+22ms)[22m 
[2m22:32:12[22m   [34m├─[39m [2m/weapons/pictish-war-axe/index.html[22m [2m(+23ms)[22m 
[2m22:32:12[22m   [34m├─[39m [2m/weapons/pictish-war-axe-epic/index.html[22m [2m(+22ms)[22m 
[2m22:32:12[22m   [34m├─[39m [2m/weapons/pictish-warhammer/index.html[22m [2m(+23ms)[22m 
[2m22:32:12[22m   [34m├─[39m [2m/weapons/pictish-warhammer-epic/index.html[22m [2m(+24ms)[22m 
[2m22:32:12[22m   [34m├─[39m [2m/weapons/pike-of-prince-kraxus/index.html[22m [2m(+23ms)[22m 
[2m22:32:12[22m   [34m├─[39m [2m/weapons/pike-of-the-legion/index.html[22m [2m(+22ms)[22m 
[2m22:32:12[22m   [34m├─[39m [2m/weapons/pike-of-the-legion-epic/index.html[22m [2m(+23ms)[22m 
[2m22:32:12[22m   [34m├─[39m [2m/weapons/pike-of-the-outer-dark/index.html[22m [2m(+22ms)[22m 
[2m22:32:12[22m   [34m├─[39m [2m/weapons/poitain-bow/index.html[22m [2m(+23ms)[22m 
[2m22:32:12[22m   [34m├─[39m [2m/weapons/poitain-bow-epic/index.html[22m [2m(+22ms)[22m 
[2m22:32:12[22m   [34m├─[39m [2m/weapons/poitain-great-axe/index.html[22m [2m(+23ms)[22m 
[2m22:32:12[22m   [34m├─[39m [2m/weapons/poitain-great-axe-epic/index.html[22m [2m(+22ms)[22m 
[2m22:32:12[22m   [34m├─[39m [2m/weapons/poitain-greatsword/index.html[22m [2m(+22ms)[22m 
[2m22:32:12[22m   [34m├─[39m [2m/weapons/poitain-greatsword-epic/index.html[22m [2m(+23ms)[22m 
[2m22:32:12[22m   [34m├─[39m [2m/weapons/poitain-heavy-lance/index.html[22m [2m(+22ms)[22m 
[2m22:32:12[22m   [34m├─[39m [2m/weapons/poitain-heavy-lance-epic/index.html[22m [2m(+22ms)[22m 
[2m22:32:12[22m   [34m├─[39m [2m/weapons/poitain-jousting-lance/index.html[22m [2m(+22ms)[22m 
[2m22:32:12[22m   [34m├─[39m [2m/weapons/poitain-jousting-lance-epic/index.html[22m [2m(+22ms)[22m 
[2m22:32:12[22m   [34m├─[39m [2m/weapons/poitain-katana/index.html[22m [2m(+22ms)[22m 
[2m22:32:12[22m   [34m├─[39m [2m/weapons/poitain-katana-epic/index.html[22m [2m(+22ms)[22m 
[2m22:32:13[22m   [34m├─[39m [2m/weapons/poitain-knight-shield/index.html[22m [2m(+23ms)[22m 
[2m22:32:13[22m   [34m├─[39m [2m/weapons/poitain-knight-shield-epic/index.html[22m [2m(+22ms)[22m 
[2m22:32:13[22m   [34m├─[39m [2m/weapons/poitain-light-lance/index.html[22m [2m(+23ms)[22m 
[2m22:32:13[22m   [34m├─[39m [2m/weapons/poitain-light-lance-epic/index.html[22m [2m(+22ms)[22m 
[2m22:32:13[22m   [34m├─[39m [2m/weapons/poitain-mace/index.html[22m [2m(+22ms)[22m 
[2m22:32:13[22m   [34m├─[39m [2m/weapons/poitain-mace-epic/index.html[22m [2m(+23ms)[22m 
[2m22:32:13[22m   [34m├─[39m [2m/weapons/poitain-pike/index.html[22m [2m(+23ms)[22m 
[2m22:32:13[22m   [34m├─[39m [2m/weapons/poitain-pike-epic/index.html[22m [2m(+22ms)[22m 
[2m22:32:13[22m   [34m├─[39m [2m/weapons/poitain-sword/index.html[22m [2m(+22ms)[22m 
[2m22:32:13[22m   [34m├─[39m [2m/weapons/poitain-sword-epic/index.html[22m [2m(+22ms)[22m 
[2m22:32:13[22m   [34m├─[39m [2m/weapons/poitain-war-axe/index.html[22m [2m(+22ms)[22m 
[2m22:32:13[22m   [34m├─[39m [2m/weapons/poitain-war-axe-epic/index.html[22m [2m(+23ms)[22m 
[2m22:32:13[22m   [34m├─[39m [2m/weapons/poitain-warhammer/index.html[22m [2m(+23ms)[22m 
[2m22:32:13[22m   [34m├─[39m [2m/weapons/poitain-warhammer-epic/index.html[22m [2m(+23ms)[22m 
[2m22:32:13[22m   [34m├─[39m [2m/weapons/powerful-hunting-bow/index.html[22m [2m(+23ms)[22m 
[2m22:32:13[22m   [34m├─[39m [2m/weapons/powerful-hyrkanian-bow/index.html[22m [2m(+24ms)[22m 
[2m22:32:13[22m   [34m├─[39m [2m/weapons/practice-great-sword/index.html[22m [2m(+24ms)[22m 
[2m22:32:13[22m   [34m├─[39m [2m/weapons/practice-sword/index.html[22m [2m(+25ms)[22m 
[2m22:32:13[22m   [34m├─[39m [2m/weapons/prince-kraxuss-curved-blade/index.html[22m [2m(+23ms)[22m 
[2m22:32:13[22m   [34m├─[39m [2m/weapons/pristine-khari-bow/index.html[22m [2m(+24ms)[22m 
[2m22:32:13[22m   [34m├─[39m [2m/weapons/pristine-khari-daggers/index.html[22m [2m(+23ms)[22m 
[2m22:32:13[22m   [34m├─[39m [2m/weapons/pristine-khari-sword/index.html[22m [2m(+23ms)[22m 
[2m22:32:13[22m   [34m├─[39m [2m/weapons/purple-lotus-orb/index.html[22m [2m(+24ms)[22m 
[2m22:32:13[22m   [34m├─[39m [2m/weapons/quake/index.html[22m [2m(+23ms)[22m 
[2m22:32:13[22m   [34m├─[39m [2m/weapons/rage-hammer/index.html[22m [2m(+22ms)[22m 
[2m22:32:13[22m   [34m├─[39m [2m/weapons/raging-axe/index.html[22m [2m(+23ms)[22m 
[2m22:32:13[22m   [34m├─[39m [2m/weapons/ranissan/index.html[22m [2m(+23ms)[22m 
[2m22:32:13[22m   [34m├─[39m [2m/weapons/razor-bolts/index.html[22m [2m(+24ms)[22m 
[2m22:32:13[22m   [34m├─[39m [2m/weapons/razor-sharp-axe/index.html[22m [2m(+22ms)[22m 
[2m22:32:13[22m   [34m├─[39m [2m/weapons/razorshard/index.html[22m [2m(+22ms)[22m 
[2m22:32:13[22m   [34m├─[39m [2m/weapons/razorshard-epic/index.html[22m [2m(+22ms)[22m 
[2m22:32:13[22m   [34m├─[39m [2m/weapons/reach-of-the-red-mother/index.html[22m [2m(+23ms)[22m 
[2m22:32:13[22m   [34m├─[39m [2m/weapons/reach-of-the-warrior/index.html[22m [2m(+23ms)[22m 
[2m22:32:13[22m   [34m├─[39m [2m/weapons/reach-of-the-warrior-epic/index.html[22m [2m(+23ms)[22m 
[2m22:32:13[22m   [34m├─[39m [2m/weapons/reavers-axe/index.html[22m [2m(+22ms)[22m 
[2m22:32:13[22m   [34m├─[39m [2m/weapons/reavers-great-axe/index.html[22m [2m(+22ms)[22m 
[2m22:32:13[22m   [34m├─[39m [2m/weapons/rebel/index.html[22m [2m(+23ms)[22m 
[2m22:32:13[22m   [34m├─[39m [2m/weapons/rebel-epic/index.html[22m [2m(+23ms)[22m 
[2m22:32:13[22m   [34m├─[39m [2m/weapons/reinforced-lance/index.html[22m [2m(+24ms)[22m 
[2m22:32:13[22m   [34m├─[39m [2m/weapons/reinforced-stool/index.html[22m [2m(+23ms)[22m 
[2m22:32:13[22m   [34m├─[39m [2m/weapons/relic-hunter-chakram/index.html[22m [2m(+23ms)[22m 
[2m22:32:13[22m   [34m├─[39m [2m/weapons/relic-hunter-shield/index.html[22m [2m(+22ms)[22m 
[2m22:32:13[22m   [34m├─[39m [2m/weapons/relic-hunter-shield-epic/index.html[22m [2m(+23ms)[22m 
[2m22:32:13[22m   [34m├─[39m [2m/weapons/relic-hunter-short-sword/index.html[22m [2m(+23ms)[22m 
[2m22:32:14[22m   [34m├─[39m [2m/weapons/relic-hunter-short-sword-epic/index.html[22m [2m(+23ms)[22m 
[2m22:32:14[22m   [34m├─[39m [2m/weapons/render/index.html[22m [2m(+23ms)[22m 
[2m22:32:14[22m   [34m├─[39m [2m/weapons/revealed-truth/index.html[22m [2m(+22ms)[22m 
[2m22:32:14[22m   [34m├─[39m [2m/weapons/revealed-truth-epic/index.html[22m [2m(+23ms)[22m 
[2m22:32:14[22m   [34m├─[39m [2m/weapons/rime/index.html[22m [2m(+22ms)[22m 
[2m22:32:14[22m   [34m├─[39m [2m/weapons/rime-epic/index.html[22m [2m(+22ms)[22m 
[2m22:32:14[22m   [34m├─[39m [2m/weapons/rip-and-tear/index.html[22m [2m(+23ms)[22m 
[2m22:32:14[22m   [34m├─[39m [2m/weapons/ripping-great-axe/index.html[22m [2m(+23ms)[22m 
[2m22:32:14[22m   [34m├─[39m [2m/weapons/ripping-great-axe-epic/index.html[22m [2m(+22ms)[22m 
[2m22:32:14[22m   [34m├─[39m [2m/weapons/riptide/index.html[22m [2m(+23ms)[22m 
[2m22:32:14[22m   [34m├─[39m [2m/weapons/royal-vendhyan-bow/index.html[22m [2m(+23ms)[22m 
[2m22:32:14[22m   [34m├─[39m [2m/weapons/royal-vendhyan-bow-epic/index.html[22m [2m(+22ms)[22m 
[2m22:32:14[22m   [34m├─[39m [2m/weapons/royal-vendhyan-katar/index.html[22m [2m(+22ms)[22m 
[2m22:32:14[22m   [34m├─[39m [2m/weapons/royal-vendhyan-katar-epic/index.html[22m [2m(+23ms)[22m 
[2m22:32:14[22m   [34m├─[39m [2m/weapons/royal-vendhyan-mace/index.html[22m [2m(+22ms)[22m 
[2m22:32:14[22m   [34m├─[39m [2m/weapons/royal-vendhyan-mace-epic/index.html[22m [2m(+22ms)[22m 
[2m22:32:14[22m   [34m├─[39m [2m/weapons/royal-vendhyan-shield/index.html[22m [2m(+22ms)[22m 
[2m22:32:14[22m   [34m├─[39m [2m/weapons/royal-vendhyan-shield-epic/index.html[22m [2m(+23ms)[22m 
[2m22:32:14[22m   [34m├─[39m [2m/weapons/royal-vendhyan-spear/index.html[22m [2m(+22ms)[22m 
[2m22:32:14[22m   [34m├─[39m [2m/weapons/royal-vendhyan-spear-epic/index.html[22m [2m(+23ms)[22m 
[2m22:32:14[22m   [34m├─[39m [2m/weapons/royal-vendhyan-sword/index.html[22m [2m(+23ms)[22m 
[2m22:32:14[22m   [34m├─[39m [2m/weapons/royal-vendhyan-sword-epic/index.html[22m [2m(+23ms)[22m 
[2m22:32:14[22m   [34m├─[39m [2m/weapons/rushing-edge/index.html[22m [2m(+23ms)[22m 
[2m22:32:14[22m   [34m├─[39m [2m/weapons/rushing-edge-epic/index.html[22m [2m(+23ms)[22m 
[2m22:32:14[22m   [34m├─[39m [2m/weapons/salvaged-star-metal-shell/index.html[22m [2m(+22ms)[22m 
[2m22:32:14[22m   [34m├─[39m [2m/weapons/sapping-blade/index.html[22m [2m(+23ms)[22m 
[2m22:32:14[22m   [34m├─[39m [2m/weapons/sapping-blade-epic/index.html[22m [2m(+23ms)[22m 
[2m22:32:14[22m   [34m├─[39m [2m/weapons/savage-skull-warhammer/index.html[22m [2m(+23ms)[22m 
[2m22:32:14[22m   [34m├─[39m [2m/weapons/savage-skull-warhammer-epic/index.html[22m [2m(+22ms)[22m 
[2m22:32:14[22m   [34m├─[39m [2m/weapons/scepter-of-the-unclean/index.html[22m [2m(+23ms)[22m 
[2m22:32:14[22m   [34m├─[39m [2m/weapons/scepter-of-the-unclean-epic/index.html[22m [2m(+23ms)[22m 
[2m22:32:14[22m   [34m├─[39m [2m/weapons/scorpion-ward/index.html[22m [2m(+23ms)[22m 
[2m22:32:14[22m   [34m├─[39m [2m/weapons/scythe-of-thag/index.html[22m [2m(+22ms)[22m 
[2m22:32:14[22m   [34m├─[39m [2m/weapons/seasalt-cutlass/index.html[22m [2m(+23ms)[22m 
[2m22:32:14[22m   [34m├─[39m [2m/weapons/serpent-man-daggers/index.html[22m [2m(+23ms)[22m 
[2m22:32:14[22m   [34m├─[39m [2m/weapons/serpent-man-javelin/index.html[22m [2m(+22ms)[22m 
[2m22:32:14[22m   [34m├─[39m [2m/weapons/serpent-man-mace/index.html[22m [2m(+22ms)[22m 
[2m22:32:14[22m   [34m├─[39m [2m/weapons/serpent-man-shield/index.html[22m [2m(+23ms)[22m 
[2m22:32:14[22m   [34m├─[39m [2m/weapons/serpent-man-sword/index.html[22m [2m(+23ms)[22m 
[2m22:32:14[22m   [34m├─[39m [2m/weapons/serpent-man-throwing-axe/index.html[22m [2m(+22ms)[22m 
[2m22:32:14[22m   [34m├─[39m [2m/weapons/serpent-man-war-spear/index.html[22m [2m(+22ms)[22m 
[2m22:32:14[22m   [34m├─[39m [2m/weapons/serpent-man-war-axe/index.html[22m [2m(+23ms)[22m 
[2m22:32:14[22m   [34m├─[39m [2m/weapons/serpent-man-warhammer/index.html[22m [2m(+23ms)[22m 
[2m22:32:14[22m   [34m├─[39m [2m/weapons/serpent-stamped-khopesh/index.html[22m [2m(+23ms)[22m 
[2m22:32:15[22m   [34m├─[39m [2m/weapons/serpentes-chakram/index.html[22m [2m(+22ms)[22m 
[2m22:32:15[22m   [34m├─[39m [2m/weapons/serpentes-daggers/index.html[22m [2m(+23ms)[22m 
[2m22:32:15[22m   [34m├─[39m [2m/weapons/serpentes-sword/index.html[22m [2m(+22ms)[22m 
[2m22:32:15[22m   [34m├─[39m [2m/weapons/sets-tongue/index.html[22m [2m(+22ms)[22m 
[2m22:32:15[22m   [34m├─[39m [2m/weapons/setite-shield/index.html[22m [2m(+23ms)[22m 
[2m22:32:15[22m   [34m├─[39m [2m/weapons/severed-arm/index.html[22m [2m(+22ms)[22m 
[2m22:32:15[22m   [34m├─[39m [2m/weapons/severed-leg/index.html[22m [2m(+23ms)[22m 
[2m22:32:15[22m   [34m├─[39m [2m/weapons/severer/index.html[22m [2m(+22ms)[22m 
[2m22:32:15[22m   [34m├─[39m [2m/weapons/shadows-bite/index.html[22m [2m(+23ms)[22m 
[2m22:32:15[22m   [34m├─[39m [2m/weapons/shadows-sting/index.html[22m [2m(+22ms)[22m 
[2m22:32:15[22m   [34m├─[39m [2m/weapons/shark-bite/index.html[22m [2m(+22ms)[22m 
[2m22:32:15[22m   [34m├─[39m [2m/weapons/sharp-iron-sword/index.html[22m [2m(+23ms)[22m 
[2m22:32:15[22m   [34m├─[39m [2m/weapons/shell-shield/index.html[22m [2m(+23ms)[22m 
[2m22:32:15[22m   [34m├─[39m [2m/weapons/shemite-mercenary-mace/index.html[22m [2m(+22ms)[22m 
[2m22:32:15[22m   [34m├─[39m [2m/weapons/shemite-mercenary-mace-epic/index.html[22m [2m(+23ms)[22m 
[2m22:32:15[22m   [34m├─[39m [2m/weapons/shemite-mercenary-shield/index.html[22m [2m(+23ms)[22m 
[2m22:32:15[22m   [34m├─[39m [2m/weapons/shemite-mercenary-shield-epic/index.html[22m [2m(+24ms)[22m 
[2m22:32:15[22m   [34m├─[39m [2m/weapons/shield-of-kutamun/index.html[22m [2m(+23ms)[22m 
[2m22:32:15[22m   [34m├─[39m [2m/weapons/shield-of-stone-oak/index.html[22m [2m(+22ms)[22m 
[2m22:32:15[22m   [34m├─[39m [2m/weapons/shield-of-zabweth/index.html[22m [2m(+22ms)[22m 
[2m22:32:15[22m   [34m├─[39m [2m/weapons/shield-of-the-grey-ones/index.html[22m [2m(+24ms)[22m 
[2m22:32:15[22m   [34m├─[39m [2m/weapons/shines-like-silver/index.html[22m [2m(+23ms)[22m 
[2m22:32:15[22m   [34m├─[39m [2m/weapons/shines-like-silver-epic/index.html[22m [2m(+24ms)[22m 
[2m22:32:15[22m   [34m├─[39m [2m/weapons/short-sword-of-the-legion/index.html[22m [2m(+23ms)[22m 
[2m22:32:15[22m   [34m├─[39m [2m/weapons/short-sword-of-the-legion-epic/index.html[22m [2m(+23ms)[22m 
[2m22:32:15[22m   [34m├─[39m [2m/weapons/short-sword-of-prince-kraxus/index.html[22m [2m(+23ms)[22m 
[2m22:32:15[22m   [34m├─[39m [2m/weapons/shortsword-of-the-grey-ones/index.html[22m [2m(+23ms)[22m 
[2m22:32:15[22m   [34m├─[39m [2m/weapons/siege-boulder/index.html[22m [2m(+23ms)[22m 
[2m22:32:15[22m   [34m├─[39m [2m/weapons/silent-slash/index.html[22m [2m(+23ms)[22m 
[2m22:32:15[22m   [34m├─[39m [2m/weapons/simms-khopesh/index.html[22m [2m(+22ms)[22m 
[2m22:32:15[22m   [34m├─[39m [2m/weapons/skada/index.html[22m [2m(+23ms)[22m 
[2m22:32:15[22m   [34m├─[39m [2m/weapons/slayers-blades/index.html[22m [2m(+23ms)[22m 
[2m22:32:15[22m   [34m├─[39m [2m/weapons/slayers-blades-epic/index.html[22m [2m(+24ms)[22m 
[2m22:32:15[22m   [34m├─[39m [2m/weapons/sledge-of-tsotha-lanti/index.html[22m [2m(+22ms)[22m 
[2m22:32:15[22m   [34m├─[39m [2m/weapons/smelted-iron-siege-boulder/index.html[22m [2m(+23ms)[22m 
[2m22:32:15[22m   [34m├─[39m [2m/weapons/snakebite/index.html[22m [2m(+23ms)[22m 
[2m22:32:15[22m   [34m├─[39m [2m/weapons/solspeil/index.html[22m [2m(+23ms)[22m 
[2m22:32:15[22m   [34m├─[39m [2m/weapons/song-of-the-minstrel/index.html[22m [2m(+24ms)[22m 
[2m22:32:15[22m   [34m├─[39m [2m/weapons/song-of-iron/index.html[22m [2m(+23ms)[22m 
[2m22:32:15[22m   [34m├─[39m [2m/weapons/song-of-iron-epic/index.html[22m [2m(+23ms)[22m 
[2m22:32:15[22m   [34m├─[39m [2m/weapons/sorcerers-great-axe/index.html[22m [2m(+22ms)[22m 
[2m22:32:15[22m   [34m├─[39m [2m/weapons/sorcerers-great-axe-epic/index.html[22m [2m(+23ms)[22m 
[2m22:32:15[22m   [34m├─[39m [2m/weapons/sovereign/index.html[22m [2m(+23ms)[22m 
[2m22:32:15[22m   [34m├─[39m [2m/weapons/sovereign-epic/index.html[22m [2m(+22ms)[22m 
[2m22:32:16[22m   [34m├─[39m [2m/weapons/spear-of-nergal/index.html[22m [2m(+22ms)[22m 
[2m22:32:16[22m   [34m├─[39m [2m/weapons/spear-of-the-grey-ones/index.html[22m [2m(+23ms)[22m 
[2m22:32:16[22m   [34m├─[39m [2m/weapons/specters-bane/index.html[22m [2m(+23ms)[22m 
[2m22:32:16[22m   [34m├─[39m [2m/weapons/spectral-axe/index.html[22m [2m(+23ms)[22m 
[2m22:32:16[22m   [34m├─[39m [2m/weapons/spectral-sword-variant-a/index.html[22m [2m(+23ms)[22m 
[2m22:32:16[22m   [34m├─[39m [2m/weapons/spectral-sword-variant-b/index.html[22m [2m(+22ms)[22m 
[2m22:32:16[22m   [34m├─[39m [2m/weapons/spiked-short-sword/index.html[22m [2m(+23ms)[22m 
[2m22:32:16[22m   [34m├─[39m [2m/weapons/spire/index.html[22m [2m(+22ms)[22m 
[2m22:32:16[22m   [34m├─[39m [2m/weapons/spire-epic/index.html[22m [2m(+22ms)[22m 
[2m22:32:16[22m   [34m├─[39m [2m/weapons/splinter/index.html[22m [2m(+22ms)[22m 
[2m22:32:16[22m   [34m├─[39m [2m/weapons/staff-of-hanuman/index.html[22m [2m(+22ms)[22m 
[2m22:32:16[22m   [34m├─[39m [2m/weapons/star-metal-ballista-ball/index.html[22m [2m(+23ms)[22m 
[2m22:32:16[22m   [34m├─[39m [2m/weapons/star-metal-ballista-bolt/index.html[22m [2m(+23ms)[22m 
[2m22:32:16[22m   [34m├─[39m [2m/weapons/star-metal-bolt/index.html[22m [2m(+23ms)[22m 
[2m22:32:16[22m   [34m├─[39m [2m/weapons/star-metal-bolts/index.html[22m [2m(+23ms)[22m 
[2m22:32:16[22m   [34m├─[39m [2m/weapons/star-metal-bow/index.html[22m [2m(+23ms)[22m 
[2m22:32:16[22m   [34m├─[39m [2m/weapons/star-metal-daggers/index.html[22m [2m(+23ms)[22m 
[2m22:32:16[22m   [34m├─[39m [2m/weapons/star-metal-great-axe/index.html[22m [2m(+23ms)[22m 
[2m22:32:16[22m   [34m├─[39m [2m/weapons/star-metal-great-sword/index.html[22m [2m(+23ms)[22m 
[2m22:32:16[22m   [34m├─[39m [2m/weapons/star-metal-hammer/index.html[22m [2m(+23ms)[22m 
[2m22:32:16[22m   [34m├─[39m [2m/weapons/star-metal-mace/index.html[22m [2m(+23ms)[22m 
[2m22:32:16[22m   [34m├─[39m [2m/weapons/star-metal-shield/index.html[22m [2m(+23ms)[22m 
[2m22:32:16[22m   [34m├─[39m [2m/weapons/star-metal-short-sword/index.html[22m [2m(+22ms)[22m 
[2m22:32:16[22m   [34m├─[39m [2m/weapons/star-metal-spear/index.html[22m [2m(+23ms)[22m 
[2m22:32:16[22m   [34m├─[39m [2m/weapons/star-metal-sword/index.html[22m [2m(+23ms)[22m 
[2m22:32:16[22m   [34m├─[39m [2m/weapons/star-metal-throwing-axe/index.html[22m [2m(+23ms)[22m 
[2m22:32:16[22m   [34m├─[39m [2m/weapons/star-metal-war-axe/index.html[22m [2m(+23ms)[22m 
[2m22:32:16[22m   [34m├─[39m [2m/weapons/steel-battle-axe/index.html[22m [2m(+23ms)[22m 
[2m22:32:16[22m   [34m├─[39m [2m/weapons/steel-greatsword/index.html[22m [2m(+23ms)[22m 
[2m22:32:16[22m   [34m├─[39m [2m/weapons/steel-heater-shield/index.html[22m [2m(+23ms)[22m 
[2m22:32:16[22m   [34m├─[39m [2m/weapons/steel-javelin/index.html[22m [2m(+23ms)[22m 
[2m22:32:16[22m   [34m├─[39m [2m/weapons/steel-longsword/index.html[22m [2m(+23ms)[22m 
[2m22:32:16[22m   [34m├─[39m [2m/weapons/steel-mace-variant-a/index.html[22m [2m(+23ms)[22m 
[2m22:32:16[22m   [34m├─[39m [2m/weapons/steel-mace-variant-b/index.html[22m [2m(+23ms)[22m 
[2m22:32:16[22m   [34m├─[39m [2m/weapons/steel-poniards-variant-a/index.html[22m [2m(+23ms)[22m 
[2m22:32:16[22m   [34m├─[39m [2m/weapons/steel-poniards-variant-b/index.html[22m [2m(+23ms)[22m 
[2m22:32:16[22m   [34m├─[39m [2m/weapons/steel-punching-daggers/index.html[22m [2m(+23ms)[22m 
[2m22:32:16[22m   [34m├─[39m [2m/weapons/steel-short-sword/index.html[22m [2m(+23ms)[22m 
[2m22:32:16[22m   [34m├─[39m [2m/weapons/steel-spear-variant-a/index.html[22m [2m(+23ms)[22m 
[2m22:32:16[22m   [34m├─[39m [2m/weapons/steel-spear-variant-b/index.html[22m [2m(+23ms)[22m 
[2m22:32:16[22m   [34m├─[39m [2m/weapons/steel-throwing-axe/index.html[22m [2m(+23ms)[22m 
[2m22:32:16[22m   [34m├─[39m [2m/weapons/steel-trident/index.html[22m [2m(+23ms)[22m 
[2m22:32:16[22m   [34m├─[39m [2m/weapons/steel-warhammer-variant-a/index.html[22m [2m(+23ms)[22m 
[2m22:32:17[22m   [34m├─[39m [2m/weapons/steel-warhammer-variant-b/index.html[22m [2m(+23ms)[22m 
[2m22:32:17[22m   [34m├─[39m [2m/weapons/stone-ballista-ball/index.html[22m [2m(+22ms)[22m 
[2m22:32:17[22m   [34m├─[39m [2m/weapons/stone-ballista-bolt/index.html[22m [2m(+22ms)[22m 
[2m22:32:17[22m   [34m├─[39m [2m/weapons/stone-club/index.html[22m [2m(+22ms)[22m 
[2m22:32:17[22m   [34m├─[39m [2m/weapons/stone-daggers/index.html[22m [2m(+23ms)[22m 
[2m22:32:17[22m   [34m├─[39m [2m/weapons/stone-maul/index.html[22m [2m(+23ms)[22m 
[2m22:32:17[22m   [34m├─[39m [2m/weapons/stone-pike/index.html[22m [2m(+22ms)[22m 
[2m22:32:17[22m   [34m├─[39m [2m/weapons/stone-spear/index.html[22m [2m(+22ms)[22m 
[2m22:32:17[22m   [34m├─[39m [2m/weapons/stone-sword/index.html[22m [2m(+22ms)[22m 
[2m22:32:17[22m   [34m├─[39m [2m/weapons/stone-throwing-axe/index.html[22m [2m(+23ms)[22m 
[2m22:32:17[22m   [34m├─[39m [2m/weapons/strange-mace/index.html[22m [2m(+23ms)[22m 
[2m22:32:17[22m   [34m├─[39m [2m/weapons/strange-mace-epic/index.html[22m [2m(+23ms)[22m 
[2m22:32:17[22m   [34m├─[39m [2m/weapons/strangely-familiar-axe/index.html[22m [2m(+22ms)[22m 
[2m22:32:17[22m   [34m├─[39m [2m/weapons/string-of-the-legion/index.html[22m [2m(+23ms)[22m 
[2m22:32:17[22m   [34m├─[39m [2m/weapons/string-of-the-legion-epic/index.html[22m [2m(+22ms)[22m 
[2m22:32:17[22m   [34m├─[39m [2m/weapons/strong-lance/index.html[22m [2m(+22ms)[22m 
[2m22:32:17[22m   [34m├─[39m [2m/weapons/studded-iron-mace/index.html[22m [2m(+22ms)[22m 
[2m22:32:17[22m   [34m├─[39m [2m/weapons/sturdy-bone-bow/index.html[22m [2m(+22ms)[22m 
[2m22:32:17[22m   [34m├─[39m [2m/weapons/stygian-commander-khopesh/index.html[22m [2m(+22ms)[22m 
[2m22:32:17[22m   [34m├─[39m [2m/weapons/stygian-commander-khopesh-epic/index.html[22m [2m(+23ms)[22m 
[2m22:32:17[22m   [34m├─[39m [2m/weapons/stygian-commander-shield/index.html[22m [2m(+22ms)[22m 
[2m22:32:17[22m   [34m├─[39m [2m/weapons/stygian-commander-shield-epic/index.html[22m [2m(+23ms)[22m 
[2m22:32:17[22m   [34m├─[39m [2m/weapons/stygian-khopesh-variant-a/index.html[22m [2m(+23ms)[22m 
[2m22:32:17[22m   [34m├─[39m [2m/weapons/stygian-khopesh-variant-b/index.html[22m [2m(+23ms)[22m 
[2m22:32:17[22m   [34m├─[39m [2m/weapons/stygian-shield/index.html[22m [2m(+23ms)[22m 
[2m22:32:17[22m   [34m├─[39m [2m/weapons/stygian-sorcerer-arcane-focus/index.html[22m [2m(+22ms)[22m 
[2m22:32:17[22m   [34m├─[39m [2m/weapons/stygian-spear/index.html[22m [2m(+23ms)[22m 
[2m22:32:17[22m   [34m├─[39m [2m/weapons/sunburn/index.html[22m [2m(+22ms)[22m 
[2m22:32:17[22m   [34m├─[39m [2m/weapons/sunburn-epic/index.html[22m [2m(+23ms)[22m 
[2m22:32:17[22m   [34m├─[39m [2m/weapons/surprise-blow/index.html[22m [2m(+23ms)[22m 
[2m22:32:17[22m   [34m├─[39m [2m/weapons/surprise-blow-epic/index.html[22m [2m(+23ms)[22m 
[2m22:32:17[22m   [34m├─[39m [2m/weapons/survivors-axe/index.html[22m [2m(+23ms)[22m 
[2m22:32:17[22m   [34m├─[39m [2m/weapons/survivors-axe-epic/index.html[22m [2m(+22ms)[22m 
[2m22:32:17[22m   [34m├─[39m [2m/weapons/swift-blow/index.html[22m [2m(+23ms)[22m 
[2m22:32:17[22m   [34m├─[39m [2m/weapons/swift-blow-epic/index.html[22m [2m(+23ms)[22m 
[2m22:32:17[22m   [34m├─[39m [2m/weapons/sword-of-champions/index.html[22m [2m(+22ms)[22m 
[2m22:32:17[22m   [34m├─[39m [2m/weapons/sword-of-crom/index.html[22m [2m(+22ms)[22m 
[2m22:32:17[22m   [34m├─[39m [2m/weapons/sword-of-nruka/index.html[22m [2m(+23ms)[22m 
[2m22:32:17[22m   [34m├─[39m [2m/weapons/sword-of-nergal/index.html[22m [2m(+22ms)[22m 
[2m22:32:17[22m   [34m├─[39m [2m/weapons/sword-of-the-brood-guard/index.html[22m [2m(+22ms)[22m 
[2m22:32:17[22m   [34m├─[39m [2m/weapons/sword-of-the-grey-ones/index.html[22m [2m(+22ms)[22m 
[2m22:32:17[22m   [34m├─[39m [2m/weapons/sword-of-the-legion/index.html[22m [2m(+23ms)[22m 
[2m22:32:17[22m   [34m├─[39m [2m/weapons/sword-of-the-legion-epic/index.html[22m [2m(+22ms)[22m 
[2m22:32:17[22m   [34m├─[39m [2m/weapons/sword-of-the-outer-dark/index.html[22m [2m(+22ms)[22m 
[2m22:32:17[22m   [34m├─[39m [2m/weapons/sword-of-the-reaver/index.html[22m [2m(+23ms)[22m 
[2m22:32:18[22m   [34m├─[39m [2m/weapons/sword-of-the-reaver-epic/index.html[22m [2m(+22ms)[22m 
[2m22:32:18[22m   [34m├─[39m [2m/weapons/table-leg/index.html[22m [2m(+22ms)[22m 
[2m22:32:18[22m   [34m├─[39m [2m/weapons/talons-of-karmanthes/index.html[22m [2m(+22ms)[22m 
[2m22:32:18[22m   [34m├─[39m [2m/weapons/talons-of-karmanthes-epic/index.html[22m [2m(+22ms)[22m 
[2m22:32:18[22m   [34m├─[39m [2m/weapons/tarnished-short-sword/index.html[22m [2m(+22ms)[22m 
[2m22:32:18[22m   [34m├─[39m [2m/weapons/tarnished-short-sword-epic/index.html[22m [2m(+23ms)[22m 
[2m22:32:18[22m   [34m├─[39m [2m/weapons/tavern-guard-axe/index.html[22m [2m(+22ms)[22m 
[2m22:32:18[22m   [34m├─[39m [2m/weapons/tavern-guard-axe-epic/index.html[22m [2m(+22ms)[22m 
[2m22:32:18[22m   [34m├─[39m [2m/weapons/tavern-guard-bow/index.html[22m [2m(+22ms)[22m 
[2m22:32:18[22m   [34m├─[39m [2m/weapons/tavern-guard-bow-epic/index.html[22m [2m(+23ms)[22m 
[2m22:32:18[22m   [34m├─[39m [2m/weapons/tavern-guard-shield/index.html[22m [2m(+22ms)[22m 
[2m22:32:18[22m   [34m├─[39m [2m/weapons/tavern-guard-shield-epic/index.html[22m [2m(+22ms)[22m 
[2m22:32:18[22m   [34m├─[39m [2m/weapons/teliths-lament-epic-variant-a/index.html[22m [2m(+23ms)[22m 
[2m22:32:18[22m   [34m├─[39m [2m/weapons/teliths-lament-epic-variant-b/index.html[22m [2m(+22ms)[22m 
[2m22:32:18[22m   [34m├─[39m [2m/weapons/teliths-sorrow/index.html[22m [2m(+22ms)[22m 
[2m22:32:18[22m   [34m├─[39m [2m/weapons/the-annoying-shard/index.html[22m [2m(+23ms)[22m 
[2m22:32:18[22m   [34m├─[39m [2m/weapons/the-annoying-shard-epic/index.html[22m [2m(+23ms)[22m 
[2m22:32:18[22m   [34m├─[39m [2m/weapons/the-bane-of-khosatral-khel/index.html[22m [2m(+23ms)[22m 
[2m22:32:18[22m   [34m├─[39m [2m/weapons/the-beak/index.html[22m [2m(+23ms)[22m 
[2m22:32:18[22m   [34m├─[39m [2m/weapons/the-black-phalanx/index.html[22m [2m(+23ms)[22m 
[2m22:32:18[22m   [34m├─[39m [2m/weapons/the-brittle-bastard/index.html[22m [2m(+22ms)[22m 
[2m22:32:18[22m   [34m├─[39m [2m/weapons/the-festering-one/index.html[22m [2m(+22ms)[22m 
[2m22:32:18[22m   [34m├─[39m [2m/weapons/the-glasser/index.html[22m [2m(+23ms)[22m 
[2m22:32:18[22m   [34m├─[39m [2m/weapons/the-grim/index.html[22m [2m(+22ms)[22m 
[2m22:32:18[22m   [34m├─[39m [2m/weapons/the-huntress/index.html[22m [2m(+23ms)[22m 
[2m22:32:18[22m   [34m├─[39m [2m/weapons/the-impaler/index.html[22m [2m(+22ms)[22m 
[2m22:32:18[22m   [34m├─[39m [2m/weapons/the-mallet/index.html[22m [2m(+23ms)[22m 
[2m22:32:18[22m   [34m├─[39m [2m/weapons/the-oak/index.html[22m [2m(+23ms)[22m 
[2m22:32:18[22m   [34m├─[39m [2m/weapons/the-oak-epic/index.html[22m [2m(+23ms)[22m 
[2m22:32:18[22m   [34m├─[39m [2m/weapons/the-papyrus-blade/index.html[22m [2m(+23ms)[22m 
[2m22:32:18[22m   [34m├─[39m [2m/weapons/the-predatory-blade/index.html[22m [2m(+22ms)[22m 
[2m22:32:18[22m   [34m├─[39m [2m/weapons/the-shank/index.html[22m [2m(+22ms)[22m 
[2m22:32:18[22m   [34m├─[39m [2m/weapons/the-staff-of-epemitreus/index.html[22m [2m(+23ms)[22m 
[2m22:32:18[22m   [34m├─[39m [2m/weapons/the-tenderizer/index.html[22m [2m(+22ms)[22m 
[2m22:32:18[22m   [34m├─[39m [2m/weapons/the-unintelligible/index.html[22m [2m(+22ms)[22m 
[2m22:32:18[22m   [34m├─[39m [2m/weapons/the-watchblade/index.html[22m [2m(+23ms)[22m 
[2m22:32:18[22m   [34m├─[39m [2m/weapons/the-wightblade/index.html[22m [2m(+22ms)[22m 
[2m22:32:18[22m   [34m├─[39m [2m/weapons/the-wyrd/index.html[22m [2m(+22ms)[22m 
[2m22:32:18[22m   [34m├─[39m [2m/weapons/thrashing-maul/index.html[22m [2m(+23ms)[22m 
[2m22:32:18[22m   [34m├─[39m [2m/weapons/thrashing-maul-epic/index.html[22m [2m(+23ms)[22m 
[2m22:32:18[22m   [34m├─[39m [2m/weapons/throwing-axe/index.html[22m [2m(+24ms)[22m 
[2m22:32:18[22m   [34m├─[39m [2m/weapons/throwing-axe-of-nergal/index.html[22m [2m(+23ms)[22m 
[2m22:32:18[22m   [34m├─[39m [2m/weapons/throwing-chakram/index.html[22m [2m(+22ms)[22m 
[2m22:32:18[22m   [34m├─[39m [2m/weapons/thunnha-javelin/index.html[22m [2m(+23ms)[22m 
[2m22:32:19[22m   [34m├─[39m [2m/weapons/titans-fingernail/index.html[22m [2m(+23ms)[22m 
[2m22:32:19[22m   [34m├─[39m [2m/weapons/titans-fingernail-epic/index.html[22m [2m(+23ms)[22m 
[2m22:32:19[22m   [34m├─[39m [2m/weapons/transferrance/index.html[22m [2m(+22ms)[22m 
[2m22:32:19[22m   [34m├─[39m [2m/weapons/transferrance-epic/index.html[22m [2m(+22ms)[22m 
[2m22:32:19[22m   [34m├─[39m [2m/weapons/trollbane/index.html[22m [2m(+23ms)[22m 
[2m22:32:19[22m   [34m├─[39m [2m/weapons/tulwar-of-amir-khurum/index.html[22m [2m(+22ms)[22m 
[2m22:32:19[22m   [34m├─[39m [2m/weapons/tundra/index.html[22m [2m(+22ms)[22m 
[2m22:32:19[22m   [34m├─[39m [2m/weapons/tundra-epic/index.html[22m [2m(+23ms)[22m 
[2m22:32:19[22m   [34m├─[39m [2m/weapons/turanian-axe/index.html[22m [2m(+22ms)[22m 
[2m22:32:19[22m   [34m├─[39m [2m/weapons/turanian-axe-epic/index.html[22m [2m(+23ms)[22m 
[2m22:32:19[22m   [34m├─[39m [2m/weapons/turanian-bow/index.html[22m [2m(+23ms)[22m 
[2m22:32:19[22m   [34m├─[39m [2m/weapons/turanian-bow-epic/index.html[22m [2m(+23ms)[22m 
[2m22:32:19[22m   [34m├─[39m [2m/weapons/turanian-composite-bow/index.html[22m [2m(+24ms)[22m 
[2m22:32:19[22m   [34m├─[39m [2m/weapons/turanian-composite-bow-epic/index.html[22m [2m(+23ms)[22m 
[2m22:32:19[22m   [34m├─[39m [2m/weapons/turanian-daggers/index.html[22m [2m(+23ms)[22m 
[2m22:32:19[22m   [34m├─[39m [2m/weapons/turanian-daggers-epic/index.html[22m [2m(+22ms)[22m 
[2m22:32:19[22m   [34m├─[39m [2m/weapons/turanian-great-sword/index.html[22m [2m(+23ms)[22m 
[2m22:32:19[22m   [34m├─[39m [2m/weapons/turanian-great-sword-epic/index.html[22m [2m(+23ms)[22m 
[2m22:32:19[22m   [34m├─[39m [2m/weapons/turanian-mace/index.html[22m [2m(+23ms)[22m 
[2m22:32:19[22m   [34m├─[39m [2m/weapons/turanian-mace-epic/index.html[22m [2m(+23ms)[22m 
[2m22:32:19[22m   [34m├─[39m [2m/weapons/turanian-nomad-scimitar/index.html[22m [2m(+23ms)[22m 
[2m22:32:19[22m   [34m├─[39m [2m/weapons/turanian-nomad-scimitar-epic/index.html[22m [2m(+22ms)[22m 
[2m22:32:19[22m   [34m├─[39m [2m/weapons/turanian-nomad-spear/index.html[22m [2m(+24ms)[22m 
[2m22:32:19[22m   [34m├─[39m [2m/weapons/turanian-nomad-spear-epic/index.html[22m [2m(+24ms)[22m 
[2m22:32:19[22m   [34m├─[39m [2m/weapons/turanian-pike/index.html[22m [2m(+23ms)[22m 
[2m22:32:19[22m   [34m├─[39m [2m/weapons/turanian-pike-epic/index.html[22m [2m(+22ms)[22m 
[2m22:32:19[22m   [34m├─[39m [2m/weapons/turanian-shield/index.html[22m [2m(+22ms)[22m 
[2m22:32:19[22m   [34m├─[39m [2m/weapons/turanian-shield-epic/index.html[22m [2m(+22ms)[22m 
[2m22:32:19[22m   [34m├─[39m [2m/weapons/turanian-sword/index.html[22m [2m(+22ms)[22m 
[2m22:32:19[22m   [34m├─[39m [2m/weapons/turanian-sword-epic/index.html[22m [2m(+23ms)[22m 
[2m22:32:19[22m   [34m├─[39m [2m/weapons/turanian-war-axe/index.html[22m [2m(+23ms)[22m 
[2m22:32:19[22m   [34m├─[39m [2m/weapons/turanian-war-axe-epic/index.html[22m [2m(+22ms)[22m 
[2m22:32:19[22m   [34m├─[39m [2m/weapons/turanian-warhammer/index.html[22m [2m(+22ms)[22m 
[2m22:32:19[22m   [34m├─[39m [2m/weapons/turanian-warhammer-epic/index.html[22m [2m(+23ms)[22m 
[2m22:32:19[22m   [34m├─[39m [2m/weapons/twice-upon-an-arrow/index.html[22m [2m(+22ms)[22m 
[2m22:32:19[22m   [34m├─[39m [2m/weapons/twice-upon-an-arrow-epic/index.html[22m [2m(+22ms)[22m 
[2m22:32:19[22m   [34m├─[39m [2m/weapons/twin-light/index.html[22m [2m(+23ms)[22m 
[2m22:32:19[22m   [34m├─[39m [2m/weapons/twin-bladed-short-sword/index.html[22m [2m(+22ms)[22m 
[2m22:32:19[22m   [34m├─[39m [2m/weapons/two-handed-hardened-steel-great-axe/index.html[22m [2m(+22ms)[22m 
[2m22:32:19[22m   [34m├─[39m [2m/weapons/two-handed-iron-great-axe/index.html[22m [2m(+23ms)[22m 
[2m22:32:19[22m   [34m├─[39m [2m/weapons/two-handed-iron-sword/index.html[22m [2m(+23ms)[22m 
[2m22:32:19[22m   [34m├─[39m [2m/weapons/two-handed-steel-great-axe/index.html[22m [2m(+23ms)[22m 
[2m22:32:19[22m   [34m├─[39m [2m/weapons/two-handed-steel-sword/index.html[22m [2m(+23ms)[22m 
[2m22:32:19[22m   [34m├─[39m [2m/weapons/two-handed-stone-sword/index.html[22m [2m(+22ms)[22m 
[2m22:32:20[22m   [34m├─[39m [2m/weapons/universal-mace/index.html[22m [2m(+24ms)[22m 
[2m22:32:20[22m   [34m├─[39m [2m/weapons/universal-mace-epic/index.html[22m [2m(+23ms)[22m 
[2m22:32:20[22m   [34m├─[39m [2m/weapons/unwelcome-gift/index.html[22m [2m(+23ms)[22m 
[2m22:32:20[22m   [34m├─[39m [2m/weapons/valerias-sword/index.html[22m [2m(+22ms)[22m 
[2m22:32:20[22m   [34m├─[39m [2m/weapons/vanir-chieftain-hammer/index.html[22m [2m(+23ms)[22m 
[2m22:32:20[22m   [34m├─[39m [2m/weapons/vanir-chieftain-hammer-epic/index.html[22m [2m(+23ms)[22m 
[2m22:32:20[22m   [34m├─[39m [2m/weapons/vanir-chieftain-shield/index.html[22m [2m(+25ms)[22m 
[2m22:32:20[22m   [34m├─[39m [2m/weapons/vanir-chieftain-shield-epic/index.html[22m [2m(+24ms)[22m 
[2m22:32:20[22m   [34m├─[39m [2m/weapons/vanir-shaman-spear/index.html[22m [2m(+23ms)[22m 
[2m22:32:20[22m   [34m├─[39m [2m/weapons/vanir-shaman-spear-epic/index.html[22m [2m(+22ms)[22m 
[2m22:32:20[22m   [34m├─[39m [2m/weapons/vaulting-pole/index.html[22m [2m(+23ms)[22m 
[2m22:32:20[22m   [34m├─[39m [2m/weapons/vein-cut/index.html[22m [2m(+23ms)[22m 
[2m22:32:20[22m   [34m├─[39m [2m/weapons/vein-cut-epic/index.html[22m [2m(+23ms)[22m 
[2m22:32:20[22m   [34m├─[39m [2m/weapons/vendhyan-caravan-trader-axe/index.html[22m [2m(+22ms)[22m 
[2m22:32:20[22m   [34m├─[39m [2m/weapons/vendhyan-caravan-trader-axe-epic/index.html[22m [2m(+23ms)[22m 
[2m22:32:20[22m   [34m├─[39m [2m/weapons/vendhyan-caravan-trader-shield/index.html[22m [2m(+23ms)[22m 
[2m22:32:20[22m   [34m├─[39m [2m/weapons/vendhyan-caravan-trader-shield-epic/index.html[22m [2m(+23ms)[22m 
[2m22:32:20[22m   [34m├─[39m [2m/weapons/vendhyan-caravan-trader-short-sword/index.html[22m [2m(+23ms)[22m 
[2m22:32:20[22m   [34m├─[39m [2m/weapons/vendhyan-caravan-trader-short-sword-epic/index.html[22m [2m(+23ms)[22m 
[2m22:32:20[22m   [34m├─[39m [2m/weapons/vendhyan-caravan-trader-talwar/index.html[22m [2m(+23ms)[22m 
[2m22:32:20[22m   [34m├─[39m [2m/weapons/vendhyan-caravan-trader-talwar-epic/index.html[22m [2m(+23ms)[22m 
[2m22:32:20[22m   [34m├─[39m [2m/weapons/vendhyan-courtly-exile-chakram/index.html[22m [2m(+22ms)[22m 
[2m22:32:20[22m   [34m├─[39m [2m/weapons/vendhyan-courtly-exile-chakram-epic/index.html[22m [2m(+22ms)[22m 
[2m22:32:20[22m   [34m├─[39m [2m/weapons/vendhyan-courtly-exile-daggers/index.html[22m [2m(+22ms)[22m 
[2m22:32:20[22m   [34m├─[39m [2m/weapons/vendhyan-courtly-exile-daggers-epic/index.html[22m [2m(+23ms)[22m 
[2m22:32:20[22m   [34m├─[39m [2m/weapons/vendhyan-courtly-exile-talons---tbd/index.html[22m [2m(+23ms)[22m 
[2m22:32:20[22m   [34m├─[39m [2m/weapons/vendhyan-courtly-exile-talons---tbd-epic/index.html[22m [2m(+23ms)[22m 
[2m22:32:20[22m   [34m├─[39m [2m/weapons/vendhyan-courtly-exile-talwar/index.html[22m [2m(+23ms)[22m 
[2m22:32:20[22m   [34m├─[39m [2m/weapons/vendhyan-courtly-exile-talwar-epic/index.html[22m [2m(+23ms)[22m 
[2m22:32:20[22m   [34m├─[39m [2m/weapons/vendhyan-katar/index.html[22m [2m(+23ms)[22m 
[2m22:32:20[22m   [34m├─[39m [2m/weapons/vendhyan-katar-epic/index.html[22m [2m(+22ms)[22m 
[2m22:32:20[22m   [34m├─[39m [2m/weapons/vendhyan-mystic-bow/index.html[22m [2m(+22ms)[22m 
[2m22:32:20[22m   [34m├─[39m [2m/weapons/vendhyan-mystic-bow-epic/index.html[22m [2m(+24ms)[22m 
[2m22:32:20[22m   [34m├─[39m [2m/weapons/vendhyan-mystic-chakram/index.html[22m [2m(+24ms)[22m 
[2m22:32:20[22m   [34m├─[39m [2m/weapons/vendhyan-mystic-chakram-epic/index.html[22m [2m(+22ms)[22m 
[2m22:32:20[22m   [34m├─[39m [2m/weapons/vendhyan-mystic-daggers/index.html[22m [2m(+22ms)[22m 
[2m22:32:20[22m   [34m├─[39m [2m/weapons/vendhyan-mystic-daggers-epic/index.html[22m [2m(+23ms)[22m 
[2m22:32:20[22m   [34m├─[39m [2m/weapons/vendhyan-mystic-short-sword/index.html[22m [2m(+22ms)[22m 
[2m22:32:20[22m   [34m├─[39m [2m/weapons/vendhyan-mystic-short-sword-epic/index.html[22m [2m(+22ms)[22m 
[2m22:32:20[22m   [34m├─[39m [2m/weapons/vendhyan-mystic-spear/index.html[22m [2m(+23ms)[22m 
[2m22:32:20[22m   [34m├─[39m [2m/weapons/vendhyan-mystic-spear-epic/index.html[22m [2m(+23ms)[22m 
[2m22:32:20[22m   [34m├─[39m [2m/weapons/vendhyan-royal-arms-shield-epic-variant-a/index.html[22m [2m(+23ms)[22m 
[2m22:32:20[22m   [34m├─[39m [2m/weapons/vendhyan-royal-arms-shield-variant-a/index.html[22m [2m(+24ms)[22m 
[2m22:32:21[22m   [34m├─[39m [2m/weapons/venom-infused-daggers/index.html[22m [2m(+23ms)[22m 
[2m22:32:21[22m   [34m├─[39m [2m/weapons/venom-infused-pike/index.html[22m [2m(+23ms)[22m 
[2m22:32:21[22m   [34m├─[39m [2m/weapons/venom-infused-sword/index.html[22m [2m(+22ms)[22m 
[2m22:32:21[22m   [34m├─[39m [2m/weapons/venom-infused-two-handed-sword/index.html[22m [2m(+23ms)[22m 
[2m22:32:21[22m   [34m├─[39m [2m/weapons/venom-infused-war-axe/index.html[22m [2m(+23ms)[22m 
[2m22:32:21[22m   [34m├─[39m [2m/weapons/venomcoated-blade/index.html[22m [2m(+23ms)[22m 
[2m22:32:21[22m   [34m├─[39m [2m/weapons/venomcoated-blade-epic/index.html[22m [2m(+23ms)[22m 
[2m22:32:21[22m   [34m├─[39m [2m/weapons/venomdrenched-gladius/index.html[22m [2m(+23ms)[22m 
[2m22:32:21[22m   [34m├─[39m [2m/weapons/venomdrenched-gladius-epic/index.html[22m [2m(+23ms)[22m 
[2m22:32:21[22m   [34m├─[39m [2m/weapons/voidforge-bow/index.html[22m [2m(+23ms)[22m 
[2m22:32:21[22m   [34m├─[39m [2m/weapons/voidforge-gladius/index.html[22m [2m(+22ms)[22m 
[2m22:32:21[22m   [34m├─[39m [2m/weapons/voidforge-great-axe/index.html[22m [2m(+22ms)[22m 
[2m22:32:21[22m   [34m├─[39m [2m/weapons/voidforge-great-sword/index.html[22m [2m(+23ms)[22m 
[2m22:32:21[22m   [34m├─[39m [2m/weapons/voidforge-katana/index.html[22m [2m(+23ms)[22m 
[2m22:32:21[22m   [34m├─[39m [2m/weapons/voidforge-kris/index.html[22m [2m(+22ms)[22m 
[2m22:32:21[22m   [34m├─[39m [2m/weapons/voidforge-mace/index.html[22m [2m(+23ms)[22m 
[2m22:32:21[22m   [34m├─[39m [2m/weapons/voidforge-pike/index.html[22m [2m(+23ms)[22m 
[2m22:32:21[22m   [34m├─[39m [2m/weapons/voidforge-shield/index.html[22m [2m(+23ms)[22m 
[2m22:32:21[22m   [34m├─[39m [2m/weapons/voidforge-sword/index.html[22m [2m(+22ms)[22m 
[2m22:32:21[22m   [34m├─[39m [2m/weapons/voidforge-war-axe/index.html[22m [2m(+22ms)[22m 
[2m22:32:21[22m   [34m├─[39m [2m/weapons/voidforge-warhammer/index.html[22m [2m(+23ms)[22m 
[2m22:32:21[22m   [34m├─[39m [2m/weapons/war--axe-of-the-legion/index.html[22m [2m(+23ms)[22m 
[2m22:32:21[22m   [34m├─[39m [2m/weapons/war--axe-of-the-legion-epic/index.html[22m [2m(+23ms)[22m 
[2m22:32:21[22m   [34m├─[39m [2m/weapons/war-sickles/index.html[22m [2m(+23ms)[22m 
[2m22:32:21[22m   [34m├─[39m [2m/weapons/war-axe-of-the-warlord/index.html[22m [2m(+24ms)[22m 
[2m22:32:21[22m   [34m├─[39m [2m/weapons/war-axe-of-the-warlord-epic/index.html[22m [2m(+23ms)[22m 
[2m22:32:21[22m   [34m├─[39m [2m/weapons/warhammer-of-the-grey-ones/index.html[22m [2m(+24ms)[22m 
[2m22:32:21[22m   [34m├─[39m [2m/weapons/warhammer-of-the-legion/index.html[22m [2m(+22ms)[22m 
[2m22:32:21[22m   [34m├─[39m [2m/weapons/warhammer-of-the-legion-epic/index.html[22m [2m(+23ms)[22m 
[2m22:32:21[22m   [34m├─[39m [2m/weapons/warlords-hammer/index.html[22m [2m(+23ms)[22m 
[2m22:32:21[22m   [34m├─[39m [2m/weapons/warlords-hammer-epic/index.html[22m [2m(+24ms)[22m 
[2m22:32:21[22m   [34m├─[39m [2m/weapons/warspear-of-the-black-circle/index.html[22m [2m(+23ms)[22m 
[2m22:32:21[22m   [34m├─[39m [2m/weapons/water-orb/index.html[22m [2m(+23ms)[22m 
[2m22:32:21[22m   [34m├─[39m [2m/weapons/well-forged-axe/index.html[22m [2m(+22ms)[22m 
[2m22:32:21[22m   [34m├─[39m [2m/weapons/well-forged-axe-epic/index.html[22m [2m(+23ms)[22m 
[2m22:32:21[22m   [34m├─[39m [2m/weapons/whirlwind-blades/index.html[22m [2m(+22ms)[22m 
[2m22:32:21[22m   [34m├─[39m [2m/weapons/wicked-edge/index.html[22m [2m(+23ms)[22m 
[2m22:32:21[22m   [34m├─[39m [2m/weapons/wicked-edge-epic/index.html[22m [2m(+23ms)[22m 
[2m22:32:21[22m   [34m├─[39m [2m/weapons/wild-swing/index.html[22m [2m(+23ms)[22m 
[2m22:32:21[22m   [34m├─[39m [2m/weapons/wild-swing-epic/index.html[22m [2m(+23ms)[22m 
[2m22:32:21[22m   [34m├─[39m [2m/weapons/wooden-shield/index.html[22m [2m(+23ms)[22m 
[2m22:32:21[22m   [34m├─[39m [2m/weapons/wooden-targe/index.html[22m [2m(+23ms)[22m 
[2m22:32:21[22m   [34m├─[39m [2m/weapons/world-breaker/index.html[22m [2m(+23ms)[22m 
[2m22:32:21[22m   [34m├─[39m [2m/weapons/yakith-spike/index.html[22m [2m(+24ms)[22m 
[2m22:32:22[22m   [34m├─[39m [2m/weapons/yamatai-assassins-blade/index.html[22m [2m(+23ms)[22m 
[2m22:32:22[22m   [34m├─[39m [2m/weapons/yamatai-assassins-blade-epic/index.html[22m [2m(+23ms)[22m 
[2m22:32:22[22m   [34m├─[39m [2m/weapons/yamatai-bow/index.html[22m [2m(+23ms)[22m 
[2m22:32:22[22m   [34m├─[39m [2m/weapons/yamatai-bow-epic/index.html[22m [2m(+22ms)[22m 
[2m22:32:22[22m   [34m├─[39m [2m/weapons/yamatai-katana-epic-variant-a/index.html[22m [2m(+23ms)[22m 
[2m22:32:22[22m   [34m├─[39m [2m/weapons/yamatai-katana-epic-variant-b/index.html[22m [2m(+23ms)[22m 
[2m22:32:22[22m   [34m├─[39m [2m/weapons/yamatai-katana-epic-variant-c/index.html[22m [2m(+23ms)[22m 
[2m22:32:22[22m   [34m├─[39m [2m/weapons/yamatai-katana-epic-variant-d/index.html[22m [2m(+22ms)[22m 
[2m22:32:22[22m   [34m├─[39m [2m/weapons/yamatai-katana-variant-a/index.html[22m [2m(+22ms)[22m 
[2m22:32:22[22m   [34m├─[39m [2m/weapons/yamatai-katana-variant-b/index.html[22m [2m(+23ms)[22m 
[2m22:32:22[22m   [34m├─[39m [2m/weapons/yamatai-katana-variant-c/index.html[22m [2m(+23ms)[22m 
[2m22:32:22[22m   [34m├─[39m [2m/weapons/yamatai-katana-variant-d/index.html[22m [2m(+23ms)[22m 
[2m22:32:22[22m   [34m├─[39m [2m/weapons/yamatai-naginata/index.html[22m [2m(+23ms)[22m 
[2m22:32:22[22m   [34m├─[39m [2m/weapons/yamatai-naginata-epic/index.html[22m [2m(+23ms)[22m 
[2m22:32:22[22m   [34m├─[39m [2m/weapons/yamatai-sai/index.html[22m [2m(+23ms)[22m 
[2m22:32:22[22m   [34m├─[39m [2m/weapons/yamatai-sai-epic/index.html[22m [2m(+23ms)[22m 
[2m22:32:22[22m   [34m├─[39m [2m/weapons/yamatai-samurai-katana/index.html[22m [2m(+22ms)[22m 
[2m22:32:22[22m   [34m├─[39m [2m/weapons/yamatai-samurai-katana-epic/index.html[22m [2m(+23ms)[22m 
[2m22:32:22[22m   [34m├─[39m [2m/weapons/yamatai-shield/index.html[22m [2m(+23ms)[22m 
[2m22:32:22[22m   [34m├─[39m [2m/weapons/yamatai-shield-epic/index.html[22m [2m(+22ms)[22m 
[2m22:32:22[22m   [34m├─[39m [2m/weapons/yamatai-tetsubo/index.html[22m [2m(+22ms)[22m 
[2m22:32:22[22m   [34m├─[39m [2m/weapons/yamatai-tetsubo-epic/index.html[22m [2m(+23ms)[22m 
[2m22:32:22[22m   [34m├─[39m [2m/weapons/yamatai-war-axe/index.html[22m [2m(+23ms)[22m 
[2m22:32:22[22m   [34m├─[39m [2m/weapons/yamatai-war-axe-epic/index.html[22m [2m(+23ms)[22m 
[2m22:32:22[22m   [34m├─[39m [2m/weapons/yamatai-warhammer/index.html[22m [2m(+23ms)[22m 
[2m22:32:22[22m   [34m├─[39m [2m/weapons/yamatai-warhammer-epic/index.html[22m [2m(+22ms)[22m 
[2m22:32:22[22m   [34m├─[39m [2m/weapons/ymirs-targe/index.html[22m [2m(+23ms)[22m 
[2m22:32:22[22m   [34m├─[39m [2m/weapons/yogs-touch/index.html[22m [2m(+23ms)[22m 
[2m22:32:22[22m   [34m├─[39m [2m/weapons/yoggite-bone-spear/index.html[22m [2m(+23ms)[22m 
[2m22:32:22[22m   [34m├─[39m [2m/weapons/yoggite-cudgel/index.html[22m [2m(+22ms)[22m 
[2m22:32:22[22m   [34m├─[39m [2m/weapons/zathite-daggers/index.html[22m [2m(+23ms)[22m 
[2m22:32:22[22m   [34m├─[39m [2m/weapons/zathite-spear/index.html[22m [2m(+23ms)[22m 
[2m22:32:22[22m   [34m├─[39m [2m/weapons/zhaibar-knives/index.html[22m [2m(+22ms)[22m 
[2m22:32:22[22m   [34m├─[39m [2m/weapons/zingaran-mercenary-greatsword/index.html[22m [2m(+23ms)[22m 
[2m22:32:22[22m   [34m├─[39m [2m/weapons/zingaran-mercenary-greatsword-epic/index.html[22m [2m(+22ms)[22m 
[2m22:32:22[22m   [34m├─[39m [2m/weapons/zingaran-mercenary-rapier/index.html[22m [2m(+22ms)[22m 
[2m22:32:22[22m   [34m├─[39m [2m/weapons/zingaran-mercenary-rapier-epic/index.html[22m [2m(+22ms)[22m 
[2m22:32:22[22m   [34m├─[39m [2m/weapons/zingaran-mercenary-shield/index.html[22m [2m(+22ms)[22m 
[2m22:32:22[22m   [34m├─[39m [2m/weapons/zingaran-mercenary-shield-epic/index.html[22m [2m(+23ms)[22m 
[2m22:32:22[22m   [34m├─[39m [2m/weapons/zingaran-mercenary-spear/index.html[22m [2m(+23ms)[22m 
[2m22:32:22[22m   [34m├─[39m [2m/weapons/zingaran-mercenary-spear-epic/index.html[22m [2m(+23ms)[22m 
[2m22:32:22[22m   [34m├─[39m [2m/weapons/zingaran-mercenary-war-axe/index.html[22m [2m(+23ms)[22m 
[2m22:32:22[22m   [34m└─[39m [2m/weapons/zingaran-mercenary-war-axe-epic/index.html[22m [2m(+25ms)[22m 
[2m22:32:22[22m [32m▶[39m src/pages/weapons/index.astro
[2m22:32:22[22m   [34m└─[39m [2m/weapons/index.html[22m [2m(+42ms)[22m 
[2m22:32:23[22m [32m✓ Completed in 103.67s.
[39m
[2m22:32:26[22m [34m[@astrojs/sitemap][39m `sitemap-index.xml` created at `dist`
[2m22:32:26[22m [34m[build][39m 4535 page(s) built in [1m151.87s[22m
[2m22:32:26[22m [34m[build][39m [1mComplete![22m
copied sitemap-0.xml -> sitemap.xml
RC 0
